region,group,group_name,task,n_samples,AEF_R2,PURE_R2,R2_delta,relative_one_minus_R2_improvement_pct,poi_country_name,poi_count,POI_M,population,status,macroregion,poi_per_1000_people,continent,population_n_samples,sample_filter_ok,plot_ok
africa,AGO,Angola,gdp,10414,0.8537230729999999,0.9079178928,0.0541948197999999,37.04946563445371,Angola,32609,0.032609,37312855.99334459,ok,africa,0.8739347104873557,Africa,1023777,True,True
africa,AGO,Angola,lst,10290,0.9201813338,0.928596127,0.0084147931999998,10.54238764014806,Angola,32609,0.032609,37312855.99334459,ok,africa,0.8739347104873557,Africa,1023777,True,True
africa,AGO,Angola,ntl,41736,0.6781259655999999,0.6993499992000001,0.0212240336000001,6.593894297675641,Angola,32609,0.032609,37312855.99334459,ok,africa,0.8739347104873557,Africa,1023777,True,True
africa,AGO,Angola,pm25,7172,0.9444852948,0.973160529,0.0286752342,51.65340263754127,Angola,32609,0.032609,37312855.99334459,ok,africa,0.8739347104873557,Africa,1023777,True,True
africa,AGO,Angola,pop,1023777,0.9009787322,0.9247517944,0.0237730622,24.008036584641733,Angola,32609,0.032609,37312855.99334459,ok,africa,0.8739347104873557,Africa,1023777,True,True
africa,BDI,Burundi,gdp,16291,0.6627892254000001,0.693903935,0.0311147095999999,9.227080491988517,Burundi,3257,0.003257,13874901.001690311,ok,africa,0.2347404136147144,Africa,1616759,True,True
africa,BDI,Burundi,lst,16293,0.9397757292,0.9425801396,0.0028044104000001,4.656611633062932,Burundi,3257,0.003257,13874901.001690311,ok,africa,0.2347404136147144,Africa,1616759,True,True
africa,BDI,Burundi,ntl,65006,0.858835423,0.8684017061999999,0.0095662831999998,6.77668817723292,Burundi,3257,0.003257,13874901.001690311,ok,africa,0.2347404136147144,Africa,1616759,True,True
africa,BDI,Burundi,pm25,11210,0.9610707998,0.9713037132,0.0102329133999998,26.285958476999237,Burundi,3257,0.003257,13874901.001690311,ok,africa,0.2347404136147144,Africa,1616759,True,True
africa,BDI,Burundi,pop,1616759,0.7136331436,0.7986720084,0.0850388648,29.69577760116795,Burundi,3257,0.003257,13874901.001690311,ok,africa,0.2347404136147144,Africa,1616759,True,True
africa,BEN,Benin,gdp,7253,0.8381944298,0.889283514,0.0510890842,31.574366776651324,Benin,8402,0.008402,14287902.999425158,ok,africa,0.5880499048977331,Africa,717272,True,True
africa,BEN,Benin,lst,7211,0.9025579096,0.91948694,0.0169290304,17.373426955955402,Benin,8402,0.008402,14287902.999425158,ok,africa,0.5880499048977331,Africa,717272,True,True
africa,BEN,Benin,ntl,29276,0.8307757496000001,0.8891310098,0.0583552601999999,34.48398209007517,Benin,8402,0.008402,14287902.999425158,ok,africa,0.5880499048977331,Africa,717272,True,True
africa,BEN,Benin,pm25,5072,0.9540103672,0.9764884234,0.0224780561999998,48.87635502060352,Benin,8402,0.008402,14287902.999425158,ok,africa,0.5880499048977331,Africa,717272,True,True
africa,BEN,Benin,pop,717272,0.9352820636,0.9390825392,0.0038004755999998,5.872368328480664,Benin,8402,0.008402,14287902.999425158,ok,africa,0.5880499048977331,Africa,717272,True,True
africa,BFA,Burkina Faso,gdp,14961,0.921371794,0.9433412792,0.0219694851999999,27.94097222566668,Burkina Faso,10144,0.010144,23285916.000411004,ok,africa,0.4356281281707344,Africa,1491512,True,True
africa,BFA,Burkina Faso,lst,14896,0.7378906368,0.7632786154,0.0253879785999999,9.686025058413469,Burkina Faso,10144,0.010144,23285916.000411004,ok,africa,0.4356281281707344,Africa,1491512,True,True
africa,BFA,Burkina Faso,ntl,59785,0.8591330766,0.870735979,0.0116029023999999,8.23678271658764,Burkina Faso,10144,0.010144,23285916.000411004,ok,africa,0.4356281281707344,Africa,1491512,True,True
africa,BFA,Burkina Faso,pm25,10405,0.9173837542,0.9567480203999998,0.0393642661999997,47.64712535509548,Burkina Faso,10144,0.010144,23285916.000411004,ok,africa,0.4356281281707344,Africa,1491512,True,True
africa,BFA,Burkina Faso,pop,1491512,0.8945984482,0.9037802698,0.0091818216,8.711277436809075,Burkina Faso,10144,0.010144,23285916.000411004,ok,africa,0.4356281281707344,Africa,1491512,True,True
africa,BWA,Botswana,gdp,2174,0.5234846473999999,0.630812359,0.1073277116000001,22.52345302504742,Botswana,12582,0.012582,2500552.018129018,ok,africa,5.031688966588345,Africa,218076,True,True
africa,BWA,Botswana,lst,2169,0.90560658,0.9123923658,0.0067857857999998,7.188833501318091,Botswana,12582,0.012582,2500552.018129018,ok,africa,5.031688966588345,Africa,218076,True,True
africa,BWA,Botswana,ntl,8742,0.8281058786,0.8323217034000001,0.0042158248000001,2.452570667143336,Botswana,12582,0.012582,2500552.018129018,ok,africa,5.031688966588345,Africa,218076,True,True
africa,BWA,Botswana,pm25,1525,0.849040389,0.8943515422000001,0.0453111532000001,30.015414652863758,Botswana,12582,0.012582,2500552.018129018,ok,africa,5.031688966588345,Africa,218076,True,True
africa,BWA,Botswana,pop,218076,0.718199837,0.8068710327999999,0.0886711957999999,31.46598456722679,Botswana,12582,0.012582,2500552.018129018,ok,africa,5.031688966588345,Africa,218076,True,True
africa,CAF,Central African Republic,gdp,3229,0.8297917246000001,0.8663186192,0.0365268945999999,21.460116738836263,Central African Republic,1080,0.00108,5240249.003554406,ok,africa,0.2060970765449213,Africa,318646,True,True
africa,CAF,Central African Republic,lst,3203,0.9164346578,0.926546502,0.0101118442000001,12.100523893983535,Central African Republic,1080,0.00108,5240249.003554406,ok,africa,0.2060970765449213,Africa,318646,True,True
africa,CAF,Central African Republic,ntl,12929,0.4962747694,0.5329952716,0.0367205022,7.289788156186128,Central African Republic,1080,0.00108,5240249.003554406,ok,africa,0.2060970765449213,Africa,318646,True,True
africa,CAF,Central African Republic,pm25,2268,0.8133893966000001,0.8797281384,0.0663387417999998,35.54928851379509,Central African Republic,1080,0.00108,5240249.003554406,ok,africa,0.2060970765449213,Africa,318646,True,True
africa,CAF,Central African Republic,pop,318646,0.8978619934000001,0.9069764732,0.0091144797999999,8.923690703789312,Central African Republic,1080,0.00108,5240249.003554406,ok,africa,0.2060970765449213,Africa,318646,True,True
africa,CIV,Ivory Coast,gdp,12675,0.8132023690000001,0.8444713234,0.0312689543999998,16.739481241065576,Ivory Coast,33779,0.033779,31547788.00202701,ok,africa,1.0707248317324063,Africa,1255242,True,True
africa,CIV,Ivory Coast,lst,12546,0.8812653779999999,0.8938948036,0.0126294256,10.636683207699951,Ivory Coast,33779,0.033779,31547788.00202701,ok,africa,1.0707248317324063,Africa,1255242,True,True
africa,CIV,Ivory Coast,ntl,50840,0.8718684912000001,0.8858581184000001,0.0139896271999999,10.918178776647618,Ivory Coast,33779,0.033779,31547788.00202701,ok,africa,1.0707248317324063,Africa,1255242,True,True
africa,CIV,Ivory Coast,pm25,8804,0.9459124446,0.9677498818,0.0218374371999999,40.37423588199363,Ivory Coast,33779,0.033779,31547788.00202701,ok,africa,1.0707248317324063,Africa,1255242,True,True
africa,CIV,Ivory Coast,pop,1255242,0.9028126478,0.912578523,0.0097658751999999,10.048504233249338,Ivory Coast,33779,0.033779,31547788.00202701,ok,africa,1.0707248317324063,Africa,1255242,True,True
africa,CMR,Cameroon,gdp,12243,0.794555068,0.860377014,0.065821946,32.03872948299353,Cameroon,25921,0.025921,28747540.99329605,ok,africa,0.9016771210464504,Africa,1218205,True,True
africa,CMR,Cameroon,lst,12164,0.9790390728,0.9806887268,0.001649654,7.870138492728783,Cameroon,25921,0.025921,28747540.99329605,ok,africa,0.9016771210464504,Africa,1218205,True,True
africa,CMR,Cameroon,ntl,48910,0.9016650556,0.9177070854,0.0160420298,16.3136613315663,Cameroon,25921,0.025921,28747540.99329605,ok,africa,0.9016771210464504,Africa,1218205,True,True
africa,CMR,Cameroon,pm25,8479,0.9647037744,0.9789111972,0.0142074228,40.251960538239786,Cameroon,25921,0.025921,28747540.99329605,ok,africa,0.9016771210464504,Africa,1218205,True,True
africa,CMR,Cameroon,pop,1218205,0.8515805243999999,0.864968133,0.0133876086000001,9.020115820972546,Cameroon,25921,0.025921,28747540.99329605,ok,africa,0.9016771210464504,Africa,1218205,True,True
africa,COD,Democratic Republic of the Congo,gdp,46744,0.8304368136000001,0.836178279,0.0057414653999998,3.38603297207198,Democratic Republic of the Congo,17721,0.017721,107516150.99355143,ok,africa,0.1648217485116526,Africa,4565455,True,True
africa,COD,Democratic Republic of the Congo,lst,46846,0.9378714324,0.9428561806,0.0049847481999999,8.023278811275777,Democratic Republic of the Congo,17721,0.017721,107516150.99355143,ok,africa,0.1648217485116526,Africa,4565455,True,True
africa,COD,Democratic Republic of the Congo,ntl,187053,0.8114682794,0.8352500318,0.0237817524,12.61419156644562,Democratic Republic of the Congo,17721,0.017721,107516150.99355143,ok,africa,0.1648217485116526,Africa,4565455,True,True
africa,COD,Democratic Republic of the Congo,pm25,32332,0.9551467536,0.9678094866,0.0126627329999999,28.23147490166951,Democratic Republic of the Congo,17721,0.017721,107516150.99355143,ok,africa,0.1648217485116526,Africa,4565455,True,True
africa,COD,Democratic Republic of the Congo,pop,4565455,0.9227822424,0.9268210412,0.0040387988,5.23040156245099,Democratic Republic of the Congo,17721,0.017721,107516150.99355143,ok,africa,0.1648217485116526,Africa,4565455,True,True
africa,DZA,Algeria,gdp,25890,0.8606162427999999,0.8833232045999999,0.0227069617999999,16.290966936282278,Algeria,114471,0.114471,46497094.95395269,ok,africa,2.4618957402255703,Africa,2565213,True,True
africa,DZA,Algeria,lst,25582,0.9584774016,0.9609175088,0.0024401072,5.876576356069503,Algeria,114471,0.114471,46497094.95395269,ok,africa,2.4618957402255703,Africa,2565213,True,True
africa,DZA,Algeria,ntl,103373,0.3167972804,0.3687090992,0.0519118188,7.598303887079551,Algeria,114471,0.114471,46497094.95395269,ok,africa,2.4618957402255703,Africa,2565213,True,True
africa,DZA,Algeria,pm25,17952,0.9660701632,0.9766177892,0.0105476259999999,31.08658041054868,Algeria,114471,0.114471,46497094.95395269,ok,africa,2.4618957402255703,Africa,2565213,True,True
africa,DZA,Algeria,pop,2565213,0.8403657198,0.849160099,0.0087943792,5.50907937128659,Algeria,114471,0.114471,46497094.95395269,ok,africa,2.4618957402255703,Africa,2565213,True,True
africa,EGY,Egypt,gdp,40155,0.7344313741999999,0.7836400746,0.0492087004,18.52956095689524,Egypt,268784,0.268784,115578409.00204648,ok,africa,2.3255554590238456,Africa,3926349,True,True
africa,EGY,Egypt,lst,39875,0.9325513838,0.9389589904,0.0064076066000001,9.499982299118187,Egypt,268784,0.268784,115578409.00204648,ok,africa,2.3255554590238456,Africa,3926349,True,True
africa,EGY,Egypt,ntl,160748,0.6346262456,0.6936122418,0.0589859962,16.144015679742544,Egypt,268784,0.268784,115578409.00204648,ok,africa,2.3255554590238456,Africa,3926349,True,True
africa,EGY,Egypt,pm25,27893,0.9455432892,0.9569070936,0.0113638043999999,20.86759231885145,Egypt,268784,0.268784,115578409.00204648,ok,africa,2.3255554590238456,Africa,3926349,True,True
africa,EGY,Egypt,pop,3926349,0.8480267643999999,0.8552895784000001,0.0072628140000001,4.779008600643473,Egypt,268784,0.268784,115578409.00204648,ok,africa,2.3255554590238456,Africa,3926349,True,True
africa,ERI,Eritrea,gdp,2229,0.7967862844,0.8547584172,0.0579721328,28.5276673519964,Eritrea,349,0.000349,3501780.000346695,ok,africa,0.0996635996451653,Africa,221918,True,True
africa,ERI,Eritrea,lst,2232,0.9639567852,0.9651046038,0.0011478186,3.1845622161317824,Eritrea,349,0.000349,3501780.000346695,ok,africa,0.0996635996451653,Africa,221918,True,True
africa,ERI,Eritrea,ntl,8994,0.6301425932,0.6707930446,0.0406504514,10.990844215263126,Eritrea,349,0.000349,3501780.000346695,ok,africa,0.0996635996451653,Africa,221918,True,True
africa,ERI,Eritrea,pm25,1549,0.9616913676,0.9602316738,-0.0014596937999998,-3.8103521544660577,Eritrea,349,0.000349,3501780.000346695,ok,africa,0.0996635996451653,Africa,221918,True,True
africa,ERI,Eritrea,pop,221918,0.8040220022,0.805131018,0.0011090158,0.5658879121378602,Eritrea,349,0.000349,3501780.000346695,ok,africa,0.0996635996451653,Africa,221918,True,True
africa,ETH,Ethiopia,gdp,102290,0.8121642352,0.849455309,0.0372910737999999,19.85302098336065,Ethiopia,11874,0.011874,130355023.99395864,ok,africa,0.0910896997767443,Africa,10229819,True,True
africa,ETH,Ethiopia,lst,102436,0.9785402178,0.9791249392,0.0005847213999998,2.724731288278764,Ethiopia,11874,0.011874,130355023.99395864,ok,africa,0.0910896997767443,Africa,10229819,True,True
africa,ETH,Ethiopia,ntl,409642,0.7755228518,0.7991916418,0.0236687899999999,10.543964136123144,Ethiopia,11874,0.011874,130355023.99395864,ok,africa,0.0910896997767443,Africa,10229819,True,True
africa,ETH,Ethiopia,pm25,70982,0.9494024874,0.9605282426,0.0111257551999999,21.988739422735858,Ethiopia,11874,0.011874,130355023.99395864,ok,africa,0.0910896997767443,Africa,10229819,True,True
africa,ETH,Ethiopia,pop,10229819,0.6727077722,0.7108097076,0.0381019353999999,11.64156437692223,Ethiopia,11874,0.011874,130355023.99395864,ok,africa,0.0910896997767443,Africa,10229819,True,True
africa,GHA,Ghana,gdp,14764,0.8617083430000001,0.9013413308,0.0396329877999999,28.658986854138234,Ghana,41670,0.04167,34108457.00156562,ok,africa,1.2216911482711543,Africa,1449942,True,True
africa,GHA,Ghana,lst,14555,0.9607816098,0.9651715876,0.0043899778,11.193671585224989,Ghana,41670,0.04167,34108457.00156562,ok,africa,1.2216911482711543,Africa,1449942,True,True
africa,GHA,Ghana,ntl,59136,0.944917667,0.9523170826,0.0073994155999999,13.4333736372421,Ghana,41670,0.04167,34108457.00156562,ok,africa,1.2216911482711543,Africa,1449942,True,True
africa,GHA,Ghana,pm25,10224,0.9456846952,0.9626875044,0.0170028092,31.30390092186332,Ghana,41670,0.04167,34108457.00156562,ok,africa,1.2216911482711543,Africa,1449942,True,True
africa,GHA,Ghana,pop,1449942,0.8810473560000001,0.8854165318,0.0043691757999999,3.673037986444387,Ghana,41670,0.04167,34108457.00156562,ok,africa,1.2216911482711543,Africa,1449942,True,True
africa,GIN,Guinea,gdp,6702,0.741577685,0.8474440456,0.1058663605999999,40.96641600010432,Guinea,8919,0.008919,14581540.996909572,ok,africa,0.6116637467802821,Africa,661061,True,True
africa,GIN,Guinea,lst,6652,0.918694961,0.922229588,0.0035346269999999,4.347365235259235,Guinea,8919,0.008919,14581540.996909572,ok,africa,0.6116637467802821,Africa,661061,True,True
africa,GIN,Guinea,ntl,26794,0.8314089177999999,0.8707968114,0.0393878936,23.362975719720502,Guinea,8919,0.008919,14581540.996909572,ok,africa,0.6116637467802821,Africa,661061,True,True
africa,GIN,Guinea,pm25,4647,0.9085093618,0.9385448338,0.030035472,32.829011351240084,Guinea,8919,0.008919,14581540.996909572,ok,africa,0.6116637467802821,Africa,661061,True,True
africa,GIN,Guinea,pop,661061,0.7409977198,0.7919546842,0.0509569644,19.674330419273304,Guinea,8919,0.008919,14581540.996909572,ok,africa,0.6116637467802821,Africa,661061,True,True
africa,KEN,Kenya,gdp,52391,0.6806538462,0.7071056128000001,0.0264517666,8.283101670473302,Kenya,74020,0.07402,55884493.99757087,ok,africa,1.324517673958315,Africa,5214387,True,True
africa,KEN,Kenya,lst,52427,0.9840121388,0.9840938092,8.167039999995573e-05,0.5108275520928088,Kenya,74020,0.07402,55884493.99757087,ok,africa,1.324517673958315,Africa,5214387,True,True
africa,KEN,Kenya,ntl,210053,0.8569974659999999,0.8763619542000001,0.0193644882000001,13.541360183169992,Kenya,74020,0.07402,55884493.99757087,ok,africa,1.324517673958315,Africa,5214387,True,True
africa,KEN,Kenya,pm25,36361,0.978122568,0.9827036618,0.0045810938,20.939815056904592,Kenya,74020,0.07402,55884493.99757087,ok,africa,1.324517673958315,Africa,5214387,True,True
africa,KEN,Kenya,pop,5214387,0.838656473,0.8463953616,0.0077388885999999,4.7965287135442,Kenya,74020,0.07402,55884493.99757087,ok,africa,1.324517673958315,Africa,5214387,True,True
africa,LBR,Liberia,gdp,2477,0.9184021352,0.9310808898,0.0126787545999998,15.53809604096393,Liberia,5380,0.00538,5553392.004594735,ok,africa,0.9687772798226248,Africa,243854,True,True
africa,LBR,Liberia,lst,2459,0.9020448566,0.9049655438,0.0029206871999999,2.981657826861945,Liberia,5380,0.00538,5553392.004594735,ok,africa,0.9687772798226248,Africa,243854,True,True
africa,LBR,Liberia,ntl,9795,0.7895411728,0.8056912064,0.0161500336,7.673725932461152,Liberia,5380,0.00538,5553392.004594735,ok,africa,0.9687772798226248,Africa,243854,True,True
africa,LBR,Liberia,pm25,1711,0.8494609236,0.8801292658,0.0306683421999999,20.37234645874307,Liberia,5380,0.00538,5553392.004594735,ok,africa,0.9687772798226248,Africa,243854,True,True
africa,LBR,Liberia,pop,243854,0.8434701205999999,0.8461208581999999,0.0026507376,1.693438728861633,Liberia,5380,0.00538,5553392.004594735,ok,africa,0.9687772798226248,Africa,243854,True,True
africa,LBY,Libya,gdp,5055,0.8987194775999999,0.9247083186,0.0259888409999999,25.66025567814406,Libya,35836,0.035836,7342539.981409724,ok,africa,4.88059991375351,Africa,492605,True,True
africa,LBY,Libya,lst,4906,0.9070213796,0.9297340868,0.0227127071999998,24.427881487473503,Libya,35836,0.035836,7342539.981409724,ok,africa,4.88059991375351,Africa,492605,True,True
africa,LBY,Libya,ntl,20348,0.2880113246,0.2806747438,-0.0073365807999999,-1.0304350411020586,Libya,35836,0.035836,7342539.981409724,ok,africa,4.88059991375351,Africa,492605,True,True
africa,LBY,Libya,pm25,3540,0.938132906,0.9740112898,0.0358783837999998,57.99267668851541,Libya,35836,0.035836,7342539.981409724,ok,africa,4.88059991375351,Africa,492605,True,True
africa,LBY,Libya,pop,492605,0.8942158938,0.9154377696,0.0212218757999999,20.06149748042197,Libya,35836,0.035836,7342539.981409724,ok,africa,4.88059991375351,Africa,492605,True,True
africa,LSO,Lesotho,gdp,2106,0.745942521,0.8008768319999999,0.0549343109999999,21.62278836121172,Lesotho,3552,0.003552,2324448.0002542594,ok,africa,1.5281047369575336,Africa,213774,True,True
africa,LSO,Lesotho,lst,2120,0.6834066034,0.7121432898,0.0287366863999999,9.076843266035429,Lesotho,3552,0.003552,2324448.0002542594,ok,africa,1.5281047369575336,Africa,213774,True,True
africa,LSO,Lesotho,ntl,8600,0.7974161146000001,0.8056695700000001,0.0082534553999999,4.074092756047023,Lesotho,3552,0.003552,2324448.0002542594,ok,africa,1.5281047369575336,Africa,213774,True,True
africa,LSO,Lesotho,pm25,1516,0.7199986576,0.778413868,0.0584152103999999,20.86247512219069,Lesotho,3552,0.003552,2324448.0002542594,ok,africa,1.5281047369575336,Africa,213774,True,True
africa,LSO,Lesotho,pop,213774,0.8874129296,0.8909577726,0.003544843,3.1485347184235986,Lesotho,3552,0.003552,2324448.0002542594,ok,africa,1.5281047369575336,Africa,213774,True,True
africa,MAR,Morocco,gdp,19146,0.5638661146,0.625581908,0.0617157933999999,14.150653151703036,Morocco,124734,0.124734,37901283.99407184,ok,africa,3.29102306981235,Africa,1893124,True,True
africa,MAR,Morocco,lst,18867,0.9279224636,0.9351027132,0.0071802495999999,9.961841037619005,Morocco,124734,0.124734,37901283.99407184,ok,africa,3.29102306981235,Africa,1893124,True,True
africa,MAR,Morocco,ntl,76611,0.8400037052,0.8691027762000001,0.029099071,18.187340548338803,Morocco,124734,0.124734,37901283.99407184,ok,africa,3.29102306981235,Africa,1893124,True,True
africa,MAR,Morocco,pm25,13289,0.928671682,0.952295935,0.023624253,33.12044032778126,Morocco,124734,0.124734,37901283.99407184,ok,africa,3.29102306981235,Africa,1893124,True,True
africa,MAR,Morocco,pop,1893124,0.5765523076,0.6081965804,0.0316442728,7.473006316470373,Morocco,124734,0.124734,37901283.99407184,ok,africa,3.29102306981235,Africa,1893124,True,True
africa,MDG,Madagascar,gdp,21005,0.3939580084,0.4761032937999999,0.0821452853999999,13.55438839858765,Madagascar,16118,0.016118,31578390.000215784,ok,africa,0.5104123421076838,Africa,2056483,True,True
africa,MDG,Madagascar,lst,20730,0.9684826848,0.970323837,0.0018411521999999,5.841716492399447,Madagascar,16118,0.016118,31578390.000215784,ok,africa,0.5104123421076838,Africa,2056483,True,True
africa,MDG,Madagascar,ntl,83821,0.7606234908,0.7872562168,0.0266327259999999,11.12587283063279,Madagascar,16118,0.016118,31578390.000215784,ok,africa,0.5104123421076838,Africa,2056483,True,True
africa,MDG,Madagascar,pm25,14544,0.945106137,0.9656499624,0.0205438253999999,37.424630509242895,Madagascar,16118,0.016118,31578390.000215784,ok,africa,0.5104123421076838,Africa,2056483,True,True
africa,MDG,Madagascar,pop,2056483,0.8800325153999999,0.8778781174000001,-0.0021543979999998,-1.7958182645765284,Madagascar,16118,0.016118,31578390.000215784,ok,africa,0.5104123421076838,Africa,2056483,True,True
africa,MLI,Mali,gdp,14208,0.8018547176,0.8420589208000001,0.0402042032,20.290265159499995,Mali,6762,0.006762,24122345.91422184,ok,africa,0.2803209946514082,Africa,1390396,True,True
africa,MLI,Mali,lst,14172,0.823859513,0.8300883173999999,0.0062288043999998,3.536270681481563,Mali,6762,0.006762,24122345.91422184,ok,africa,0.2803209946514082,Africa,1390396,True,True
africa,MLI,Mali,ntl,56744,0.8272233008000001,0.8451585890000001,0.0179352882,10.380617457704052,Mali,6762,0.006762,24122345.91422184,ok,africa,0.2803209946514082,Africa,1390396,True,True
africa,MLI,Mali,pm25,9841,0.8624665858,0.897086668,0.0346200822,25.172124462536623,Mali,6762,0.006762,24122345.91422184,ok,africa,0.2803209946514082,Africa,1390396,True,True
africa,MLI,Mali,pop,1390396,0.8685705781999999,0.8760882378,0.0075176596,5.719921382169587,Mali,6762,0.006762,24122345.91422184,ok,africa,0.2803209946514082,Africa,1390396,True,True
africa,MOZ,Mozambique,gdp,20279,0.7923037528,0.8785654665999999,0.0862617137999999,41.53262996463034,Mozambique,20165,0.020165,34129693.99428178,ok,africa,0.5908344798924514,Africa,1998105,True,True
africa,MOZ,Mozambique,lst,20097,0.9085756422,0.91716522,0.0085895778,9.395283715080168,Mozambique,20165,0.020165,34129693.99428178,ok,africa,0.5908344798924514,Africa,1998105,True,True
africa,MOZ,Mozambique,ntl,80725,0.8605928302000001,0.8807230472,0.0201302169999999,14.439872087554544,Mozambique,20165,0.020165,34129693.99428178,ok,africa,0.5908344798924514,Africa,1998105,True,True
africa,MOZ,Mozambique,pm25,14040,0.947392261,0.9707835438,0.0233912827999999,44.46357749759963,Mozambique,20165,0.020165,34129693.99428178,ok,africa,0.5908344798924514,Africa,1998105,True,True
africa,MOZ,Mozambique,pop,1998105,0.8780618071999999,0.8895000696,0.0114382624000001,9.380377170884326,Mozambique,20165,0.020165,34129693.99428178,ok,africa,0.5908344798924514,Africa,1998105,True,True
africa,MRT,Mauritania,gdp,2169,0.6348158836000001,0.6229006052,-0.0119152784,-3.262813979277458,Mauritania,2703,0.002703,5096521.002578131,ok,africa,0.5303617896664525,Africa,214512,True,True
africa,MRT,Mauritania,lst,2144,0.8156433226,0.8361596344000001,0.0205163118,11.128597070278955,Mauritania,2703,0.002703,5096521.002578131,ok,africa,0.5303617896664525,Africa,214512,True,True
africa,MRT,Mauritania,ntl,8666,0.8724874856,0.9117463706,0.039258885,30.78826041877508,Mauritania,2703,0.002703,5096521.002578131,ok,africa,0.5303617896664525,Africa,214512,True,True
africa,MRT,Mauritania,pm25,1487,0.625346124,0.7102684378,0.0849223138,22.666871808901305,Mauritania,2703,0.002703,5096521.002578131,ok,africa,0.5303617896664525,Africa,214512,True,True
africa,MRT,Mauritania,pop,214512,0.670468724,0.7621998908000001,0.0917311668,27.836862076788137,Mauritania,2703,0.002703,5096521.002578131,ok,africa,0.5303617896664525,Africa,214512,True,True
africa,MWI,Malawi,gdp,25409,0.6413164734000001,0.7083849548,0.0670684813999998,18.698511759307515,Malawi,9292,0.009292,21376132.00198185,ok,africa,0.434690429453678,Africa,2510974,True,True
africa,MWI,Malawi,lst,25438,0.9252013682,0.9306783318,0.0054769636,7.322277785300413,Malawi,9292,0.009292,21376132.00198185,ok,africa,0.434690429453678,Africa,2510974,True,True
africa,MWI,Malawi,ntl,101556,0.7994595886,0.8192331196,0.019773531,9.860122885935205,Malawi,9292,0.009292,21376132.00198185,ok,africa,0.434690429453678,Africa,2510974,True,True
africa,MWI,Malawi,pm25,17602,0.8785553098,0.9023350478,0.0237797379999999,19.580714447736295,Malawi,9292,0.009292,21376132.00198185,ok,africa,0.434690429453678,Africa,2510974,True,True
africa,MWI,Malawi,pop,2510974,0.7885992286000001,0.8009037734,0.0123045447999998,5.820482450708729,Malawi,9292,0.009292,21376132.00198185,ok,africa,0.434690429453678,Africa,2510974,True,True
africa,NER,Niger,gdp,18920,0.8842231274,0.8970679046000001,0.0128447772000001,11.094424051665133,Niger,2939,0.002939,26592438.87070752,ok,africa,0.1105201374830425,Africa,1881555,True,True
africa,NER,Niger,lst,18954,0.8252798438,0.8448562263999999,0.0195763825999999,11.20442141637688,Niger,2939,0.002939,26592438.87070752,ok,africa,0.1105201374830425,Africa,1881555,True,True
africa,NER,Niger,ntl,75359,0.871786034,0.8783121584,0.0065261244,5.090026152065212,Niger,2939,0.002939,26592438.87070752,ok,africa,0.1105201374830425,Africa,1881555,True,True
africa,NER,Niger,pm25,12952,0.9695993066,0.9920278788,0.0224285722000001,73.77651524224811,Niger,2939,0.002939,26592438.87070752,ok,africa,0.1105201374830425,Africa,1881555,True,True
africa,NER,Niger,pop,1881555,0.8385987996,0.8507562637999999,0.0121574641999998,7.532449678112717,Niger,2939,0.002939,26592438.87070752,ok,africa,0.1105201374830425,Africa,1881555,True,True
africa,NGA,Nigeria,gdp,109621,0.647486031,0.71953367,0.072047639,20.43823659084557,Nigeria,201434,0.201434,230271141.00532463,ok,africa,0.8747687579111018,Africa,10896339,True,True
africa,NGA,Nigeria,lst,109422,0.9381635666,0.9477183938,0.0095548272000001,15.451776039851772,Nigeria,201434,0.201434,230271141.00532463,ok,africa,0.8747687579111018,Africa,10896339,True,True
africa,NGA,Nigeria,ntl,437737,0.047763169,0.1136506915999999,0.0658875226,6.919236943482603,Nigeria,201434,0.201434,230271141.00532463,ok,africa,0.8747687579111018,Africa,10896339,True,True
africa,NGA,Nigeria,pm25,76039,0.9835577012,0.9919792296,0.0084215284000001,51.21867995733105,Nigeria,201434,0.201434,230271141.00532463,ok,africa,0.8747687579111018,Africa,10896339,True,True
africa,NGA,Nigeria,pop,10896339,0.6641269326,0.7145613076,0.050434375,15.015903296567812,Nigeria,201434,0.201434,230271141.00532463,ok,africa,0.8747687579111018,Africa,10896339,True,True
africa,RWA,Rwanda,gdp,17336,0.8405043604,0.8651979924,0.0246936319999999,15.48232419514995,Rwanda,4445,0.004445,14106346.999781596,ok,africa,0.3151063843863206,Africa,1713827,True,True
africa,RWA,Rwanda,lst,17382,0.9696650744,0.97255553,0.0028904556,9.52847433388794,Rwanda,4445,0.004445,14106346.999781596,ok,africa,0.3151063843863206,Africa,1713827,True,True
africa,RWA,Rwanda,ntl,69359,0.8256290317999999,0.816135013,-0.0094940187999998,-5.44472448481816,Rwanda,4445,0.004445,14106346.999781596,ok,africa,0.3151063843863206,Africa,1713827,True,True
africa,RWA,Rwanda,pm25,11996,0.8990232821999999,0.9360558988,0.0370326166000001,36.6744110987534,Rwanda,4445,0.004445,14106346.999781596,ok,africa,0.3151063843863206,Africa,1713827,True,True
africa,RWA,Rwanda,pop,1713827,0.8286471964000001,0.8293811202000001,0.0007339238,0.4283115213645889,Rwanda,4445,0.004445,14106346.999781596,ok,africa,0.3151063843863206,Africa,1713827,True,True
africa,SDN,Sudan,gdp,22780,0.6440859916,0.6710071086,0.0269211169999999,7.563938581969003,Sudan,8884,0.008884,50048573.14768691,ok,africa,0.1775075579834105,Africa,2240262,True,True
africa,SDN,Sudan,lst,22728,0.8141741037999999,0.8360838652,0.0219097614000001,11.790477994745762,Sudan,8884,0.008884,50048573.14768691,ok,africa,0.1775075579834105,Africa,2240262,True,True
africa,SDN,Sudan,ntl,91033,0.6584429860000001,0.7649041889999999,0.1064612029999998,31.16937982131436,Sudan,8884,0.008884,50048573.14768691,ok,africa,0.1775075579834105,Africa,2240262,True,True
africa,SDN,Sudan,pm25,15774,0.8967343214,0.9167637586,0.0200294371999999,19.39602535086613,Sudan,8884,0.008884,50048573.14768691,ok,africa,0.1775075579834105,Africa,2240262,True,True
africa,SDN,Sudan,pop,2240262,0.9157296894,0.9281433226,0.0124136332000001,14.730731513406935,Sudan,8884,0.008884,50048573.14768691,ok,africa,0.1775075579834105,Africa,2240262,True,True
africa,SEN,Senegal,gdp,8098,0.919980812,0.9155246854,-0.0044561266,-5.568822567907158,Senegal,17474,0.017474,18288074.00093409,ok,africa,0.955486072459434,Africa,793971,True,True
africa,SEN,Senegal,lst,8048,0.9125018716,0.9231668472,0.0106649755999999,12.188804257897589,Senegal,17474,0.017474,18288074.00093409,ok,africa,0.955486072459434,Africa,793971,True,True
africa,SEN,Senegal,ntl,32343,0.8657770038000001,0.8820763112,0.0162993073999998,12.143453701266628,Senegal,17474,0.017474,18288074.00093409,ok,africa,0.955486072459434,Africa,793971,True,True
africa,SEN,Senegal,pm25,5597,0.8360974669999999,0.8778216958,0.0417242288000001,25.45673214214457,Senegal,17474,0.017474,18288074.00093409,ok,africa,0.955486072459434,Africa,793971,True,True
africa,SEN,Senegal,pop,793971,0.9363696096,0.9414803626,0.0051107529999998,8.0319372046472,Senegal,17474,0.017474,18288074.00093409,ok,africa,0.955486072459434,Africa,793971,True,True
africa,SLE,Sierra Leone,gdp,4446,0.7952498198000001,0.8093099714,0.0140601515999999,6.866978864812722,Sierra Leone,4147,0.004147,8552905.0013645,ok,africa,0.484864499177578,Africa,443089,True,True
africa,SLE,Sierra Leone,lst,4453,0.8912807464,0.8967452408,0.0054644943999999,5.02624348407039,Sierra Leone,4147,0.004147,8552905.0013645,ok,africa,0.484864499177578,Africa,443089,True,True
africa,SLE,Sierra Leone,ntl,18029,0.7484309313999999,0.8105080605999999,0.0620771291999999,24.675978468046036,Sierra Leone,4147,0.004147,8552905.0013645,ok,africa,0.484864499177578,Africa,443089,True,True
africa,SLE,Sierra Leone,pm25,3100,0.8766774535999999,0.9092866062,0.0326091526,26.442166134188795,Sierra Leone,4147,0.004147,8552905.0013645,ok,africa,0.484864499177578,Africa,443089,True,True
africa,SLE,Sierra Leone,pop,443089,0.8615348458,0.8907865764,0.0292517306,21.125698208336715,Sierra Leone,4147,0.004147,8552905.0013645,ok,africa,0.484864499177578,Africa,443089,True,True
africa,SOM,Somalia,gdp,3591,0.7859792710000001,0.8805666328000001,0.0945873618,44.19542080898158,Somalia,5531,0.005531,18685826.00176328,ok,africa,0.2959997593618858,Africa,354894,True,True
africa,SOM,Somalia,lst,3569,0.877164185,0.8883687496,0.0112045645999999,9.12157793718385,Somalia,5531,0.005531,18685826.00176328,ok,africa,0.2959997593618858,Africa,354894,True,True
africa,SOM,Somalia,ntl,14263,0.8787073374000001,0.8757128238,-0.0029945136,-2.468833263126032,Somalia,5531,0.005531,18685826.00176328,ok,africa,0.2959997593618858,Africa,354894,True,True
africa,SOM,Somalia,pm25,2492,0.94157418,0.9651983738,0.0236241938000001,40.43450960551363,Somalia,5531,0.005531,18685826.00176328,ok,africa,0.2959997593618858,Africa,354894,True,True
africa,SOM,Somalia,pop,354894,0.9465428112,0.9571609616,0.0106181504,19.862904575333776,Somalia,5531,0.005531,18685826.00176328,ok,africa,0.2959997593618858,Africa,354894,True,True
africa,SSD,South Sudan,gdp,4799,0.4328557489999999,0.4094573736,-0.0233983753999999,-4.125647991448996,South Sudan,2184,0.002184,11819853.004377311,ok,africa,0.1847738714847965,Africa,482494,True,True
africa,SSD,South Sudan,lst,4791,0.9520270942,0.9557069304,0.0036798362000001,7.6706552138855795,South Sudan,2184,0.002184,11819853.004377311,ok,africa,0.1847738714847965,Africa,482494,True,True
africa,SSD,South Sudan,ntl,19398,0.5801522492,0.6094668268000001,0.0293145776000001,6.982192364766174,South Sudan,2184,0.002184,11819853.004377311,ok,africa,0.1847738714847965,Africa,482494,True,True
africa,SSD,South Sudan,pm25,3409,0.9174438358,0.9443155172,0.0268716814,32.54957598914227,South Sudan,2184,0.002184,11819853.004377311,ok,africa,0.1847738714847965,Africa,482494,True,True
africa,SSD,South Sudan,pop,482494,0.6917851805999999,0.7198897362000001,0.0281045556000001,9.118495877229757,South Sudan,2184,0.002184,11819853.004377311,ok,africa,0.1847738714847965,Africa,482494,True,True
africa,TCD,Chad,gdp,10811,0.815920806,0.884928167,0.0690073609999999,37.48786568459222,Chad,2502,0.002502,19870443.995187983,ok,africa,0.1259156564697753,Africa,1072850,True,True
africa,TCD,Chad,lst,10830,0.811580324,0.8432533383999999,0.0316730143999999,16.80982319489814,Chad,2502,0.002502,19870443.995187983,ok,africa,0.1259156564697753,Africa,1072850,True,True
africa,TCD,Chad,ntl,43249,0.1544156193999999,0.2393113255999999,0.0848957062,10.039885805336269,Chad,2502,0.002502,19870443.995187983,ok,africa,0.1259156564697753,Africa,1072850,True,True
africa,TCD,Chad,pm25,7474,0.9496884346,0.9696499466,0.019961512,39.67579192040019,Chad,2502,0.002502,19870443.995187983,ok,africa,0.1259156564697753,Africa,1072850,True,True
africa,TCD,Chad,pop,1072850,0.9151159882,0.9228602768,0.0077442886,9.123377224732076,Chad,2502,0.002502,19870443.995187983,ok,africa,0.1259156564697753,Africa,1072850,True,True
africa,TGO,Togo,gdp,4745,0.916145098,0.9343300938,0.0181849958000001,21.686264447605105,Togo,5607,0.005607,9412392.002416588,ok,africa,0.5957040461723682,Africa,470496,True,True
africa,TGO,Togo,lst,4725,0.9456523298,0.9531751156,0.0075227857999999,13.841965575186682,Togo,5607,0.005607,9412392.002416588,ok,africa,0.5957040461723682,Africa,470496,True,True
africa,TGO,Togo,ntl,19027,0.8279268502000001,0.8633323909999999,0.0354055407999998,20.5758660436864,Togo,5607,0.005607,9412392.002416588,ok,africa,0.5957040461723682,Africa,470496,True,True
africa,TGO,Togo,pm25,3335,0.94905951,0.9617750286,0.0127155185999999,24.961516074933662,Togo,5607,0.005607,9412392.002416588,ok,africa,0.5957040461723682,Africa,470496,True,True
africa,TGO,Togo,pop,470496,0.9558986782,0.9630405546,0.0071418764,16.194245679049178,Togo,5607,0.005607,9412392.002416588,ok,africa,0.5957040461723682,Africa,470496,True,True
africa,TUN,Tunisia,gdp,6464,0.8123248458000001,0.853126943,0.0408020971999999,21.740809205100398,Tunisia,69731,0.069731,12240260.000967842,ok,africa,5.696856112083105,Africa,628658,True,True
africa,TUN,Tunisia,lst,6266,0.8955134632,0.9112228276,0.0157093643999999,15.034821596268976,Tunisia,69731,0.069731,12240260.000967842,ok,africa,5.696856112083105,Africa,628658,True,True
africa,TUN,Tunisia,ntl,25699,0.8148109313999999,0.8320655701999999,0.0172546388,9.317309563918826,Tunisia,69731,0.069731,12240260.000967842,ok,africa,5.696856112083105,Africa,628658,True,True
africa,TUN,Tunisia,pm25,4482,0.8830482602,0.9103458524,0.0272975922,23.34090304828459,Tunisia,69731,0.069731,12240260.000967842,ok,africa,5.696856112083105,Africa,628658,True,True
africa,TUN,Tunisia,pop,628658,0.7460178254,0.7854854824,0.0394676570000001,15.539538183007624,Tunisia,69731,0.069731,12240260.000967842,ok,africa,5.696856112083105,Africa,628658,True,True
africa,TZA,United Republic of Tanzania,gdp,52252,0.8659174084,0.8998808265999999,0.0339634181999999,25.330222062921347,United Republic of Tanzania,25018,0.025018,67578208.99896112,ok,africa,0.3702080947481843,Africa,5113357,True,True
africa,TZA,United Republic of Tanzania,lst,52085,0.9451611278,0.9463968042,0.0012356763999999,2.2532855808803363,United Republic of Tanzania,25018,0.025018,67578208.99896112,ok,africa,0.3702080947481843,Africa,5113357,True,True
africa,TZA,United Republic of Tanzania,ntl,207978,0.8734205124000001,0.8895549773999999,0.0161344649999998,12.746508384506866,United Republic of Tanzania,25018,0.025018,67578208.99896112,ok,africa,0.3702080947481843,Africa,5113357,True,True
africa,TZA,United Republic of Tanzania,pm25,35850,0.9650838732,0.9775188686,0.0124349954,35.61390262793992,United Republic of Tanzania,25018,0.025018,67578208.99896112,ok,africa,0.3702080947481843,Africa,5113357,True,True
africa,TZA,United Republic of Tanzania,pop,5113357,0.906727195,0.9095556734,0.0028284784000001,3.032479188333739,United Republic of Tanzania,25018,0.025018,67578208.99896112,ok,africa,0.3702080947481843,Africa,5113357,True,True
africa,UGA,Uganda,gdp,64171,0.9135587214,0.9223865628,0.0088278414,10.212529873430215,Uganda,31140,0.03114,49332093.00025975,ok,africa,0.6312320865817721,Africa,6341643,True,True
africa,UGA,Uganda,lst,64243,0.954387951,0.9586368562,0.0042489052,9.315313153329493,Uganda,31140,0.03114,49332093.00025975,ok,africa,0.6312320865817721,Africa,6341643,True,True
africa,UGA,Uganda,ntl,256520,0.8274849296,0.831822729,0.0043377994,2.514446645120465,Uganda,31140,0.03114,49332093.00025975,ok,africa,0.6312320865817721,Africa,6341643,True,True
africa,UGA,Uganda,pm25,44468,0.974509871,0.9808310388,0.0063211678,24.798492781264653,Uganda,31140,0.03114,49332093.00025975,ok,africa,0.6312320865817721,Africa,6341643,True,True
africa,UGA,Uganda,pop,6341643,0.8608689428,0.8640652418,0.0031962989999999,2.297329628858709,Uganda,31140,0.03114,49332093.00025975,ok,africa,0.6312320865817721,Africa,6341643,True,True
africa,ZAF,South Africa,gdp,36780,0.8089100480000001,0.8633293508,0.0544193027999998,28.478369600511428,South Africa,412651,0.412651,63627883.99422288,ok,africa,6.485379901011116,Africa,3662225,True,True
africa,ZAF,South Africa,lst,36669,0.9458202364,0.949783337,0.0039631006,7.314724791453404,South Africa,412651,0.412651,63627883.99422288,ok,africa,6.485379901011116,Africa,3662225,True,True
africa,ZAF,South Africa,ntl,147364,0.787548554,0.7945331932,0.0069846392,3.287640226275528,South Africa,412651,0.412651,63627883.99422288,ok,africa,6.485379901011116,Africa,3662225,True,True
africa,ZAF,South Africa,pm25,25440,0.9419578792,0.9629363658,0.0209784865999999,36.14355628438698,South Africa,412651,0.412651,63627883.99422288,ok,africa,6.485379901011116,Africa,3662225,True,True
africa,ZAF,South Africa,pop,3662225,0.8799990416,0.8805398824000001,0.0005408408000001,0.4506970670995608,South Africa,412651,0.412651,63627883.99422288,ok,africa,6.485379901011116,Africa,3662225,True,True
africa,ZMB,Zambia,gdp,8948,0.8207721352,0.8577886226,0.0370164873999999,20.65331048902836,Zambia,27314,0.027314,21017547.99898981,ok,africa,1.299580712332039,Africa,883043,True,True
africa,ZMB,Zambia,lst,8904,0.9307231902,0.9430815698,0.0123583796,17.839129191540902,Zambia,27314,0.027314,21017547.99898981,ok,africa,1.299580712332039,Africa,883043,True,True
africa,ZMB,Zambia,ntl,36136,0.7573706626,0.8050098898,0.0476392272,19.634570044372555,Zambia,27314,0.027314,21017547.99898981,ok,africa,1.299580712332039,Africa,883043,True,True
africa,ZMB,Zambia,pm25,6191,0.9340103026,0.9636715058,0.0296612032,44.9482333889291,Zambia,27314,0.027314,21017547.99898981,ok,africa,1.299580712332039,Africa,883043,True,True
africa,ZMB,Zambia,pop,883043,0.8663018344000001,0.8842669486,0.0179651141999999,13.4370685785983,Zambia,27314,0.027314,21017547.99898981,ok,africa,1.299580712332039,Africa,883043,True,True
africa,ZWE,Zimbabwe,gdp,5379,0.820660627,0.8557785391999999,0.0351179121999999,19.58181943682826,Zimbabwe,24256,0.024256,16478384.001048582,ok,africa,1.471989000769523,Africa,534011,True,True
africa,ZWE,Zimbabwe,lst,5371,0.9259189368,0.9393038632,0.0133849263999999,18.067945871489577,Zimbabwe,24256,0.024256,16478384.001048582,ok,africa,1.471989000769523,Africa,534011,True,True
africa,ZWE,Zimbabwe,ntl,21342,0.7743808984,0.7831530452,0.0087721467999999,3.888033742618154,Zimbabwe,24256,0.024256,16478384.001048582,ok,africa,1.471989000769523,Africa,534011,True,True
africa,ZWE,Zimbabwe,pm25,3718,0.9333540558,0.9684508682,0.0350968124,52.66158776995773,Zimbabwe,24256,0.024256,16478384.001048582,ok,africa,1.471989000769523,Africa,534011,True,True
africa,ZWE,Zimbabwe,pop,534011,0.7035263298000001,0.7205613613999999,0.0170350315999998,5.745883466989867,Zimbabwe,24256,0.024256,16478384.001048582,ok,africa,1.471989000769523,Africa,534011,True,True
canada_north_america_other,CAN,Canada,gdp,31800,0.7971664668,0.849136877,0.0519704101999999,25.622198351569185,Canada,1266589,1.266589,39538477.22351356,ok,canada,32.034339431938434,North America,2954932,True,True
canada_north_america_other,CAN,Canada,lst,31327,0.9123805404,0.9220921158,0.0097115753999998,11.083811112662808,Canada,1266589,1.266589,39538477.22351356,ok,canada,32.034339431938434,North America,2954932,True,True
canada_north_america_other,CAN,Canada,ntl,127021,0.7265824077999999,0.756982696,0.0304002882,11.118629183802776,Canada,1266589,1.266589,39538477.22351356,ok,canada,32.034339431938434,North America,2954932,True,True
canada_north_america_other,CAN,Canada,pm25,21865,0.9126948952,0.946658206,0.0339633108000001,38.901861326212064,Canada,1266589,1.266589,39538477.22351356,ok,canada,32.034339431938434,North America,2954932,True,True
canada_north_america_other,CAN,Canada,pop,2954932,0.8668204665999999,0.8697861196,0.002965653,2.226808372344144,Canada,1266589,1.266589,39538477.22351356,ok,canada,32.034339431938434,North America,2954932,True,True
central_asia,KAZ,Kazakhstan,gdp,15753,0.8525399208,0.8779060602,0.0253661393999999,17.202038367005017,Kazakhstan,51411,0.051411,20464207.95913288,ok,central_asia,2.51223991188264,Asia,1554239,True,True
central_asia,KAZ,Kazakhstan,lst,15701,0.975822556,0.9772776006,0.0014550445999998,6.018190343031712,Kazakhstan,51411,0.051411,20464207.95913288,ok,central_asia,2.51223991188264,Asia,1554239,True,True
central_asia,KAZ,Kazakhstan,ntl,63162,0.3346715332,0.4244849682,0.089813435,13.49911201484758,Kazakhstan,51411,0.051411,20464207.95913288,ok,central_asia,2.51223991188264,Asia,1554239,True,True
central_asia,KAZ,Kazakhstan,pm25,10805,0.9857253792,0.9910287378,0.0053033585999999,37.152360642742856,Kazakhstan,51411,0.051411,20464207.95913288,ok,central_asia,2.51223991188264,Asia,1554239,True,True
central_asia,KAZ,Kazakhstan,pop,1554239,0.8744553086,0.8797234654,0.0052681568,4.196240192438781,Kazakhstan,51411,0.051411,20464207.95913288,ok,central_asia,2.51223991188264,Asia,1554239,True,True
central_asia,KGZ,Kyrgyzstan,gdp,5609,0.7399126887999999,0.8171638608,0.077251172,29.70201492859298,Kyrgyzstan,6348,0.006348,7130594.001137892,ok,central_asia,0.8902484139451767,Asia,560716,True,True
central_asia,KGZ,Kyrgyzstan,lst,5656,0.9352796674,0.9422031998,0.0069235323999999,10.697615605269602,Kyrgyzstan,6348,0.006348,7130594.001137892,ok,central_asia,0.8902484139451767,Asia,560716,True,True
central_asia,KGZ,Kyrgyzstan,ntl,22651,0.8271755693999999,0.8415482284,0.014372659,8.316335225350981,Kyrgyzstan,6348,0.006348,7130594.001137892,ok,central_asia,0.8902484139451767,Asia,560716,True,True
central_asia,KGZ,Kyrgyzstan,pm25,3898,0.9485494492,0.9683094024,0.0197599532,38.405717514689925,Kyrgyzstan,6348,0.006348,7130594.001137892,ok,central_asia,0.8902484139451767,Asia,560716,True,True
central_asia,KGZ,Kyrgyzstan,pop,560716,0.8094384908000001,0.8481376768000001,0.038699186,20.307976234268832,Kyrgyzstan,6348,0.006348,7130594.001137892,ok,central_asia,0.8902484139451767,Asia,560716,True,True
central_asia,TJK,Tajikistan,gdp,8761,0.6922517420000001,0.738591838,0.0463400959999998,15.0577931134869,Tajikistan,1863,0.001863,10491705.998226576,ok,central_asia,0.1775688339260464,Asia,872973,True,True
central_asia,TJK,Tajikistan,lst,8776,0.947881341,0.9503533602,0.0024720191999999,4.743059870362278,Tajikistan,1863,0.001863,10491705.998226576,ok,central_asia,0.1775688339260464,Asia,872973,True,True
central_asia,TJK,Tajikistan,ntl,35301,0.712743759,0.805260694,0.092516935,32.207110514963546,Tajikistan,1863,0.001863,10491705.998226576,ok,central_asia,0.1775688339260464,Asia,872973,True,True
central_asia,TJK,Tajikistan,pm25,6145,0.978490126,0.9892553688,0.0107652428,50.04791194964693,Tajikistan,1863,0.001863,10491705.998226576,ok,central_asia,0.1775688339260464,Asia,872973,True,True
central_asia,TJK,Tajikistan,pop,872973,0.910622549,0.9145875692,0.0039650202000001,4.436264578635288,Tajikistan,1863,0.001863,10491705.998226576,ok,central_asia,0.1775688339260464,Asia,872973,True,True
central_asia,TKM,Turkmenistan,gdp,5777,0.6880666614,0.7713639616,0.0832973002,26.70355806591557,Turkmenistan,508,0.000508,7430703.005444769,ok,central_asia,0.0683649985240654,Asia,579460,True,True
central_asia,TKM,Turkmenistan,lst,5810,0.8358002301999999,0.8772294996,0.0414292694,25.231015518756237,Turkmenistan,508,0.000508,7430703.005444769,ok,central_asia,0.0683649985240654,Asia,579460,True,True
central_asia,TKM,Turkmenistan,ntl,23270,0.5865006448000001,0.6358780384,0.0493773935999999,11.941347182057212,Turkmenistan,508,0.000508,7430703.005444769,ok,central_asia,0.0683649985240654,Asia,579460,True,True
central_asia,TKM,Turkmenistan,pm25,4019,0.8691468836,0.9536752464,0.0845283627999998,64.59789810554324,Turkmenistan,508,0.000508,7430703.005444769,ok,central_asia,0.0683649985240654,Asia,579460,True,True
central_asia,TKM,Turkmenistan,pop,579460,0.7859667776,0.8041087508,0.0181419731999999,8.476241677142546,Turkmenistan,508,0.000508,7430703.005444769,ok,central_asia,0.0683649985240654,Asia,579460,True,True
central_asia,UZB,Uzbekistan,gdp,31332,0.3453057408,0.6070745586,0.2617688178,39.98336843824887,Uzbekistan,14624,0.014624,36010453.98776417,ok,central_asia,0.4061042941854891,Asia,3126052,True,True
central_asia,UZB,Uzbekistan,lst,31402,0.78026793,0.8547650458,0.0744971157999999,33.90361534390495,Uzbekistan,14624,0.014624,36010453.98776417,ok,central_asia,0.4061042941854891,Asia,3126052,True,True
central_asia,UZB,Uzbekistan,ntl,125066,0.2022929667999999,0.3694839596,0.1671909928,20.95894681150218,Uzbekistan,14624,0.014624,36010453.98776417,ok,central_asia,0.4061042941854891,Asia,3126052,True,True
central_asia,UZB,Uzbekistan,pm25,21771,0.9278311968,0.9719549538,0.044123757,61.13965459247087,Uzbekistan,14624,0.014624,36010453.98776417,ok,central_asia,0.4061042941854891,Asia,3126052,True,True
central_asia,UZB,Uzbekistan,pop,3126052,0.6285319924,0.6639288188,0.0353968263999999,9.528903075312904,Uzbekistan,14624,0.014624,36010453.98776417,ok,central_asia,0.4061042941854891,Asia,3126052,True,True
china,CHN,China,gdp,1062581,0.5932931186,0.6558539270000001,0.0625608084000001,15.38228421035025,China,30106041,30.106041,1452322538.1908712,ok_project_aggregate_CHN_TWN_HKG_MAC_2024poi,china,20.72958327666145,Asia,104702003,True,True
china,CHN,China,lst,1059639,0.9744176626,0.9782545568,0.0038368941999999,14.998215917518117,China,30106041,30.106041,1452322538.1908712,ok_project_aggregate_CHN_TWN_HKG_MAC_2024poi,china,20.72958327666145,Asia,104702003,True,True
china,CHN,China,ntl,4248966,0.7774991273999999,0.7972807526000001,0.0197816252000001,8.89058320034658,China,30106041,30.106041,1452322538.1908712,ok_project_aggregate_CHN_TWN_HKG_MAC_2024poi,china,20.72958327666145,Asia,104702003,True,True
china,CHN,China,pm25,736539,0.966439438,0.981557727,0.0151182890000001,45.04778257289035,China,30106041,30.106041,1452322538.1908712,ok_project_aggregate_CHN_TWN_HKG_MAC_2024poi,china,20.72958327666145,Asia,104702003,True,True
china,CHN,China,pop,104702003,0.8272517204,0.8436183456,0.0163666252,9.474262341655232,China,30106041,30.106041,1452322538.1908712,ok_project_aggregate_CHN_TWN_HKG_MAC_2024poi,china,20.72958327666145,Asia,104702003,True,True
eastern_asia_ex_china,JPN,Japan,gdp,72335,0.8515884638,0.9063144328,0.054725969,36.87447108306398,Japan,1717540,1.71754,124071179.0012518,ok,eastern_asia_ex_china,13.843182710326875,Asia,7004977,True,True
eastern_asia_ex_china,JPN,Japan,lst,70422,0.9383276222,0.9435214876,0.0051938654000001,8.421704473343814,Japan,1717540,1.71754,124071179.0012518,ok,eastern_asia_ex_china,13.843182710326875,Asia,7004977,True,True
eastern_asia_ex_china,JPN,Japan,ntl,289875,0.8109983444000001,0.8252358676,0.0142375231999999,7.533015070583297,Japan,1717540,1.71754,124071179.0012518,ok,eastern_asia_ex_china,13.843182710326875,Asia,7004977,True,True
eastern_asia_ex_china,JPN,Japan,pm25,49655,0.9289862274,0.9473857166,0.0183994892,25.90974754100026,Japan,1717540,1.71754,124071179.0012518,ok,eastern_asia_ex_china,13.843182710326875,Asia,7004977,True,True
eastern_asia_ex_china,JPN,Japan,pop,7004977,0.8947610974,0.8953024268,0.0005413294,0.5143814565014933,Japan,1717540,1.71754,124071179.0012518,ok,eastern_asia_ex_china,13.843182710326875,Asia,7004977,True,True
eastern_asia_ex_china,KOR,South Korea,gdp,19627,0.8411159753999999,0.8812118052000001,0.0400958298000001,25.235910218754704,South Korea,230981,0.230981,51738086.0024839,ok,eastern_asia_ex_china,4.464428776683212,Asia,1911436,True,True
eastern_asia_ex_china,KOR,South Korea,lst,19187,0.8823108792,0.8951166269999999,0.0128057477999999,10.880995382540052,South Korea,230981,0.230981,51738086.0024839,ok,eastern_asia_ex_china,4.464428776683212,Asia,1911436,True,True
eastern_asia_ex_china,KOR,South Korea,ntl,78715,0.7905668616,0.8114065408,0.0208396791999999,9.950516598857384,South Korea,230981,0.230981,51738086.0024839,ok,eastern_asia_ex_china,4.464428776683212,Asia,1911436,True,True
eastern_asia_ex_china,KOR,South Korea,pm25,13551,0.8917763472000001,0.9200241566,0.0282478093999998,26.101326899584976,South Korea,230981,0.230981,51738086.0024839,ok,eastern_asia_ex_china,4.464428776683212,Asia,1911436,True,True
eastern_asia_ex_china,KOR,South Korea,pop,1911436,0.8086912514,0.8094399691999999,0.0007487177999999,0.3913662106302466,South Korea,230981,0.230981,51738086.0024839,ok,eastern_asia_ex_china,4.464428776683212,Asia,1911436,True,True
eastern_asia_ex_china,MNG,Mongolia,gdp,2304,0.8286072493999999,0.8735673071999999,0.0449600578,26.232181724493525,Mongolia,22429,0.022429,3454269.995091712,ok,eastern_asia_ex_china,6.493123013507954,Asia,226247,True,True
eastern_asia_ex_china,MNG,Mongolia,lst,2282,0.8929282904000001,0.9000327947999999,0.0071045043999997,6.635276887369111,Mongolia,22429,0.022429,3454269.995091712,ok,eastern_asia_ex_china,6.493123013507954,Asia,226247,True,True
eastern_asia_ex_china,MNG,Mongolia,ntl,9073,0.8601141095999999,0.8749459145999999,0.014831805,10.602788428188768,Mongolia,22429,0.022429,3454269.995091712,ok,eastern_asia_ex_china,6.493123013507954,Asia,226247,True,True
eastern_asia_ex_china,MNG,Mongolia,pm25,1593,0.9701372624,0.9843709826,0.0142337202,47.66381565767772,Mongolia,22429,0.022429,3454269.995091712,ok,eastern_asia_ex_china,6.493123013507954,Asia,226247,True,True
eastern_asia_ex_china,MNG,Mongolia,pop,226247,0.8635442612,0.8764902592,0.0129459979999999,9.487323958558177,Mongolia,22429,0.022429,3454269.995091712,ok,eastern_asia_ex_china,6.493123013507954,Asia,226247,True,True
eastern_asia_ex_china,PRK,North Korea,gdp,11555,0.6666725396000001,0.6921193600000001,0.0254468204,7.634180625101602,North Korea,698,0.000698,26460313.999518167,ok,eastern_asia_ex_china,0.0263791276253452,Asia,1118331,True,True
eastern_asia_ex_china,PRK,North Korea,lst,11248,0.9263167498,0.9366583588,0.0103416089999999,14.035223706784748,North Korea,698,0.000698,26460313.999518167,ok,eastern_asia_ex_china,0.0263791276253452,Asia,1118331,True,True
eastern_asia_ex_china,PRK,North Korea,ntl,46290,0.5807778954,0.6220349908,0.0412570954,9.841345422223236,North Korea,698,0.000698,26460313.999518167,ok,eastern_asia_ex_china,0.0263791276253452,Asia,1118331,True,True
eastern_asia_ex_china,PRK,North Korea,pm25,8022,0.9224398494,0.9464054226,0.0239655731999999,30.899338145431557,North Korea,698,0.000698,26460313.999518167,ok,eastern_asia_ex_china,0.0263791276253452,Asia,1118331,True,True
eastern_asia_ex_china,PRK,North Korea,pop,1118331,0.7925719978,0.8056009054000001,0.0130289076,6.281171038535935,North Korea,698,0.000698,26460313.999518167,ok,eastern_asia_ex_china,0.0263791276253452,Asia,1118331,True,True
europe_ex_russia,ALB,Albania,gdp,1717,0.1462031962,0.3102331996,0.1640300034,19.21183151189492,Albania,20220,0.02022,2801661.002882422,ok,europe_ex_russia,7.217147249148678,Europe,165420,True,True
europe_ex_russia,ALB,Albania,lst,1684,0.6338457346,0.7582796336000001,0.124433899,33.98400913452804,Albania,20220,0.02022,2801661.002882422,ok,europe_ex_russia,7.217147249148678,Europe,165420,True,True
europe_ex_russia,ALB,Albania,ntl,6774,0.170202315,0.3261760594,0.1559737444,18.796599125243404,Albania,20220,0.02022,2801661.002882422,ok,europe_ex_russia,7.217147249148678,Europe,165420,True,True
europe_ex_russia,ALB,Albania,pm25,1184,0.3723193648,0.528006506,0.1556871412,24.80355971956868,Albania,20220,0.02022,2801661.002882422,ok,europe_ex_russia,7.217147249148678,Europe,165420,True,True
europe_ex_russia,ALB,Albania,pop,165420,0.2314113378,0.3677483678,0.1363370299999999,17.738621021256066,Albania,20220,0.02022,2801661.002882422,ok,europe_ex_russia,7.217147249148678,Europe,165420,True,True
europe_ex_russia,AUT,Austria,gdp,7670,0.9297075748,0.9500892162,0.0203816413999998,28.99550177989861,Austria,267324,0.267324,9124755.000016872,ok,europe_ex_russia,29.29656741463258,Europe,748323,True,True
europe_ex_russia,AUT,Austria,lst,7682,0.8883637070000001,0.8985546588,0.0101909517999998,9.128708528506817,Austria,267324,0.267324,9124755.000016872,ok,europe_ex_russia,29.29656741463258,Europe,748323,True,True
europe_ex_russia,AUT,Austria,ntl,30497,0.5380541086,0.4608747244,-0.0771793842,-16.70745116188732,Austria,267324,0.267324,9124755.000016872,ok,europe_ex_russia,29.29656741463258,Europe,748323,True,True
europe_ex_russia,AUT,Austria,pm25,5263,0.8380730507999999,0.933187592,0.0951145412,58.739167056449446,Austria,267324,0.267324,9124755.000016872,ok,europe_ex_russia,29.29656741463258,Europe,748323,True,True
europe_ex_russia,AUT,Austria,pop,748323,0.8361084818,0.8470271826,0.0109187008,6.662151232668252,Austria,267324,0.267324,9124755.000016872,ok,europe_ex_russia,29.29656741463258,Europe,748323,True,True
europe_ex_russia,BEL,Belgium,gdp,14464,0.861863351,0.912460494,0.0505971429999999,36.628326636184696,Belgium,371677,0.371677,11727682.00097809,ok,europe_ex_russia,31.69228155819727,Europe,1428592,True,True
europe_ex_russia,BEL,Belgium,lst,14373,0.5865658166000001,0.6375967024,0.0510308857999999,12.343170412357328,Belgium,371677,0.371677,11727682.00097809,ok,europe_ex_russia,31.69228155819727,Europe,1428592,True,True
europe_ex_russia,BEL,Belgium,ntl,57920,0.556246984,0.5957485678,0.0395015837999999,8.901704861877471,Belgium,371677,0.371677,11727682.00097809,ok,europe_ex_russia,31.69228155819727,Europe,1428592,True,True
europe_ex_russia,BEL,Belgium,pm25,10016,0.8512045384,0.913326633,0.0621220945999999,41.74999286402964,Belgium,371677,0.371677,11727682.00097809,ok,europe_ex_russia,31.69228155819727,Europe,1428592,True,True
europe_ex_russia,BEL,Belgium,pop,1428592,0.7896058562,0.797470486,0.0078646298,3.738045963615848,Belgium,371677,0.371677,11727682.00097809,ok,europe_ex_russia,31.69228155819727,Europe,1428592,True,True
europe_ex_russia,BGR,Bulgaria,gdp,5149,0.7830929756,0.8296460152,0.0465530396,21.46220931699804,Bulgaria,87047,0.087047,6778221.999536365,ok,europe_ex_russia,12.84215831319099,Europe,503152,True,True
europe_ex_russia,BGR,Bulgaria,lst,5103,0.4383440613999999,0.7334473012,0.2951032398000001,52.54163973331841,Bulgaria,87047,0.087047,6778221.999536365,ok,europe_ex_russia,12.84215831319099,Europe,503152,True,True
europe_ex_russia,BGR,Bulgaria,ntl,20607,0.4627298712,0.5434275746,0.0806977034,15.019949756045332,Bulgaria,87047,0.087047,6778221.999536365,ok,europe_ex_russia,12.84215831319099,Europe,503152,True,True
europe_ex_russia,BGR,Bulgaria,pm25,3600,0.4523476958,0.8996291158,0.44728142,81.67251677200194,Bulgaria,87047,0.087047,6778221.999536365,ok,europe_ex_russia,12.84215831319099,Europe,503152,True,True
europe_ex_russia,BGR,Bulgaria,pop,503152,0.5569102526,0.6213110566,0.0644008039999999,14.534482997608608,Bulgaria,87047,0.087047,6778221.999536365,ok,europe_ex_russia,12.84215831319099,Europe,503152,True,True
europe_ex_russia,BIH,Bosnia and Herzegovina,gdp,2705,0.5337361096,0.6693565964,0.1356204868,29.08663732970046,Bosnia and Herzegovina,28984,0.028984,3175680.000474849,ok,europe_ex_russia,9.126864166309616,Europe,265887,True,True
europe_ex_russia,BIH,Bosnia and Herzegovina,lst,2706,0.505179155,0.706705439,0.201526284,40.727120944146975,Bosnia and Herzegovina,28984,0.028984,3175680.000474849,ok,europe_ex_russia,9.126864166309616,Europe,265887,True,True
europe_ex_russia,BIH,Bosnia and Herzegovina,ntl,10703,0.5160797476,0.5974259496000001,0.081346202,16.80983624813469,Bosnia and Herzegovina,28984,0.028984,3175680.000474849,ok,europe_ex_russia,9.126864166309616,Europe,265887,True,True
europe_ex_russia,BIH,Bosnia and Herzegovina,pm25,1878,0.7440919042,0.9191055656,0.1750136613999999,68.38926328332282,Bosnia and Herzegovina,28984,0.028984,3175680.000474849,ok,europe_ex_russia,9.126864166309616,Europe,265887,True,True
europe_ex_russia,BIH,Bosnia and Herzegovina,pop,265887,0.4290147541999999,0.580335796,0.1513210418,26.50174289319614,Bosnia and Herzegovina,28984,0.028984,3175680.000474849,ok,europe_ex_russia,9.126864166309616,Europe,265887,True,True
europe_ex_russia,BLR,Belarus,gdp,5735,0.7860385656,0.8299814106,0.043942845,20.53774088925252,Belarus,25859,0.025859,9085897.99952127,ok,europe_ex_russia,2.8460588046841924,Europe,567833,True,True
europe_ex_russia,BLR,Belarus,lst,5731,0.7090357424,0.7625275376,0.0534917952,18.384318280610707,Belarus,25859,0.025859,9085897.99952127,ok,europe_ex_russia,2.8460588046841924,Europe,567833,True,True
europe_ex_russia,BLR,Belarus,ntl,23101,0.1141211868,0.1564123752,0.0422911884,4.77392480436849,Belarus,25859,0.025859,9085897.99952127,ok,europe_ex_russia,2.8460588046841924,Europe,567833,True,True
europe_ex_russia,BLR,Belarus,pm25,3942,0.790352595,0.8842383742,0.0938857791999999,44.78270513293497,Belarus,25859,0.025859,9085897.99952127,ok,europe_ex_russia,2.8460588046841924,Europe,567833,True,True
europe_ex_russia,BLR,Belarus,pop,567833,0.770716679,0.7966780186,0.0259613396,11.32282081695773,Belarus,25859,0.025859,9085897.99952127,ok,europe_ex_russia,2.8460588046841924,Europe,567833,True,True
europe_ex_russia,CHE,Switzerland,gdp,9024,0.8145844104,0.8833591820000001,0.0687747716000001,37.09222711443466,Switzerland,292902,0.292902,8898069.000610918,ok,europe_ex_russia,32.91747905977017,Europe,849813,True,True
europe_ex_russia,CHE,Switzerland,lst,8966,0.7857062342,0.8137755633999999,0.0280693291999999,13.098528132730184,Switzerland,292902,0.292902,8898069.000610918,ok,europe_ex_russia,32.91747905977017,Europe,849813,True,True
europe_ex_russia,CHE,Switzerland,ntl,35649,0.7367026926,0.7738932131999999,0.0371905205999999,14.1249148983891,Switzerland,292902,0.292902,8898069.000610918,ok,europe_ex_russia,32.91747905977017,Europe,849813,True,True
europe_ex_russia,CHE,Switzerland,pm25,6195,0.9184502722,0.966124892,0.0476746198,58.46079574529258,Switzerland,292902,0.292902,8898069.000610918,ok,europe_ex_russia,32.91747905977017,Europe,849813,True,True
europe_ex_russia,CHE,Switzerland,pop,849813,0.8555869103999999,0.8615682123999999,0.005981302,4.1418004535234445,Switzerland,292902,0.292902,8898069.000610918,ok,europe_ex_russia,32.91747905977017,Europe,849813,True,True
europe_ex_russia,CZE,Czechia,gdp,10558,0.8343520404,0.8726575852,0.0383055448,23.12467047134098,Czechia,177913,0.177913,10791554.000637293,ok,europe_ex_russia,16.48631883688794,Europe,1049360,True,True
europe_ex_russia,CZE,Czechia,lst,10516,0.720731926,0.7579949976,0.0372630715999999,13.343119056279946,Czechia,177913,0.177913,10791554.000637293,ok,europe_ex_russia,16.48631883688794,Europe,1049360,True,True
europe_ex_russia,CZE,Czechia,ntl,42145,0.7231243970000001,0.758073127,0.0349487299999998,12.62253864960427,Czechia,177913,0.177913,10791554.000637293,ok,europe_ex_russia,16.48631883688794,Europe,1049360,True,True
europe_ex_russia,CZE,Czechia,pm25,7316,0.8803861857999999,0.9568578124,0.0764716266,63.93210275205824,Czechia,177913,0.177913,10791554.000637293,ok,europe_ex_russia,16.48631883688794,Europe,1049360,True,True
europe_ex_russia,CZE,Czechia,pop,1049360,0.8047107816000001,0.8065658568,0.0018550751999999,0.9499117335808568,Czechia,177913,0.177913,10791554.000637293,ok,europe_ex_russia,16.48631883688794,Europe,1049360,True,True
europe_ex_russia,DEU,Germany,gdp,86555,0.8522332192000001,0.8915970086,0.0393637893999999,26.639133089918392,Germany,2091311,2.091311,84695563.00397173,ok,europe_ex_russia,24.69209632506876,Europe,8530001,True,True
europe_ex_russia,DEU,Germany,lst,86373,0.668903279,0.7086826562,0.0397793772,12.014428013619629,Germany,2091311,2.091311,84695563.00397173,ok,europe_ex_russia,24.69209632506876,Europe,8530001,True,True
europe_ex_russia,DEU,Germany,ntl,346704,0.617093897,0.666785407,0.04969151,12.977466175304093,Germany,2091311,2.091311,84695563.00397173,ok,europe_ex_russia,24.69209632506876,Europe,8530001,True,True
europe_ex_russia,DEU,Germany,pm25,60066,0.7935128450000001,0.8790256621999999,0.0855128171999998,41.41314126779452,Germany,2091311,2.091311,84695563.00397173,ok,europe_ex_russia,24.69209632506876,Europe,8530001,True,True
europe_ex_russia,DEU,Germany,pop,8530001,0.8580976962,0.8634524942,0.005354798,3.7735807359034914,Germany,2091311,2.091311,84695563.00397173,ok,europe_ex_russia,24.69209632506876,Europe,8530001,True,True
europe_ex_russia,DNK,Denmark,gdp,6374,0.7554274204,0.8648084998,0.1093810793999999,44.72336170264607,Denmark,199309,0.199309,5963903.001814817,ok,europe_ex_russia,33.41922226759057,Europe,609806,True,True
europe_ex_russia,DNK,Denmark,lst,6182,0.585050917,0.673087442,0.088036525,21.21622353362329,Denmark,199309,0.199309,5963903.001814817,ok,europe_ex_russia,33.41922226759057,Europe,609806,True,True
europe_ex_russia,DNK,Denmark,ntl,25279,0.3885422109999999,0.4279279828,0.0393857718,6.441290389711599,Denmark,199309,0.199309,5963903.001814817,ok,europe_ex_russia,33.41922226759057,Europe,609806,True,True
europe_ex_russia,DNK,Denmark,pm25,4356,0.6456897736,0.8548347474,0.2091449737999999,59.02877145969953,Denmark,199309,0.199309,5963903.001814817,ok,europe_ex_russia,33.41922226759057,Europe,609806,True,True
europe_ex_russia,DNK,Denmark,pop,609806,0.7775455595999999,0.7792929768000001,0.0017474172000001,0.7855168891473187,Denmark,199309,0.199309,5963903.001814817,ok,europe_ex_russia,33.41922226759057,Europe,609806,True,True
europe_ex_russia,ESP,Spain,gdp,26102,0.9079514144,0.9269645334,0.019013119,20.655525422869733,Spain,1222337,1.222337,47915814.99563928,ok,europe_ex_russia,25.510095155665045,Europe,2545780,True,True
europe_ex_russia,ESP,Spain,lst,25446,0.957588625,0.9611680386,0.0035794136,8.43974900601554,Spain,1222337,1.222337,47915814.99563928,ok,europe_ex_russia,25.510095155665045,Europe,2545780,True,True
europe_ex_russia,ESP,Spain,ntl,104459,0.6816361665999999,0.7074810388,0.0258448722,8.11803021844129,Spain,1222337,1.222337,47915814.99563928,ok,europe_ex_russia,25.510095155665045,Europe,2545780,True,True
europe_ex_russia,ESP,Spain,pm25,18096,0.8897518158000001,0.9256892324,0.0359374166,32.59683310049479,Spain,1222337,1.222337,47915814.99563928,ok,europe_ex_russia,25.510095155665045,Europe,2545780,True,True
europe_ex_russia,ESP,Spain,pop,2545780,0.8381420138,0.8399928806,0.0018508668,1.1435128061663828,Spain,1222337,1.222337,47915814.99563928,ok,europe_ex_russia,25.510095155665045,Europe,2545780,True,True
europe_ex_russia,FIN,Finland,gdp,8425,0.8642546058,0.8971397877999999,0.0328851819999999,24.225633726878897,Finland,168250,0.16825,5612044.004818198,ok,europe_ex_russia,29.9801640642072,Europe,764058,True,True
europe_ex_russia,FIN,Finland,lst,8250,0.8710865139999999,0.8903294206,0.0192429066,14.926992665453204,Finland,168250,0.16825,5612044.004818198,ok,europe_ex_russia,29.9801640642072,Europe,764058,True,True
europe_ex_russia,FIN,Finland,ntl,33510,0.0906437156,0.1747392536,0.084095538,9.247809625628404,Finland,168250,0.16825,5612044.004818198,ok,europe_ex_russia,29.9801640642072,Europe,764058,True,True
europe_ex_russia,FIN,Finland,pm25,5730,0.8688951612,0.9212172626,0.0523221014000001,39.90859672221354,Finland,168250,0.16825,5612044.004818198,ok,europe_ex_russia,29.9801640642072,Europe,764058,True,True
europe_ex_russia,FIN,Finland,pop,764058,0.7785633923999999,0.784852171,0.0062887786000001,2.839990491256107,Finland,168250,0.16825,5612044.004818198,ok,europe_ex_russia,29.9801640642072,Europe,764058,True,True
europe_ex_russia,FRA,France,gdp,56179,0.8892255303999999,0.9154373886,0.0262118582000001,23.66236398571763,France,1573376,1.573376,66496159.005739726,ok,europe_ex_russia,23.661156125787528,Europe,5524944,True,True
europe_ex_russia,FRA,France,lst,55579,0.9254261732,0.9326297282,0.007203555,9.659629000023404,France,1573376,1.573376,66496159.005739726,ok,europe_ex_russia,23.661156125787528,Europe,5524944,True,True
europe_ex_russia,FRA,France,ntl,224834,0.5902296422,0.6153847098,0.0251550676,6.138820712912016,France,1573376,1.573376,66496159.005739726,ok,europe_ex_russia,23.661156125787528,Europe,5524944,True,True
europe_ex_russia,FRA,France,pm25,38987,0.8661213876,0.9161395548,0.0500181671999999,37.36083479156225,France,1573376,1.573376,66496159.005739726,ok,europe_ex_russia,23.661156125787528,Europe,5524944,True,True
europe_ex_russia,FRA,France,pop,5524944,0.7955107212,0.7954295516000001,-8.116959999993067e-05,-0.039693816945444,France,1573376,1.573376,66496159.005739726,ok,europe_ex_russia,23.661156125787528,Europe,5524944,True,True
europe_ex_russia,GBR,United Kingdom,gdp,52564,0.8213768720000001,0.889485419,0.0681085469999999,38.12974711762966,United Kingdom,2514854,2.514854,68906556.63514511,ok,europe_ex_russia,36.4965849812516,Europe,5181146,True,True
europe_ex_russia,GBR,United Kingdom,lst,52013,0.8663643956,0.8846071362,0.0182427405999999,13.651107937818384,United Kingdom,2514854,2.514854,68906556.63514511,ok,europe_ex_russia,36.4965849812516,Europe,5181146,True,True
europe_ex_russia,GBR,United Kingdom,ntl,210314,0.7493323922,0.7665576338,0.0172252415999999,6.871746114776599,United Kingdom,2514854,2.514854,68906556.63514511,ok,europe_ex_russia,36.4965849812516,Europe,5181146,True,True
europe_ex_russia,GBR,United Kingdom,pm25,36559,0.8621368051999999,0.9289266466,0.0667898414000002,48.44646281184264,United Kingdom,2514854,2.514854,68906556.63514511,ok,europe_ex_russia,36.4965849812516,Europe,5181146,True,True
europe_ex_russia,GBR,United Kingdom,pop,5181146,0.6978303314,0.6979781388,0.0001478074,0.0489153662195492,United Kingdom,2514854,2.514854,68906556.63514511,ok,europe_ex_russia,36.4965849812516,Europe,5181146,True,True
europe_ex_russia,GRC,Greece,gdp,5066,0.9000889182,0.9323123096,0.0322233913999999,32.25206935953723,Greece,319127,0.319127,10135934.890809324,ok,europe_ex_russia,31.48471289899127,Europe,483867,True,True
europe_ex_russia,GRC,Greece,lst,4840,0.8403552176,0.8670476078,0.0266923902,16.719863811847336,Greece,319127,0.319127,10135934.890809324,ok,europe_ex_russia,31.48471289899127,Europe,483867,True,True
europe_ex_russia,GRC,Greece,ntl,20382,0.8289342046,0.8499723316000001,0.021038127,12.2982662611231,Greece,319127,0.319127,10135934.890809324,ok,europe_ex_russia,31.48471289899127,Europe,483867,True,True
europe_ex_russia,GRC,Greece,pm25,3539,0.7504332662000001,0.8593791842,0.1089459179999999,43.65402244968596,Greece,319127,0.319127,10135934.890809324,ok,europe_ex_russia,31.48471289899127,Europe,483867,True,True
europe_ex_russia,GRC,Greece,pop,483867,0.8940422652000001,0.9077594162,0.0137171509999999,12.94587037547724,Greece,319127,0.319127,10135934.890809324,ok,europe_ex_russia,31.48471289899127,Europe,483867,True,True
europe_ex_russia,HRV,Croatia,gdp,2939,0.7940229654000001,0.8240928648000001,0.0300698994,14.59866603983047,Croatia,74464,0.074464,3889335.0008974895,ok,europe_ex_russia,19.145689425780223,Europe,284088,True,True
europe_ex_russia,HRV,Croatia,lst,2897,0.7728151796,0.8140027884000001,0.0411876088,18.129560208944337,Croatia,74464,0.074464,3889335.0008974895,ok,europe_ex_russia,19.145689425780223,Europe,284088,True,True
europe_ex_russia,HRV,Croatia,ntl,11733,0.7137672424,0.754330957,0.0405637145999999,14.171583623103787,Croatia,74464,0.074464,3889335.0008974895,ok,europe_ex_russia,19.145689425780223,Europe,284088,True,True
europe_ex_russia,HRV,Croatia,pm25,1993,0.7968321680000001,0.9027648808,0.1059327127999999,52.14049476100134,Croatia,74464,0.074464,3889335.0008974895,ok,europe_ex_russia,19.145689425780223,Europe,284088,True,True
europe_ex_russia,HRV,Croatia,pop,284088,0.704665911,0.7284181949999999,0.0237522839999999,8.042513507473888,Croatia,74464,0.074464,3889335.0008974895,ok,europe_ex_russia,19.145689425780223,Europe,284088,True,True
europe_ex_russia,HUN,Hungary,gdp,10600,0.8714617847999999,0.9372102976,0.0657485128000001,51.15094580837164,Hungary,165609,0.165609,9689721.999833403,ok,europe_ex_russia,17.091202410435237,Europe,1048995,True,True
europe_ex_russia,HUN,Hungary,lst,10609,0.8076948764,0.8409524082000001,0.0332575318,17.29414753877105,Hungary,165609,0.165609,9689721.999833403,ok,europe_ex_russia,17.091202410435237,Europe,1048995,True,True
europe_ex_russia,HUN,Hungary,ntl,42686,0.7262052416,0.7829654814,0.0567602398,20.730944643241205,Hungary,165609,0.165609,9689721.999833403,ok,europe_ex_russia,17.091202410435237,Europe,1048995,True,True
europe_ex_russia,HUN,Hungary,pm25,7384,0.7138048052,0.8866424439999999,0.1728376387999999,60.391523666490265,Hungary,165609,0.165609,9689721.999833403,ok,europe_ex_russia,17.091202410435237,Europe,1048995,True,True
europe_ex_russia,HUN,Hungary,pop,1048995,0.8725860716,0.8818042873999999,0.0092182157999999,7.234857221465224,Hungary,165609,0.165609,9689721.999833403,ok,europe_ex_russia,17.091202410435237,Europe,1048995,True,True
europe_ex_russia,IRL,Ireland,gdp,3677,0.7785009622000001,0.8383734464,0.0598724841999999,27.030584328795644,Ireland,136916,0.136916,5227424.999885536,ok,europe_ex_russia,26.19186310716998,Europe,357211,True,True
europe_ex_russia,IRL,Ireland,lst,3614,0.697578287,0.7433955432,0.0458172561999999,15.150121248073214,Ireland,136916,0.136916,5227424.999885536,ok,europe_ex_russia,26.19186310716998,Europe,357211,True,True
europe_ex_russia,IRL,Ireland,ntl,14462,0.7700447323999999,0.7922715306,0.0222267982,9.665705174739845,Ireland,136916,0.136916,5227424.999885536,ok,europe_ex_russia,26.19186310716998,Europe,357211,True,True
europe_ex_russia,IRL,Ireland,pm25,2518,0.484998691,0.695790541,0.21079185,40.93035227605606,Ireland,136916,0.136916,5227424.999885536,ok,europe_ex_russia,26.19186310716998,Europe,357211,True,True
europe_ex_russia,IRL,Ireland,pop,357211,0.7786527752,0.7838621736,0.0052093984,2.353496143765525,Ireland,136916,0.136916,5227424.999885536,ok,europe_ex_russia,26.19186310716998,Europe,357211,True,True
europe_ex_russia,ITA,Italy,gdp,48094,0.8351798178,0.8773382782000001,0.0421584604000001,25.578457587701987,Italy,1865189,1.865189,59435140.99944655,ok,europe_ex_russia,31.38192269144896,Europe,4732714,True,True
europe_ex_russia,ITA,Italy,lst,47715,0.954278171,0.9599081278,0.0056299568,12.313498657282503,Italy,1865189,1.865189,59435140.99944655,ok,europe_ex_russia,31.38192269144896,Europe,4732714,True,True
europe_ex_russia,ITA,Italy,ntl,193043,0.710689616,0.7433068156,0.0326171995999999,11.274119908533937,Italy,1865189,1.865189,59435140.99944655,ok,europe_ex_russia,31.38192269144896,Europe,4732714,True,True
europe_ex_russia,ITA,Italy,pm25,33549,0.921352434,0.9517871378,0.0304347038000001,38.69757876550189,Italy,1865189,1.865189,59435140.99944655,ok,europe_ex_russia,31.38192269144896,Europe,4732714,True,True
europe_ex_russia,ITA,Italy,pop,4732714,0.8456568122,0.8520753384,0.0064185262,4.158606733144106,Italy,1865189,1.865189,59435140.99944655,ok,europe_ex_russia,31.38192269144896,Europe,4732714,True,True
europe_ex_russia,KOS,Kosovo,gdp,1611,0.8572632552,0.8934345126000001,0.0361712574,25.341237430265437,Kosovo,15704,0.015704,1690921.000362413,ok_worldpop2024_xkx_mapped_to_kos,europe_ex_russia,9.287246415790081,Europe,161347,True,True
europe_ex_russia,KOS,Kosovo,lst,1617,0.8078055978,0.8334988714,0.0256932735999999,13.36837769773503,Kosovo,15704,0.015704,1690921.000362413,ok_worldpop2024_xkx_mapped_to_kos,europe_ex_russia,9.287246415790081,Europe,161347,True,True
europe_ex_russia,KOS,Kosovo,ntl,6452,0.794943738,0.8148736121999999,0.0199298741999999,9.719222424916689,Kosovo,15704,0.015704,1690921.000362413,ok_worldpop2024_xkx_mapped_to_kos,europe_ex_russia,9.287246415790081,Europe,161347,True,True
europe_ex_russia,KOS,Kosovo,pm25,1116,0.7237079262,0.8173985602,0.093690634,33.909997022867906,Kosovo,15704,0.015704,1690921.000362413,ok_worldpop2024_xkx_mapped_to_kos,europe_ex_russia,9.287246415790081,Europe,161347,True,True
europe_ex_russia,KOS,Kosovo,pop,161347,0.6438192726,0.7055959822,0.0617767095999999,17.34420333490507,Kosovo,15704,0.015704,1690921.000362413,ok_worldpop2024_xkx_mapped_to_kos,europe_ex_russia,9.287246415790081,Europe,161347,True,True
europe_ex_russia,LTU,Lithuania,gdp,2453,0.6984459878,0.846390152,0.1479441642,49.06058557160859,Lithuania,46549,0.046549,2866813.0010427805,ok,europe_ex_russia,16.23719439777487,Europe,239900,True,True
europe_ex_russia,LTU,Lithuania,lst,2466,0.5436811924,0.6679667474,0.1242855549999999,27.23656201103729,Lithuania,46549,0.046549,2866813.0010427805,ok,europe_ex_russia,16.23719439777487,Europe,239900,True,True
europe_ex_russia,LTU,Lithuania,ntl,9777,0.7268563746,0.7803415418,0.0534851672,19.581334589696077,Lithuania,46549,0.046549,2866813.0010427805,ok,europe_ex_russia,16.23719439777487,Europe,239900,True,True
europe_ex_russia,LTU,Lithuania,pm25,1677,0.7848397496,0.9303893448,0.1455495952,67.64706535217901,Lithuania,46549,0.046549,2866813.0010427805,ok,europe_ex_russia,16.23719439777487,Europe,239900,True,True
europe_ex_russia,LTU,Lithuania,pop,239900,0.6883477808,0.7493912936,0.0610435127999999,19.587061807772933,Lithuania,46549,0.046549,2866813.0010427805,ok,europe_ex_russia,16.23719439777487,Europe,239900,True,True
europe_ex_russia,LVA,Latvia,gdp,1645,0.8427148698,0.847157979,0.0044431092,2.8248755583889373,Latvia,34224,0.034224,1874925.15550419,ok,europe_ex_russia,18.253528627278328,Europe,148454,True,True
europe_ex_russia,LVA,Latvia,lst,1559,0.4606461283999999,0.6423171756,0.1816710472,33.68308948280478,Latvia,34224,0.034224,1874925.15550419,ok,europe_ex_russia,18.253528627278328,Europe,148454,True,True
europe_ex_russia,LVA,Latvia,ntl,6424,0.4960262298,0.5311808586,0.0351546287999999,6.975487788987311,Latvia,34224,0.034224,1874925.15550419,ok,europe_ex_russia,18.253528627278328,Europe,148454,True,True
europe_ex_russia,LVA,Latvia,pm25,1114,0.8238515498,0.9402439714,0.1163924215999999,66.07632452505105,Latvia,34224,0.034224,1874925.15550419,ok,europe_ex_russia,18.253528627278328,Europe,148454,True,True
europe_ex_russia,LVA,Latvia,pop,148454,0.695311725,0.7649608494,0.0696491243999999,22.85914165879863,Latvia,34224,0.034224,1874925.15550419,ok,europe_ex_russia,18.253528627278328,Europe,148454,True,True
europe_ex_russia,MDA,Moldova,gdp,3800,0.8636362074000001,0.900886619,0.0372504115999997,27.31693720874099,Moldova,18314,0.018314,3053416.00026952,ok,europe_ex_russia,5.99787254615272,Europe,381755,True,True
europe_ex_russia,MDA,Moldova,lst,3744,0.6260807749999999,0.6749085308,0.0488277558,13.058369972819689,Moldova,18314,0.018314,3053416.00026952,ok,europe_ex_russia,5.99787254615272,Europe,381755,True,True
europe_ex_russia,MDA,Moldova,ntl,15429,0.7561590552,0.7897454500000001,0.0335863948,13.773894629364984,Moldova,18314,0.018314,3053416.00026952,ok,europe_ex_russia,5.99787254615272,Europe,381755,True,True
europe_ex_russia,MDA,Moldova,pm25,2679,0.7062069536,0.7863016723999999,0.0800947187999999,27.26229220924133,Moldova,18314,0.018314,3053416.00026952,ok,europe_ex_russia,5.99787254615272,Europe,381755,True,True
europe_ex_russia,MDA,Moldova,pop,381755,0.8470249294000001,0.8573336124000001,0.0103086829999999,6.738799308650223,Moldova,18314,0.018314,3053416.00026952,ok,europe_ex_russia,5.99787254615272,Europe,381755,True,True
europe_ex_russia,MKD,North Macedonia,gdp,1624,0.7603114606,0.759903586,-0.0004078746,-0.170168586708833,North Macedonia,23679,0.023679,1827511.999673283,ok,europe_ex_russia,12.956960066053332,Europe,156583,True,True
europe_ex_russia,MKD,North Macedonia,lst,1633,0.8990065456,0.912847471,0.0138409254,13.704774712607556,North Macedonia,23679,0.023679,1827511.999673283,ok,europe_ex_russia,12.956960066053332,Europe,156583,True,True
europe_ex_russia,MKD,North Macedonia,ntl,6323,0.786567235,0.7906421777999999,0.0040749427999998,1.909239567786076,North Macedonia,23679,0.023679,1827511.999673283,ok,europe_ex_russia,12.956960066053332,Europe,156583,True,True
europe_ex_russia,MKD,North Macedonia,pm25,1083,0.8230337499999999,0.8752062082000001,0.0521724582000001,29.48158657371116,North Macedonia,23679,0.023679,1827511.999673283,ok,europe_ex_russia,12.956960066053332,Europe,156583,True,True
europe_ex_russia,MKD,North Macedonia,pop,156583,0.817393601,0.852934873,0.035541272,19.463322312160603,North Macedonia,23679,0.023679,1827511.999673283,ok,europe_ex_russia,12.956960066053332,Europe,156583,True,True
europe_ex_russia,NLD,Netherlands,gdp,16078,0.7360396506,0.836929846,0.1008901954,38.22172369044454,Netherlands,614978,0.614978,18165553.99899533,ok,europe_ex_russia,33.8540734862263,Europe,1553611,True,True
europe_ex_russia,NLD,Netherlands,lst,15749,0.6465970395999999,0.7054006698,0.0588036302000001,16.639257954557902,Netherlands,614978,0.614978,18165553.99899533,ok,europe_ex_russia,33.8540734862263,Europe,1553611,True,True
europe_ex_russia,NLD,Netherlands,ntl,64633,0.1924610974,0.2639670134,0.071505916,8.854795201788463,Netherlands,614978,0.614978,18165553.99899533,ok,europe_ex_russia,33.8540734862263,Europe,1553611,True,True
europe_ex_russia,NLD,Netherlands,pm25,11235,0.6407004117999999,0.7469344616,0.1062340498,29.56698345584133,Netherlands,614978,0.614978,18165553.99899533,ok,europe_ex_russia,33.8540734862263,Europe,1553611,True,True
europe_ex_russia,NLD,Netherlands,pop,1553611,0.8056983232,0.8275727392000001,0.021874416,11.257965633778856,Netherlands,614978,0.614978,18165553.99899533,ok,europe_ex_russia,33.8540734862263,Europe,1553611,True,True
europe_ex_russia,NOR,Norway,gdp,7542,0.8432031154,0.8760325196000001,0.0328294042,20.93753602550853,Norway,186382,0.186382,5549778.992251847,ok,europe_ex_russia,33.58367968530125,Europe,657812,True,True
europe_ex_russia,NOR,Norway,lst,6899,0.9143933892,0.9210978744,0.0067044851999999,7.831737686314291,Norway,186382,0.186382,5549778.992251847,ok,europe_ex_russia,33.58367968530125,Europe,657812,True,True
europe_ex_russia,NOR,Norway,ntl,30012,0.3345614194,0.4231619238,0.0886005044,13.31460287741544,Norway,186382,0.186382,5549778.992251847,ok,europe_ex_russia,33.58367968530125,Europe,657812,True,True
europe_ex_russia,NOR,Norway,pm25,4750,0.8809657098000001,0.914732015,0.0337663051999999,28.366872388843746,Norway,186382,0.186382,5549778.992251847,ok,europe_ex_russia,33.58367968530125,Europe,657812,True,True
europe_ex_russia,NOR,Norway,pop,657812,0.5875513672,0.5942364216,0.0066850544,1.6208210837352064,Norway,186382,0.186382,5549778.992251847,ok,europe_ex_russia,33.58367968530125,Europe,657812,True,True
europe_ex_russia,POL,Poland,gdp,35604,0.8603105308,0.9034417748,0.0431312439999999,30.87651792723677,Poland,543735,0.543735,38711737.99836584,ok,europe_ex_russia,14.045739822452637,Europe,3498007,True,True
europe_ex_russia,POL,Poland,lst,35609,0.6782195092000001,0.7250530838,0.0468335745999999,14.554510276108989,Poland,543735,0.543735,38711737.99836584,ok,europe_ex_russia,14.045739822452637,Europe,3498007,True,True
europe_ex_russia,POL,Poland,ntl,141917,0.6765090466,0.700182569,0.0236735223999999,7.318140476938599,Poland,543735,0.543735,38711737.99836584,ok,europe_ex_russia,14.045739822452637,Europe,3498007,True,True
europe_ex_russia,POL,Poland,pm25,24647,0.921364534,0.976486671,0.055122137,70.09831543441224,Poland,543735,0.543735,38711737.99836584,ok,europe_ex_russia,14.045739822452637,Europe,3498007,True,True
europe_ex_russia,POL,Poland,pop,3498007,0.8492993592,0.8539580821999999,0.0046587229999999,3.091375707010212,Poland,543735,0.543735,38711737.99836584,ok,europe_ex_russia,14.045739822452637,Europe,3498007,True,True
europe_ex_russia,PRT,Portugal,gdp,8374,0.8285756114,0.8589458466,0.0303702351999999,17.71640281060914,Portugal,326971,0.326971,10430651.001849538,ok,europe_ex_russia,31.347132594314804,Europe,812705,True,True
europe_ex_russia,PRT,Portugal,lst,8212,0.8663526656,0.8810286286,0.0146759629999999,10.981111644228918,Portugal,326971,0.326971,10430651.001849538,ok,europe_ex_russia,31.347132594314804,Europe,812705,True,True
europe_ex_russia,PRT,Portugal,ntl,33133,0.7747913598,0.8027412295999999,0.0279498697999999,12.41065608103606,Portugal,326971,0.326971,10430651.001849538,ok,europe_ex_russia,31.347132594314804,Europe,812705,True,True
europe_ex_russia,PRT,Portugal,pm25,5739,0.909297061,0.9288129926,0.0195159315999999,21.516316687378755,Portugal,326971,0.326971,10430651.001849538,ok,europe_ex_russia,31.347132594314804,Europe,812705,True,True
europe_ex_russia,PRT,Portugal,pop,812705,0.8380140902000001,0.8345304966,-0.0034835936,-2.15055346745971,Portugal,326971,0.326971,10430651.001849538,ok,europe_ex_russia,31.347132594314804,Europe,812705,True,True
europe_ex_russia,ROU,Romania,gdp,17342,0.8977150322,0.930553031,0.0328379987999999,32.10442307046407,Romania,206853,0.206853,19067838.002341308,ok,europe_ex_russia,10.8482671173628,Europe,1721511,True,True
europe_ex_russia,ROU,Romania,lst,17292,0.902654624,0.9132533908,0.0105987667999999,10.887796868748993,Romania,206853,0.206853,19067838.002341308,ok,europe_ex_russia,10.8482671173628,Europe,1721511,True,True
europe_ex_russia,ROU,Romania,ntl,69836,0.8094409942,0.8371368884000001,0.0276958942,14.534025344920265,Romania,206853,0.206853,19067838.002341308,ok,europe_ex_russia,10.8482671173628,Europe,1721511,True,True
europe_ex_russia,ROU,Romania,pm25,12061,0.734523797,0.8573886154,0.1228648183999999,46.28091595840701,Romania,206853,0.206853,19067838.002341308,ok,europe_ex_russia,10.8482671173628,Europe,1721511,True,True
europe_ex_russia,ROU,Romania,pop,1721511,0.7952949882,0.8055012584,0.0102062701999999,4.985842852724908,Romania,206853,0.206853,19067838.002341308,ok,europe_ex_russia,10.8482671173628,Europe,1721511,True,True
europe_ex_russia,SRB,Republic of Serbia,gdp,5538,0.8402446151999999,0.8890937922,0.048849177,30.57748385830936,Republic of Serbia,64028,0.064028,6758334.000951136,ok,europe_ex_russia,9.47393247965978,Europe,546304,True,True
europe_ex_russia,SRB,Republic of Serbia,lst,5558,0.7776314856,0.8066632865999999,0.0290318009999999,13.055715679143788,Republic of Serbia,64028,0.064028,6758334.000951136,ok,europe_ex_russia,9.47393247965978,Europe,546304,True,True
europe_ex_russia,SRB,Republic of Serbia,ntl,22370,0.7969407438,0.8228515864,0.0259108425999999,12.760237127274568,Republic of Serbia,64028,0.064028,6758334.000951136,ok,europe_ex_russia,9.47393247965978,Europe,546304,True,True
europe_ex_russia,SRB,Republic of Serbia,pm25,3889,0.8221165894,0.9152736426,0.0931570532000001,52.3697251395067,Republic of Serbia,64028,0.064028,6758334.000951136,ok,europe_ex_russia,9.47393247965978,Europe,546304,True,True
europe_ex_russia,SRB,Republic of Serbia,pop,546304,0.8457316995999999,0.8592795371999999,0.0135478376,8.78199705634405,Republic of Serbia,64028,0.064028,6758334.000951136,ok,europe_ex_russia,9.47393247965978,Europe,546304,True,True
europe_ex_russia,SVK,Slovakia,gdp,6606,0.6952169658,0.8231484532,0.1279314873999999,41.974609162808825,Slovakia,73414,0.073414,5519119.313223538,ok,europe_ex_russia,13.301759906531403,Europe,650789,True,True
europe_ex_russia,SVK,Slovakia,lst,6607,0.8618924858,0.8726498722,0.0107573864,7.789139108261506,Slovakia,73414,0.073414,5519119.313223538,ok,europe_ex_russia,13.301759906531403,Europe,650789,True,True
europe_ex_russia,SVK,Slovakia,ntl,26140,0.6225197791999999,0.651897025,0.0293772458000001,7.782459631325962,Slovakia,73414,0.073414,5519119.313223538,ok,europe_ex_russia,13.301759906531403,Europe,650789,True,True
europe_ex_russia,SVK,Slovakia,pm25,4539,0.8062065839999999,0.8876825452,0.0814759612000001,42.04268797243353,Slovakia,73414,0.073414,5519119.313223538,ok,europe_ex_russia,13.301759906531403,Europe,650789,True,True
europe_ex_russia,SVK,Slovakia,pop,650789,0.7972037794,0.8073113322,0.0101075527999999,4.9840932785115095,Slovakia,73414,0.073414,5519119.313223538,ok,europe_ex_russia,13.301759906531403,Europe,650789,True,True
europe_ex_russia,SVN,Slovenia,gdp,1997,0.8242128491999999,0.8678455469999999,0.0436326978,24.821323743760225,Slovenia,34053,0.034053,2119223.9995556884,ok,europe_ex_russia,16.06861757281886,Europe,195464,True,True
europe_ex_russia,SVN,Slovenia,lst,1977,0.8227012871999999,0.8437238336,0.0210225464000001,11.85713424987714,Slovenia,34053,0.034053,2119223.9995556884,ok,europe_ex_russia,16.06861757281886,Europe,195464,True,True
europe_ex_russia,SVN,Slovenia,ntl,7872,0.7065600632,0.7274578928000001,0.0208978296,7.121671926423372,Slovenia,34053,0.034053,2119223.9995556884,ok,europe_ex_russia,16.06861757281886,Europe,195464,True,True
europe_ex_russia,SVN,Slovenia,pm25,1353,0.7963773248,0.890208018,0.0938306932,46.080670096215314,Slovenia,34053,0.034053,2119223.9995556884,ok,europe_ex_russia,16.06861757281886,Europe,195464,True,True
europe_ex_russia,SVN,Slovenia,pop,195464,0.8264308216,0.8315806986000001,0.005149877,2.967045789737993,Slovenia,34053,0.034053,2119223.9995556884,ok,europe_ex_russia,16.06861757281886,Europe,195464,True,True
europe_ex_russia,SWE,Sweden,gdp,12677,0.7578963518,0.8413491009999999,0.0834527491999999,34.46984373034322,Sweden,332709,0.332709,10581078.012483932,ok,europe_ex_russia,31.443771571049577,Europe,1189501,True,True
europe_ex_russia,SWE,Sweden,lst,12403,0.9278559328,0.9406070708,0.0127511379999999,17.674548296051626,Sweden,332709,0.332709,10581078.012483932,ok,europe_ex_russia,31.443771571049577,Europe,1189501,True,True
europe_ex_russia,SWE,Sweden,ntl,51010,0.7161777257999999,0.7331532239999999,0.0169754981999999,5.981030998306331,Sweden,332709,0.332709,10581078.012483932,ok,europe_ex_russia,31.443771571049577,Europe,1189501,True,True
europe_ex_russia,SWE,Sweden,pm25,8866,0.9186442494,0.947969997,0.0293257476,36.046311887877856,Sweden,332709,0.332709,10581078.012483932,ok,europe_ex_russia,31.443771571049577,Europe,1189501,True,True
europe_ex_russia,SWE,Sweden,pop,1189501,0.6315047739999999,0.642754233,0.011249459,3.052809970460804,Sweden,332709,0.332709,10581078.012483932,ok,europe_ex_russia,31.443771571049577,Europe,1189501,True,True
europe_ex_russia,UKR,Ukraine,gdp,29719,0.8344848872,0.8729202866,0.0384353993999999,23.22168577224929,Ukraine,255434,0.255434,37441260.0009149,ok,europe_ex_russia,6.822259720793539,Europe,2880010,True,True
europe_ex_russia,UKR,Ukraine,lst,29512,0.8522575617999999,0.8726568224,0.0203992606,13.807312813117,Ukraine,255434,0.255434,37441260.0009149,ok,europe_ex_russia,6.822259720793539,Europe,2880010,True,True
europe_ex_russia,UKR,Ukraine,ntl,118485,-0.9830229642,-0.339685595,0.6433373692,32.44225512333076,Ukraine,255434,0.255434,37441260.0009149,ok,europe_ex_russia,6.822259720793539,Europe,2880010,True,True
europe_ex_russia,UKR,Ukraine,pm25,20362,0.8865314604,0.9194260002,0.0328945398,28.99000896280153,Ukraine,255434,0.255434,37441260.0009149,ok,europe_ex_russia,6.822259720793539,Europe,2880010,True,True
europe_ex_russia,UKR,Ukraine,pop,2880010,0.8265363934,0.8385034084,0.011967015,6.89886209249386,Ukraine,255434,0.255434,37441260.0009149,ok,europe_ex_russia,6.822259720793539,Europe,2880010,True,True
latin_america_caribbean,ARG,Argentina,gdp,20731,0.9386643528,0.9476251722,0.0089608194,14.60948047190419,Argentina,580669,0.580669,45617777.99928846,ok,latin_america_caribbean,12.729006660715855,Latin America & Caribbean,2035285,True,True
latin_america_caribbean,ARG,Argentina,lst,20587,0.9610022784,0.9676878214,0.006685543,17.143419476075263,Argentina,580669,0.580669,45617777.99928846,ok,latin_america_caribbean,12.729006660715855,Latin America & Caribbean,2035285,True,True
latin_america_caribbean,ARG,Argentina,ntl,82740,0.7535667540000001,0.7717886566000001,0.0182219026,7.3942549943119324,Argentina,580669,0.580669,45617777.99928846,ok,latin_america_caribbean,12.729006660715855,Latin America & Caribbean,2035285,True,True
latin_america_caribbean,ARG,Argentina,pm25,14436,0.9653620958,0.9760241152,0.0106620193999998,30.781364075716468,Argentina,580669,0.580669,45617777.99928846,ok,latin_america_caribbean,12.729006660715855,Latin America & Caribbean,2035285,True,True
latin_america_caribbean,ARG,Argentina,pop,2035285,0.9194043756,0.9237407448,0.0043363692,5.380402760425809,Argentina,580669,0.580669,45617777.99928846,ok,latin_america_caribbean,12.729006660715855,Latin America & Caribbean,2035285,True,True
latin_america_caribbean,BOL,Bolivia,gdp,4390,0.9365636706,0.9468027114,0.0102390407999999,16.140657722229328,Bolivia,79604,0.079604,12328824.011210892,ok,latin_america_caribbean,6.4567390959279,Latin America & Caribbean,433915,True,True
latin_america_caribbean,BOL,Bolivia,lst,4378,0.952992773,0.9549514652,0.0019586921999998,4.166789502388415,Bolivia,79604,0.079604,12328824.011210892,ok,latin_america_caribbean,6.4567390959279,Latin America & Caribbean,433915,True,True
latin_america_caribbean,BOL,Bolivia,ntl,17437,0.8972909928,0.9039037706,0.0066127778,6.438362106960398,Bolivia,79604,0.079604,12328824.011210892,ok,latin_america_caribbean,6.4567390959279,Latin America & Caribbean,433915,True,True
latin_america_caribbean,BOL,Bolivia,pm25,3016,0.9654227852,0.9772627116,0.0118399264,34.241989901396266,Bolivia,79604,0.079604,12328824.011210892,ok,latin_america_caribbean,6.4567390959279,Latin America & Caribbean,433915,True,True
latin_america_caribbean,BOL,Bolivia,pop,433915,0.8963557362,0.9052313446,0.0088756084,8.563530748915417,Bolivia,79604,0.079604,12328824.011210892,ok,latin_america_caribbean,6.4567390959279,Latin America & Caribbean,433915,True,True
latin_america_caribbean,BRA,Brazil,gdp,83324,0.7265241028,0.7998151659999999,0.0732910631999999,26.799825487509143,Brazil,3523155,3.523155,211574457.9038374,ok,latin_america_caribbean,16.652080950155653,Latin America & Caribbean,8155394,True,True
latin_america_caribbean,BRA,Brazil,lst,82338,0.9463338018,0.9485525252,0.0022187233999999,4.134303294098364,Brazil,3523155,3.523155,211574457.9038374,ok,latin_america_caribbean,16.652080950155653,Latin America & Caribbean,8155394,True,True
latin_america_caribbean,BRA,Brazil,ntl,332946,0.7993655682,0.8039579392,0.0045923709999999,2.288924667017192,Brazil,3523155,3.523155,211574457.9038374,ok,latin_america_caribbean,16.652080950155653,Latin America & Caribbean,8155394,True,True
latin_america_caribbean,BRA,Brazil,pm25,57770,0.9712335946,0.9788088084,0.0075752138,26.333543223999804,Brazil,3523155,3.523155,211574457.9038374,ok,latin_america_caribbean,16.652080950155653,Latin America & Caribbean,8155394,True,True
latin_america_caribbean,BRA,Brazil,pop,8155394,0.883043778,0.880292499,-0.002751279,-2.3524007128069258,Brazil,3523155,3.523155,211574457.9038374,ok,latin_america_caribbean,16.652080950155653,Latin America & Caribbean,8155394,True,True
latin_america_caribbean,CHL,Chile,gdp,7991,0.7940557956000001,0.8508176328000001,0.0567618372,27.561755071171145,Chile,266759,0.266759,19714430.994770177,ok,latin_america_caribbean,13.53115390805677,Latin America & Caribbean,769879,True,True
latin_america_caribbean,CHL,Chile,lst,7739,0.9709221362,0.971972847,0.0010507107999998,3.613438756116117,Chile,266759,0.266759,19714430.994770177,ok,latin_america_caribbean,13.53115390805677,Latin America & Caribbean,769879,True,True
latin_america_caribbean,CHL,Chile,ntl,31892,0.8173650864,0.8262938141999999,0.0089287277999998,4.888839501715006,Chile,266759,0.266759,19714430.994770177,ok,latin_america_caribbean,13.53115390805677,Latin America & Caribbean,769879,True,True
latin_america_caribbean,CHL,Chile,pm25,5523,0.901873243,0.9229851246,0.0211118815999998,21.514908110129323,Chile,266759,0.266759,19714430.994770177,ok,latin_america_caribbean,13.53115390805677,Latin America & Caribbean,769879,True,True
latin_america_caribbean,CHL,Chile,pop,769879,0.8611721636,0.8677692772000001,0.0065971136,4.752010670966589,Chile,266759,0.266759,19714430.994770177,ok,latin_america_caribbean,13.53115390805677,Latin America & Caribbean,769879,True,True
latin_america_caribbean,COL,Colombia,gdp,12970,0.8815406083999999,0.89973346,0.0181928516,15.357880328671254,Colombia,438059,0.438059,52601437.36532219,ok,latin_america_caribbean,8.327890299986233,Latin America & Caribbean,1268420,True,True
latin_america_caribbean,COL,Colombia,lst,12810,0.9580408334,0.9600250124,0.0019841790000001,4.728833198512901,Colombia,438059,0.438059,52601437.36532219,ok,latin_america_caribbean,8.327890299986233,Latin America & Caribbean,1268420,True,True
latin_america_caribbean,COL,Colombia,ntl,52157,0.7757008790000001,0.7817376972,0.0060368181999999,2.6914141139233028,Colombia,438059,0.438059,52601437.36532219,ok,latin_america_caribbean,8.327890299986233,Latin America & Caribbean,1268420,True,True
latin_america_caribbean,COL,Colombia,pm25,9007,0.922084761,0.9398643136,0.0177795525999999,22.81909524785001,Colombia,438059,0.438059,52601437.36532219,ok,latin_america_caribbean,8.327890299986233,Latin America & Caribbean,1268420,True,True
latin_america_caribbean,COL,Colombia,pop,1268420,0.6267141460000001,0.6315838698,0.0048697237999999,1.3045562128373471,Colombia,438059,0.438059,52601437.36532219,ok,latin_america_caribbean,8.327890299986233,Latin America & Caribbean,1268420,True,True
latin_america_caribbean,CRI,Costa Rica,gdp,2767,0.8920261145999999,0.9181652428,0.0261391282,24.208750202111432,Costa Rica,84884,0.084884,5118075.001476481,ok,latin_america_caribbean,16.58514186984606,Latin America & Caribbean,270462,True,True
latin_america_caribbean,CRI,Costa Rica,lst,2759,0.8957784889999999,0.9122100472,0.0164315582,15.765994987349655,Costa Rica,84884,0.084884,5118075.001476481,ok,latin_america_caribbean,16.58514186984606,Latin America & Caribbean,270462,True,True
latin_america_caribbean,CRI,Costa Rica,ntl,10944,0.8728637932,0.8935379984,0.0206742052,16.26146140455723,Costa Rica,84884,0.084884,5118075.001476481,ok,latin_america_caribbean,16.58514186984606,Latin America & Caribbean,270462,True,True
latin_america_caribbean,CRI,Costa Rica,pm25,1876,0.8396350144,0.874646902,0.0350118875999999,21.83262603678989,Costa Rica,84884,0.084884,5118075.001476481,ok,latin_america_caribbean,16.58514186984606,Latin America & Caribbean,270462,True,True
latin_america_caribbean,CRI,Costa Rica,pop,270462,0.8920896409999999,0.896530509,0.004440868,4.1153305772989714,Costa Rica,84884,0.084884,5118075.001476481,ok,latin_america_caribbean,16.58514186984606,Latin America & Caribbean,270462,True,True
latin_america_caribbean,CUB,Cuba,gdp,4592,0.6350278972,0.6644678236,0.0294399264,8.066349776912329,Cuba,12979,0.012979,11000593.00175077,ok,latin_america_caribbean,1.1798454863237249,Latin America & Caribbean,442581,True,True
latin_america_caribbean,CUB,Cuba,lst,4369,0.7957273722,0.8107520817999999,0.0150247095999999,7.3552241246489265,Cuba,12979,0.012979,11000593.00175077,ok,latin_america_caribbean,1.1798454863237249,Latin America & Caribbean,442581,True,True
latin_america_caribbean,CUB,Cuba,ntl,18386,0.4026252508,0.3834252478,-0.019200003,-3.214063370725416,Cuba,12979,0.012979,11000593.00175077,ok,latin_america_caribbean,1.1798454863237249,Latin America & Caribbean,442581,True,True
latin_america_caribbean,CUB,Cuba,pm25,3223,0.8822320822,0.9243308784,0.0420987961999999,35.747253569936106,Cuba,12979,0.012979,11000593.00175077,ok,latin_america_caribbean,1.1798454863237249,Latin America & Caribbean,442581,True,True
latin_america_caribbean,CUB,Cuba,pop,442581,0.8914620637999999,0.9069012046,0.0154391408000001,14.22464931666923,Cuba,12979,0.012979,11000593.00175077,ok,latin_america_caribbean,1.1798454863237249,Latin America & Caribbean,442581,True,True
latin_america_caribbean,DOM,Dominican Republic,gdp,5000,0.9290007708,0.936885202,0.0078844312000001,11.10495323518264,Dominican Republic,60440,0.06044,11379987.999059709,ok,latin_america_caribbean,5.311077657111234,Latin America & Caribbean,492138,True,True
latin_america_caribbean,DOM,Dominican Republic,lst,4923,0.881458938,0.892482996,0.011024058,9.29978002052998,Dominican Republic,60440,0.06044,11379987.999059709,ok,latin_america_caribbean,5.311077657111234,Latin America & Caribbean,492138,True,True
latin_america_caribbean,DOM,Dominican Republic,ntl,19931,0.8954059722000001,0.9033505798,0.0079446075999999,7.595660829881471,Dominican Republic,60440,0.06044,11379987.999059709,ok,latin_america_caribbean,5.311077657111234,Latin America & Caribbean,492138,True,True
latin_america_caribbean,DOM,Dominican Republic,pm25,3450,0.8848880288000001,0.9080497978,0.023161769,20.121077554790418,Dominican Republic,60440,0.06044,11379987.999059709,ok,latin_america_caribbean,5.311077657111234,Latin America & Caribbean,492138,True,True
latin_america_caribbean,DOM,Dominican Republic,pop,492138,0.9263744354,0.9323517562,0.0059773207999999,8.118539847502786,Dominican Republic,60440,0.06044,11379987.999059709,ok,latin_america_caribbean,5.311077657111234,Latin America & Caribbean,492138,True,True
latin_america_caribbean,ECU,Ecuador,gdp,6844,0.901511729,0.9225774168,0.0210656878000001,21.389031999556728,Ecuador,171935,0.171935,18058156.998521306,ok,latin_america_caribbean,9.521182035025996,Latin America & Caribbean,660984,True,True
latin_america_caribbean,ECU,Ecuador,lst,6692,0.9381272436,0.94283278,0.0047055364,7.605183078606213,Ecuador,171935,0.171935,18058156.998521306,ok,latin_america_caribbean,9.521182035025996,Latin America & Caribbean,660984,True,True
latin_america_caribbean,ECU,Ecuador,ntl,27117,0.5436798692,0.554424417,0.0107445478,2.3546074509496533,Ecuador,171935,0.171935,18058156.998521306,ok,latin_america_caribbean,9.521182035025996,Latin America & Caribbean,660984,True,True
latin_america_caribbean,ECU,Ecuador,pm25,4735,0.9481588244,0.9668945432,0.0187357188000002,36.14061329272826,Ecuador,171935,0.171935,18058156.998521306,ok,latin_america_caribbean,9.521182035025996,Latin America & Caribbean,660984,True,True
latin_america_caribbean,ECU,Ecuador,pop,660984,0.9057450772,0.9062391758,0.0004940986,0.5242151659796891,Ecuador,171935,0.171935,18058156.998521306,ok,latin_america_caribbean,9.521182035025996,Latin America & Caribbean,660984,True,True
latin_america_caribbean,GTM,Guatemala,gdp,12882,0.8480128648,0.8707685948,0.0227557299999999,14.972142194834907,Guatemala,77488,0.077488,18265192.00095801,ok,latin_america_caribbean,4.2423862829329,Latin America & Caribbean,1279296,True,True
latin_america_caribbean,GTM,Guatemala,lst,12872,0.9649389268,0.9670310022,0.0020920754,5.966946271342335,Guatemala,77488,0.077488,18265192.00095801,ok,latin_america_caribbean,4.2423862829329,Latin America & Caribbean,1279296,True,True
latin_america_caribbean,GTM,Guatemala,ntl,51579,0.8307895302,0.8407223582000001,0.009932828,5.870102489367393,Guatemala,77488,0.077488,18265192.00095801,ok,latin_america_caribbean,4.2423862829329,Latin America & Caribbean,1279296,True,True
latin_america_caribbean,GTM,Guatemala,pm25,8891,0.844191897,0.880320585,0.036128688,23.18793907657037,Guatemala,77488,0.077488,18265192.00095801,ok,latin_america_caribbean,4.2423862829329,Latin America & Caribbean,1279296,True,True
latin_america_caribbean,GTM,Guatemala,pop,1279296,0.8633776188000001,0.8597897769999999,-0.0035878418000001,-2.626101059348364,Guatemala,77488,0.077488,18265192.00095801,ok,latin_america_caribbean,4.2423862829329,Latin America & Caribbean,1279296,True,True
latin_america_caribbean,HND,Honduras,gdp,5876,0.9402791856,0.946163547,0.0058843614,9.853116470561792,Honduras,32642,0.032642,10735392.001579797,ok,latin_america_caribbean,3.0405969335070835,Latin America & Caribbean,583234,True,True
latin_america_caribbean,HND,Honduras,lst,5839,0.9427141548,0.9456252338,0.002911079,5.081672426821579,Honduras,32642,0.032642,10735392.001579797,ok,latin_america_caribbean,3.0405969335070835,Latin America & Caribbean,583234,True,True
latin_america_caribbean,HND,Honduras,ntl,23700,0.8573420882,0.8561063647999999,-0.0012357234000001,-0.8662144176991315,Honduras,32642,0.032642,10735392.001579797,ok,latin_america_caribbean,3.0405969335070835,Latin America & Caribbean,583234,True,True
latin_america_caribbean,HND,Honduras,pm25,4089,0.8752133488,0.901492393,0.0262790442,21.05917896448851,Honduras,32642,0.032642,10735392.001579797,ok,latin_america_caribbean,3.0405969335070835,Latin America & Caribbean,583234,True,True
latin_america_caribbean,HND,Honduras,pop,583234,0.7996976136,0.7993932603999999,-0.0003043532000001,-0.1519468666700353,Honduras,32642,0.032642,10735392.001579797,ok,latin_america_caribbean,3.0405969335070835,Latin America & Caribbean,583234,True,True
latin_america_caribbean,HTI,Haiti,gdp,9034,0.7066926837999999,0.7728587986000001,0.0661661148000001,22.558630878093357,Haiti,10609,0.010609,11705194.998830585,ok,latin_america_caribbean,0.9063497020818448,Latin America & Caribbean,888948,True,True
latin_america_caribbean,HTI,Haiti,lst,8847,0.948556745,0.950181234,0.0016244890000001,3.157827007641949,Haiti,10609,0.010609,11705194.998830585,ok,latin_america_caribbean,0.9063497020818448,Latin America & Caribbean,888948,True,True
latin_america_caribbean,HTI,Haiti,ntl,36225,0.6808616519999999,0.6613823654,-0.0194792865999999,-6.103712299720238,Haiti,10609,0.010609,11705194.998830585,ok,latin_america_caribbean,0.9063497020818448,Latin America & Caribbean,888948,True,True
latin_america_caribbean,HTI,Haiti,pm25,6247,0.9236043096,0.9460530996,0.0224487899999999,29.38489053827568,Haiti,10609,0.010609,11705194.998830585,ok,latin_america_caribbean,0.9063497020818448,Latin America & Caribbean,888948,True,True
latin_america_caribbean,HTI,Haiti,pop,888948,0.8405386803999999,0.8633077622,0.0227690818000001,14.2787491393619,Haiti,10609,0.010609,11705194.998830585,ok,latin_america_caribbean,0.9063497020818448,Latin America & Caribbean,888948,True,True
latin_america_caribbean,JAM,Jamaica,gdp,1744,0.9313111186,0.9596589444,0.0283478258,41.26989000580824,Jamaica,11466,0.011466,2839821.999651134,ok,latin_america_caribbean,4.037577003561692,Latin America & Caribbean,167992,True,True
latin_america_caribbean,JAM,Jamaica,lst,1666,0.9335511922,0.9409797788,0.0074285866,11.179412913409733,Jamaica,11466,0.011466,2839821.999651134,ok,latin_america_caribbean,4.037577003561692,Latin America & Caribbean,167992,True,True
latin_america_caribbean,JAM,Jamaica,ntl,6963,0.8043911575999999,0.8464143037999999,0.0420231462,21.483254889912896,Jamaica,11466,0.011466,2839821.999651134,ok,latin_america_caribbean,4.037577003561692,Latin America & Caribbean,167992,True,True
latin_america_caribbean,JAM,Jamaica,pm25,1255,0.7843428614000001,0.8395189884,0.0551761269999999,25.585115038709876,Jamaica,11466,0.011466,2839821.999651134,ok,latin_america_caribbean,4.037577003561692,Latin America & Caribbean,167992,True,True
latin_america_caribbean,JAM,Jamaica,pop,167992,0.7251557826,0.7558950306,0.0307392479999999,11.184244038601316,Jamaica,11466,0.011466,2839821.999651134,ok,latin_america_caribbean,4.037577003561692,Latin America & Caribbean,167992,True,True
latin_america_caribbean,MEX,Mexico,gdp,62429,0.826487279,0.8616967795999999,0.0352095005999999,20.29217246843817,Mexico,1951453,1.951453,130308398.99680412,ok,latin_america_caribbean,14.975650188502891,Latin America & Caribbean,6160944,True,True
latin_america_caribbean,MEX,Mexico,lst,62105,0.9443351506,0.9436134694,-0.0007216811999999,-1.2964756175194725,Mexico,1951453,1.951453,130308398.99680412,ok,latin_america_caribbean,14.975650188502891,Latin America & Caribbean,6160944,True,True
latin_america_caribbean,MEX,Mexico,ntl,248414,0.239841807,0.2688250542,0.0289832472,3.812791530354529,Mexico,1951453,1.951453,130308398.99680412,ok,latin_america_caribbean,14.975650188502891,Latin America & Caribbean,6160944,True,True
latin_america_caribbean,MEX,Mexico,pm25,43240,0.9436891794,0.949176085,0.0054869056,9.74396313450294,Mexico,1951453,1.951453,130308398.99680412,ok,latin_america_caribbean,14.975650188502891,Latin America & Caribbean,6160944,True,True
latin_america_caribbean,MEX,Mexico,pop,6160944,0.8796588538,0.877006793,-0.0026520608,-2.203785557761309,Mexico,1951453,1.951453,130308398.99680412,ok,latin_america_caribbean,14.975650188502891,Latin America & Caribbean,6160944,True,True
latin_america_caribbean,NIC,Nicaragua,gdp,3084,0.8980706336000001,0.9135715364,0.0155009027999998,15.207494510629898,Nicaragua,28230,0.02823,6870069.999325745,ok,latin_america_caribbean,4.1091284372314405,Latin America & Caribbean,295762,True,True
latin_america_caribbean,NIC,Nicaragua,lst,3046,0.9172811268,0.921956885,0.0046757581999998,5.652589329516983,Nicaragua,28230,0.02823,6870069.999325745,ok,latin_america_caribbean,4.1091284372314405,Latin America & Caribbean,295762,True,True
latin_america_caribbean,NIC,Nicaragua,ntl,12248,0.8380879284,0.8418587804,0.0037708519999999,2.328950499327646,Nicaragua,28230,0.02823,6870069.999325745,ok,latin_america_caribbean,4.1091284372314405,Latin America & Caribbean,295762,True,True
latin_america_caribbean,NIC,Nicaragua,pm25,2129,0.9270126582,0.9373835326,0.0103708743999999,14.209141125345043,Nicaragua,28230,0.02823,6870069.999325745,ok,latin_america_caribbean,4.1091284372314405,Latin America & Caribbean,295762,True,True
latin_america_caribbean,NIC,Nicaragua,pop,295762,0.877596581,0.8843419433999999,0.0067453623999998,5.510763061283363,Nicaragua,28230,0.02823,6870069.999325745,ok,latin_america_caribbean,4.1091284372314405,Latin America & Caribbean,295762,True,True
latin_america_caribbean,PAN,Panama,gdp,2061,0.7441128254,0.7892372726,0.0451244471999999,17.634509142764976,Panama,25853,0.025853,4487488.000412351,ok,latin_america_caribbean,5.761129611404953,Latin America & Caribbean,199602,True,True
latin_america_caribbean,PAN,Panama,lst,2014,0.8799137236,0.885187316,0.0052735924,4.391502974439822,Panama,25853,0.025853,4487488.000412351,ok,latin_america_caribbean,5.761129611404953,Latin America & Caribbean,199602,True,True
latin_america_caribbean,PAN,Panama,ntl,8215,0.7460724592,0.790479016,0.0444065568,17.48788518964779,Panama,25853,0.025853,4487488.000412351,ok,latin_america_caribbean,5.761129611404953,Latin America & Caribbean,199602,True,True
latin_america_caribbean,PAN,Panama,pm25,1430,0.8068729641999999,0.8534765959999999,0.0466036318,24.13107600753639,Panama,25853,0.025853,4487488.000412351,ok,latin_america_caribbean,5.761129611404953,Latin America & Caribbean,199602,True,True
latin_america_caribbean,PAN,Panama,pop,199602,0.811282778,0.8203883528,0.0091055747999999,4.824983487728514,Panama,25853,0.025853,4487488.000412351,ok,latin_america_caribbean,5.761129611404953,Latin America & Caribbean,199602,True,True
latin_america_caribbean,PER,Peru,gdp,10529,0.7879442214,0.8196413518,0.0316971303999999,14.947543806287952,Peru,369886,0.369886,34034889.99737755,ok,latin_america_caribbean,10.86784767127205,Latin America & Caribbean,1029864,True,True
latin_america_caribbean,PER,Peru,lst,10358,0.9526750804,0.957585919,0.0049108385999998,10.37685566400806,Peru,369886,0.369886,34034889.99737755,ok,latin_america_caribbean,10.86784767127205,Latin America & Caribbean,1029864,True,True
latin_america_caribbean,PER,Peru,ntl,42148,0.8370283722,0.8254643676000001,-0.0115640045999999,-7.095716448381673,Peru,369886,0.369886,34034889.99737755,ok,latin_america_caribbean,10.86784767127205,Latin America & Caribbean,1029864,True,True
latin_america_caribbean,PER,Peru,pm25,7318,0.9289342404,0.9533447862,0.0244105458,34.349236450010444,Peru,369886,0.369886,34034889.99737755,ok,latin_america_caribbean,10.86784767127205,Latin America & Caribbean,1029864,True,True
latin_america_caribbean,PER,Peru,pop,1029864,0.8882716177999999,0.8954672336,0.0071956158000001,6.440275656296183,Peru,369886,0.369886,34034889.99737755,ok,latin_america_caribbean,10.86784767127205,Latin America & Caribbean,1029864,True,True
latin_america_caribbean,PRI,Puerto Rico,gdp,3211,0.7793224574,0.8386586427999999,0.0593361853999999,26.88818476991684,Puerto Rico,62455,0.062455,3244033.0000273352,ok,latin_america_caribbean,19.25227024493084,Latin America & Caribbean,315266,True,True
latin_america_caribbean,PRI,Puerto Rico,lst,3149,0.8684224009999999,0.8848521827999999,0.0164297817999999,12.486762127343557,Puerto Rico,62455,0.062455,3244033.0000273352,ok,latin_america_caribbean,19.25227024493084,Latin America & Caribbean,315266,True,True
latin_america_caribbean,PRI,Puerto Rico,ntl,12847,0.8365977405999999,0.8391418097999999,0.0025440691999999,1.5569363663278342,Puerto Rico,62455,0.062455,3244033.0000273352,ok,latin_america_caribbean,19.25227024493084,Latin America & Caribbean,315266,True,True
latin_america_caribbean,PRI,Puerto Rico,pm25,2216,0.690337646,0.746990645,0.0566529989999999,18.295087623082523,Puerto Rico,62455,0.062455,3244033.0000273352,ok,latin_america_caribbean,19.25227024493084,Latin America & Caribbean,315266,True,True
latin_america_caribbean,PRI,Puerto Rico,pop,315266,0.7292376638,0.7275406240000001,-0.0016970397999999,-0.6267636126268255,Puerto Rico,62455,0.062455,3244033.0000273352,ok,latin_america_caribbean,19.25227024493084,Latin America & Caribbean,315266,True,True
latin_america_caribbean,PRY,Paraguay,gdp,3380,0.8092075468000001,0.84967978,0.0404722331999999,21.21270129986459,Paraguay,74566,0.074566,6886765.999738132,ok,latin_america_caribbean,10.827433370443453,Latin America & Caribbean,331821,True,True
latin_america_caribbean,PRY,Paraguay,lst,3390,0.8720286132,0.913882196,0.0418535827999999,32.70542255309838,Paraguay,74566,0.074566,6886765.999738132,ok,latin_america_caribbean,10.827433370443453,Latin America & Caribbean,331821,True,True
latin_america_caribbean,PRY,Paraguay,ntl,13545,0.8578341486,0.8681892396,0.010355091,7.283810351098204,Paraguay,74566,0.074566,6886765.999738132,ok,latin_america_caribbean,10.827433370443453,Latin America & Caribbean,331821,True,True
latin_america_caribbean,PRY,Paraguay,pm25,2354,0.8380674122,0.8813927888,0.0433253766,26.755193126111475,Paraguay,74566,0.074566,6886765.999738132,ok,latin_america_caribbean,10.827433370443453,Latin America & Caribbean,331821,True,True
latin_america_caribbean,PRY,Paraguay,pop,331821,0.8956906558,0.9156557204,0.0199650646,19.14024553899939,Paraguay,74566,0.074566,6886765.999738132,ok,latin_america_caribbean,10.827433370443453,Latin America & Caribbean,331821,True,True
latin_america_caribbean,SLV,El Salvador,gdp,3594,0.7808912038,0.8037447928000001,0.0228535890000001,10.430247163212757,El Salvador,40778,0.040778,6323984.9997512335,ok,latin_america_caribbean,6.448149387072247,Latin America & Caribbean,353110,True,True
latin_america_caribbean,SLV,El Salvador,lst,3551,0.9291674614,0.9361287954,0.0069613339999999,9.827875913514104,El Salvador,40778,0.040778,6323984.9997512335,ok,latin_america_caribbean,6.448149387072247,Latin America & Caribbean,353110,True,True
latin_america_caribbean,SLV,El Salvador,ntl,14184,0.684752536,0.7444559691999999,0.0597034331999999,18.93859269871872,El Salvador,40778,0.040778,6323984.9997512335,ok,latin_america_caribbean,6.448149387072247,Latin America & Caribbean,353110,True,True
latin_america_caribbean,SLV,El Salvador,pm25,2463,0.8371230005999999,0.8844978806,0.0473748800000001,29.086292217144127,El Salvador,40778,0.040778,6323984.9997512335,ok,latin_america_caribbean,6.448149387072247,Latin America & Caribbean,353110,True,True
latin_america_caribbean,SLV,El Salvador,pop,353110,0.8588747024,0.8608435868000001,0.0019688844,1.39513215099154,El Salvador,40778,0.040778,6323984.9997512335,ok,latin_america_caribbean,6.448149387072247,Latin America & Caribbean,353110,True,True
latin_america_caribbean,URY,Uruguay,gdp,1862,0.8366511704,0.8796533468,0.0430021763999999,26.32536548030457,Uruguay,47371,0.047371,3387478.997823596,ok,latin_america_caribbean,13.984145740958144,Latin America & Caribbean,181620,True,True
latin_america_caribbean,URY,Uruguay,lst,1820,0.7614913702,0.8051766278000001,0.0436852576,18.316007113299047,Uruguay,47371,0.047371,3387478.997823596,ok,latin_america_caribbean,13.984145740958144,Latin America & Caribbean,181620,True,True
latin_america_caribbean,URY,Uruguay,ntl,7549,0.7755292058000001,0.8015266179999999,0.0259974121999998,11.58164575157896,Uruguay,47371,0.047371,3387478.997823596,ok,latin_america_caribbean,13.984145740958144,Latin America & Caribbean,181620,True,True
latin_america_caribbean,URY,Uruguay,pm25,1295,0.8578337074,0.909577644,0.0517439365999999,36.39676863881304,Uruguay,47371,0.047371,3387478.997823596,ok,latin_america_caribbean,13.984145740958144,Latin America & Caribbean,181620,True,True
latin_america_caribbean,URY,Uruguay,pop,181620,0.7042426944,0.726392138,0.0221494436,7.489060517056603,Uruguay,47371,0.047371,3387478.997823596,ok,latin_america_caribbean,13.984145740958144,Latin America & Caribbean,181620,True,True
latin_america_caribbean,VEN,Venezuela,gdp,10662,0.7095081568,0.762838602,0.0533304451999999,18.358672179061024,Venezuela,73047,0.073047,28350924.996077348,ok,latin_america_caribbean,2.576529690304878,Latin America & Caribbean,1029869,True,True
latin_america_caribbean,VEN,Venezuela,lst,10358,0.9257511378,0.9303825974,0.0046314595999999,6.237751613653687,Venezuela,73047,0.073047,28350924.996077348,ok,latin_america_caribbean,2.576529690304878,Latin America & Caribbean,1029869,True,True
latin_america_caribbean,VEN,Venezuela,ntl,42187,-0.5380082483999999,-0.6104066728,-0.0723984244000001,-4.707284533442305,Venezuela,73047,0.073047,28350924.996077348,ok,latin_america_caribbean,2.576529690304878,Latin America & Caribbean,1029869,True,True
latin_america_caribbean,VEN,Venezuela,pm25,7378,0.8909454344000001,0.9246165274,0.0336710929999998,30.875454699899187,Venezuela,73047,0.073047,28350924.996077348,ok,latin_america_caribbean,2.576529690304878,Latin America & Caribbean,1029869,True,True
latin_america_caribbean,VEN,Venezuela,pop,1029869,0.7465617538,0.7597582698,0.013196516,5.206994681294495,Venezuela,73047,0.073047,28350924.996077348,ok,latin_america_caribbean,2.576529690304878,Latin America & Caribbean,1029869,True,True
oceania,AUS,Australia,gdp,20885,0.7807206988,0.8394806861999999,0.0587599873999999,26.796869142886514,Australia,1036735,1.036735,26575738.37686651,ok,oceania,39.01058120373622,Oceania,1978759,True,True
oceania,AUS,Australia,lst,19931,0.9575044754,0.9642916678,0.0067871924,15.971546330787124,Australia,1036735,1.036735,26575738.37686651,ok,oceania,39.01058120373622,Oceania,1978759,True,True
oceania,AUS,Australia,ntl,83560,0.7224139332,0.7353323934,0.0129184601999999,4.653857576110871,Australia,1036735,1.036735,26575738.37686651,ok,oceania,39.01058120373622,Oceania,1978759,True,True
oceania,AUS,Australia,pm25,14311,0.906436169,0.9230636834,0.0166275143999999,17.77130566618204,Australia,1036735,1.036735,26575738.37686651,ok,oceania,39.01058120373622,Oceania,1978759,True,True
oceania,AUS,Australia,pop,1978759,0.5623725176,0.5711860776,0.0088135599999999,2.013941161022477,Australia,1036735,1.036735,26575738.37686651,ok,oceania,39.01058120373622,Oceania,1978759,True,True
oceania,NZL,New Zealand,gdp,4065,0.8459909080000001,0.8840546727999999,0.0380637647999998,24.715271225675345,New Zealand,126499,0.126499,5194315.001111951,ok,oceania,24.35335553829913,Oceania,368594,True,True
oceania,NZL,New Zealand,lst,3781,0.923888886,0.941753423,0.017864537,23.47165356165987,New Zealand,126499,0.126499,5194315.001111951,ok,oceania,24.35335553829913,Oceania,368594,True,True
oceania,NZL,New Zealand,ntl,16273,0.7177495958,0.7440176843999999,0.0262680885999999,9.30666110982312,New Zealand,126499,0.126499,5194315.001111951,ok,oceania,24.35335553829913,Oceania,368594,True,True
oceania,NZL,New Zealand,pm25,2737,0.8982904194,0.9234867932,0.0251963738,24.772861761264657,New Zealand,126499,0.126499,5194315.001111951,ok,oceania,24.35335553829913,Oceania,368594,True,True
oceania,NZL,New Zealand,pop,368594,0.687346864,0.696843493,0.009496629,3.037432830995188,New Zealand,126499,0.126499,5194315.001111951,ok,oceania,24.35335553829913,Oceania,368594,True,True
oceania,PNG,Papua New Guinea,gdp,8113,0.8026500819999999,0.8323552014000001,0.0297051194000002,15.05200493673384,Papua New Guinea,3352,0.003352,10483060.996657278,ok,oceania,0.319753934568238,Oceania,767052,True,True
oceania,PNG,Papua New Guinea,lst,7642,0.9719292642,0.9725927948,0.0006635306000001,2.363780574644312,Papua New Guinea,3352,0.003352,10483060.996657278,ok,oceania,0.319753934568238,Oceania,767052,True,True
oceania,PNG,Papua New Guinea,ntl,32631,0.4283015369999999,0.4941263795999999,0.0658248425999999,11.513909317611718,Papua New Guinea,3352,0.003352,10483060.996657278,ok,oceania,0.319753934568238,Oceania,767052,True,True
oceania,PNG,Papua New Guinea,pm25,5618,0.9311244368,0.951270175,0.0201457381999999,29.249471458405424,Papua New Guinea,3352,0.003352,10483060.996657278,ok,oceania,0.319753934568238,Oceania,767052,True,True
oceania,PNG,Papua New Guinea,pop,767052,0.6255078912,0.6362630962,0.0107552049999999,2.87194436071384,Papua New Guinea,3352,0.003352,10483060.996657278,ok,oceania,0.319753934568238,Oceania,767052,True,True
russia,RUS,Russia,gdp,126824,0.7646986244,0.8245828510000001,0.0598842266,25.450011266317496,Russia,343666,0.343666,145205580.796462,ok,russia,2.3667547632464934,Europe,12163918,True,True
russia,RUS,Russia,lst,126203,0.9802023412,0.9818884612,0.0016861199999999,8.516764618652314,Russia,343666,0.343666,145205580.796462,ok,russia,2.3667547632464934,Europe,12163918,True,True
russia,RUS,Russia,ntl,508547,0.216125369,0.3730225085999999,0.1568971395999999,20.01559093701553,Russia,343666,0.343666,145205580.796462,ok,russia,2.3667547632464934,Europe,12163918,True,True
russia,RUS,Russia,pm25,86253,0.9605383276,0.976965594,0.0164272664,41.628409038234246,Russia,343666,0.343666,145205580.796462,ok,russia,2.3667547632464934,Europe,12163918,True,True
russia,RUS,Russia,pop,12163918,0.8325611946,0.8311527372,-0.0014084573999999,-0.8411774060590328,Russia,343666,0.343666,145205580.796462,ok,russia,2.3667547632464934,Europe,12163918,True,True
southeast_asia,IDN,Indonesia,gdp,164319,0.9060820698,0.93038677,0.0243047001999998,25.87865825859084,Indonesia,1382783,1.382783,282353643.9891821,ok,southeast_asia,4.89734426821486,Asia,16039576,True,True
southeast_asia,IDN,Indonesia,lst,161033,0.9453040602,0.9504032252,0.0050991649999999,9.322748669545602,Indonesia,1382783,1.382783,282353643.9891821,ok,southeast_asia,4.89734426821486,Asia,16039576,True,True
southeast_asia,IDN,Indonesia,ntl,658789,0.390628958,0.4347713349999999,0.0441423769999999,7.243924301870567,Indonesia,1382783,1.382783,282353643.9891821,ok,southeast_asia,4.89734426821486,Asia,16039576,True,True
southeast_asia,IDN,Indonesia,pm25,114071,0.9540976522,0.9721900106,0.0180923584,39.414886747906166,Indonesia,1382783,1.382783,282353643.9891821,ok,southeast_asia,4.89734426821486,Asia,16039576,True,True
southeast_asia,IDN,Indonesia,pop,16039576,0.8959038257999999,0.9100155356,0.0141117098,13.556415409549302,Indonesia,1382783,1.382783,282353643.9891821,ok,southeast_asia,4.89734426821486,Asia,16039576,True,True
southeast_asia,KHM,Cambodia,gdp,15458,0.766795349,0.8226271629999999,0.0558318139999999,23.94112371283707,Cambodia,132655,0.132655,17533082.998951253,ok,southeast_asia,7.565982548986668,Asia,1485690,True,True
southeast_asia,KHM,Cambodia,lst,15403,0.8577020884,0.8712053536,0.0135032652,9.489433153423734,Cambodia,132655,0.132655,17533082.998951253,ok,southeast_asia,7.565982548986668,Asia,1485690,True,True
southeast_asia,KHM,Cambodia,ntl,61471,0.7855014442,0.7987214088,0.0132199645999999,6.163195155647742,Cambodia,132655,0.132655,17533082.998951253,ok,southeast_asia,7.565982548986668,Asia,1485690,True,True
southeast_asia,KHM,Cambodia,pm25,10636,0.8207682966000001,0.9013791918,0.0806108951999999,44.97580152998758,Cambodia,132655,0.132655,17533082.998951253,ok,southeast_asia,7.565982548986668,Asia,1485690,True,True
southeast_asia,KHM,Cambodia,pop,1485690,0.6926767706,0.7205441832,0.0278674126,9.067785944592195,Cambodia,132655,0.132655,17533082.998951253,ok,southeast_asia,7.565982548986668,Asia,1485690,True,True
southeast_asia,LAO,Laos,gdp,7717,0.6307517052,0.6462524176,0.0155007123999999,4.197910354168533,Laos,27037,0.027037,7717673.999349158,ok,southeast_asia,3.5032575880090384,Asia,722535,True,True
southeast_asia,LAO,Laos,lst,7696,0.928983283,0.9393098236,0.0103265406,14.540999691664208,Laos,27037,0.027037,7717673.999349158,ok,southeast_asia,3.5032575880090384,Asia,722535,True,True
southeast_asia,LAO,Laos,ntl,30511,0.7856111646,0.8212178229999999,0.0356066583999998,16.608448072198392,Laos,27037,0.027037,7717673.999349158,ok,southeast_asia,3.5032575880090384,Asia,722535,True,True
southeast_asia,LAO,Laos,pm25,5297,0.8466486694,0.9176089524,0.0709602829999999,46.2730142101551,Laos,27037,0.027037,7717673.999349158,ok,southeast_asia,3.5032575880090384,Asia,722535,True,True
southeast_asia,LAO,Laos,pop,722535,0.8638966322,0.8663601635999999,0.0024635313999998,1.810044409496152,Laos,27037,0.027037,7717673.999349158,ok,southeast_asia,3.5032575880090384,Asia,722535,True,True
southeast_asia,MMR,Myanmar,gdp,32228,0.839588189,0.8682650208,0.0286768318,17.877007697394564,Myanmar,79967,0.079967,54320481.00533849,ok,southeast_asia,1.4721335032386962,Asia,3120708,True,True
southeast_asia,MMR,Myanmar,lst,32088,0.955506277,0.9608842492,0.0053779722000001,12.087035737603086,Myanmar,79967,0.079967,54320481.00533849,ok,southeast_asia,1.4721335032386962,Asia,3120708,True,True
southeast_asia,MMR,Myanmar,ntl,128644,0.785229516,0.807431209,0.0222016929999999,10.337404184459524,Myanmar,79967,0.079967,54320481.00533849,ok,southeast_asia,1.4721335032386962,Asia,3120708,True,True
southeast_asia,MMR,Myanmar,pm25,22437,0.9080083848,0.947727716,0.0397193311999998,43.17712121223835,Myanmar,79967,0.079967,54320481.00533849,ok,southeast_asia,1.4721335032386962,Asia,3120708,True,True
southeast_asia,MMR,Myanmar,pop,3120708,0.8030977488,0.8169791342,0.0138813854,7.049886588599883,Myanmar,79967,0.079967,54320481.00533849,ok,southeast_asia,1.4721335032386962,Asia,3120708,True,True
southeast_asia,MYS,Malaysia,gdp,17939,0.8565929175999999,0.8798950672,0.0233021496000001,16.248953127018,Malaysia,613394,0.613394,35344241.99710889,ok,southeast_asia,17.354849484399036,Asia,1744791,True,True
southeast_asia,MYS,Malaysia,lst,17587,0.8575401782000001,0.8712971806,0.0137570023999999,9.656759517299916,Malaysia,613394,0.613394,35344241.99710889,ok,southeast_asia,17.354849484399036,Asia,1744791,True,True
southeast_asia,MYS,Malaysia,ntl,71472,0.3924348354,0.472108245,0.0796734095999999,13.113557893407895,Malaysia,613394,0.613394,35344241.99710889,ok,southeast_asia,17.354849484399036,Asia,1744791,True,True
southeast_asia,MYS,Malaysia,pm25,12335,0.9340415836,0.9578323008,0.0237907172,36.069266817630925,Malaysia,613394,0.613394,35344241.99710889,ok,southeast_asia,17.354849484399036,Asia,1744791,True,True
southeast_asia,MYS,Malaysia,pop,1744791,0.8526334164,0.8500163435999999,-0.0026170728000001,-1.7758929711661715,Malaysia,613394,0.613394,35344241.99710889,ok,southeast_asia,17.354849484399036,Asia,1744791,True,True
southeast_asia,PHL,Philippines,gdp,73179,0.7938758015999999,0.7982499479999999,0.0043741464,2.1220926188936,Philippines,1091633,1.091633,115310724.62362936,ok,southeast_asia,9.466881797534931,Asia,6986253,True,True
southeast_asia,PHL,Philippines,lst,70423,0.9347103002,0.9403573272,0.0056470269999997,8.649185120008408,Philippines,1091633,1.091633,115310724.62362936,ok,southeast_asia,9.466881797534931,Asia,6986253,True,True
southeast_asia,PHL,Philippines,ntl,294687,0.6736190798,0.7031674623999999,0.0295483825999999,9.053342512146004,Philippines,1091633,1.091633,115310724.62362936,ok,southeast_asia,9.466881797534931,Asia,6986253,True,True
southeast_asia,PHL,Philippines,pm25,50356,0.916147673,0.955830288,0.0396826149999999,47.32440520106248,Philippines,1091633,1.091633,115310724.62362936,ok,southeast_asia,9.466881797534931,Asia,6986253,True,True
southeast_asia,PHL,Philippines,pop,6986253,0.5127173424,0.5065596104,-0.006157732,-1.2636879035113904,Philippines,1091633,1.091633,115310724.62362936,ok,southeast_asia,9.466881797534931,Asia,6986253,True,True
southeast_asia,THA,Thailand,gdp,49719,0.8551976203999999,0.9029427292,0.0477451088,32.97259957459982,Thailand,1499672,1.499672,71668011.51190019,ok_repaired_from_worldpop2020_scaled_wb2024,southeast_asia,20.92526314548277,Asia,4888027,True,True
southeast_asia,THA,Thailand,lst,49409,0.8922275662000001,0.9014914988,0.0092639325999998,8.595827590932451,Thailand,1499672,1.499672,71668011.51190019,ok_repaired_from_worldpop2020_scaled_wb2024,southeast_asia,20.92526314548277,Asia,4888027,True,True
southeast_asia,THA,Thailand,ntl,199139,0.8053990484,0.8218801142000001,0.0164810658,8.469159921620898,Thailand,1499672,1.499672,71668011.51190019,ok_repaired_from_worldpop2020_scaled_wb2024,southeast_asia,20.92526314548277,Asia,4888027,True,True
southeast_asia,THA,Thailand,pm25,34546,0.9365243316,0.9558377028,0.0193133711999999,30.42641643140224,Thailand,1499672,1.499672,71668011.51190019,ok_repaired_from_worldpop2020_scaled_wb2024,southeast_asia,20.92526314548277,Asia,4888027,True,True
southeast_asia,THA,Thailand,pop,4888027,0.8843942998,0.8828299998,-0.0015642999999999,-1.3531339694268487,Thailand,1499672,1.499672,71668011.51190019,ok_repaired_from_worldpop2020_scaled_wb2024,southeast_asia,20.92526314548277,Asia,4888027,True,True
southeast_asia,VNM,Vietnam,gdp,76177,0.8862265347999999,0.9072189452,0.0209924104000001,18.45106006316848,Vietnam,1817223,1.817223,100675292.00029272,ok,southeast_asia,18.050337514737144,Asia,7332964,True,True
southeast_asia,VNM,Vietnam,lst,75188,0.9210853456,0.929090631,0.0080052853999998,10.14423171572542,Vietnam,1817223,1.817223,100675292.00029272,ok,southeast_asia,18.050337514737144,Asia,7332964,True,True
southeast_asia,VNM,Vietnam,ntl,304407,0.8776079534000001,0.8850106240000001,0.0074026705999999,6.048326509477618,Vietnam,1817223,1.817223,100675292.00029272,ok,southeast_asia,18.050337514737144,Asia,7332964,True,True
southeast_asia,VNM,Vietnam,pm25,52810,0.9714691518,0.9811065076,0.0096373558,33.778721657493655,Vietnam,1817223,1.817223,100675292.00029272,ok,southeast_asia,18.050337514737144,Asia,7332964,True,True
southeast_asia,VNM,Vietnam,pop,7332964,0.8977785706000001,0.8987722873999999,0.0009937167999998,0.9721218005192784,Vietnam,1817223,1.817223,100675292.00029272,ok,southeast_asia,18.050337514737144,Asia,7332964,True,True
southern_asia,AFG,Afghanistan,gdp,24608,0.7830193044,0.8061640382,0.0231447338,10.6667248604765,Afghanistan,10802,0.010802,42044654.00022407,ok,southern_asia,0.2569173241369148,Asia,2447814,True,True
southern_asia,AFG,Afghanistan,lst,24633,0.9688183666,0.9679432752,-0.0008750914,-2.8064321992833308,Afghanistan,10802,0.010802,42044654.00022407,ok,southern_asia,0.2569173241369148,Asia,2447814,True,True
southern_asia,AFG,Afghanistan,ntl,98202,0.8130434752,0.8416469576000001,0.0286034824000001,15.29953684718903,Afghanistan,10802,0.010802,42044654.00022407,ok,southern_asia,0.2569173241369148,Asia,2447814,True,True
southern_asia,AFG,Afghanistan,pm25,17016,0.9720084192,0.979741764,0.0077333448,27.627395734649276,Afghanistan,10802,0.010802,42044654.00022407,ok,southern_asia,0.2569173241369148,Asia,2447814,True,True
southern_asia,AFG,Afghanistan,pop,2447814,0.8603080512,0.8755690694,0.0152610182,10.924765765741848,Afghanistan,10802,0.010802,42044654.00022407,ok,southern_asia,0.2569173241369148,Asia,2447814,True,True
southern_asia,BGD,Bangladesh,gdp,120505,0.7868178964,0.8176980616,0.0308801652,14.485345945333862,Bangladesh,329826,0.329826,172507468.0011311,ok,southern_asia,1.911952008928897,Asia,11694404,True,True
southern_asia,BGD,Bangladesh,lst,120333,0.7938501,0.825025606,0.0311755059999999,15.122736416559002,Bangladesh,329826,0.329826,172507468.0011311,ok,southern_asia,1.911952008928897,Asia,11694404,True,True
southern_asia,BGD,Bangladesh,ntl,482219,0.7357542038,0.777643895,0.0418896911999999,15.85254781812872,Bangladesh,329826,0.329826,172507468.0011311,ok,southern_asia,1.911952008928897,Asia,11694404,True,True
southern_asia,BGD,Bangladesh,pm25,83402,0.9464382052,0.9747431158,0.0283049105999999,52.845336317968105,Bangladesh,329826,0.329826,172507468.0011311,ok,southern_asia,1.911952008928897,Asia,11694404,True,True
southern_asia,BGD,Bangladesh,pop,11694404,0.8402478694000001,0.8442158222,0.0039679527999999,2.4838183910893976,Bangladesh,329826,0.329826,172507468.0011311,ok,southern_asia,1.911952008928897,Asia,11694404,True,True
southern_asia,IND,India,gdp,1053886,0.7104626058,0.8254956957999999,0.1150330899999999,39.729959688916736,India,3052721,3.052721,1444436244.0093048,ok,southern_asia,2.1134342292094512,Asia,104609472,True,True
southern_asia,IND,India,lst,1053024,0.971137166,0.9743067502,0.0031695841999999,10.981541867995084,India,3052721,3.052721,1444436244.0093048,ok,southern_asia,2.1134342292094512,Asia,104609472,True,True
southern_asia,IND,India,ntl,4217215,0.7655483124,0.7866045476,0.0210562351999999,8.981055080279146,India,3052721,3.052721,1444436244.0093048,ok,southern_asia,2.1134342292094512,Asia,104609472,True,True
southern_asia,IND,India,pm25,731687,0.9863560796,0.9919397474,0.0055836678,40.92421852593082,India,3052721,3.052721,1444436244.0093048,ok,southern_asia,2.1134342292094512,Asia,104609472,True,True
southern_asia,IND,India,pop,104609472,0.8120419978,0.8370254279999999,0.0249834301999999,13.292027957083668,India,3052721,3.052721,1444436244.0093048,ok,southern_asia,2.1134342292094512,Asia,104609472,True,True
southern_asia,IRN,Iran,gdp,37407,0.4464262008,0.497537279,0.0511110781999999,9.232929425826038,Iran,29026,0.029026,91114776.97253902,ok,southern_asia,0.3185652312878745,Asia,3696662,True,True
southern_asia,IRN,Iran,lst,37286,0.9724367382,0.9731786726,0.0007419343999998,2.691751090213181,Iran,29026,0.029026,91114776.97253902,ok,southern_asia,0.3185652312878745,Asia,3696662,True,True
southern_asia,IRN,Iran,ntl,149288,0.2369398117999999,0.3006652354,0.0637254236,8.351297130351327,Iran,29026,0.029026,91114776.97253902,ok,southern_asia,0.3185652312878745,Asia,3696662,True,True
southern_asia,IRN,Iran,pm25,25809,0.9626738786,0.975657642,0.0129837633999999,34.78465726685439,Iran,29026,0.029026,91114776.97253902,ok,southern_asia,0.3185652312878745,Asia,3696662,True,True
southern_asia,IRN,Iran,pop,3696662,0.8525017022,0.8604693649999999,0.0079676627999999,5.401867627519116,Iran,29026,0.029026,91114776.97253902,ok,southern_asia,0.3185652312878745,Asia,3696662,True,True
southern_asia,LKA,Sri Lanka,gdp,21207,0.7638428568,0.8518157242000001,0.0879728674000001,37.2518341846202,Sri Lanka,107380,0.10738,23032729.664667983,ok,southern_asia,4.662061404068838,Asia,2082535,True,True
southern_asia,LKA,Sri Lanka,lst,20876,0.9407586456,0.9437268614,0.0029682157999999,5.010378020661791,Sri Lanka,107380,0.10738,23032729.664667983,ok,southern_asia,4.662061404068838,Asia,2082535,True,True
southern_asia,LKA,Sri Lanka,ntl,84980,0.7576785208000001,0.782402003,0.0247234821999998,10.202761340687571,Sri Lanka,107380,0.10738,23032729.664667983,ok,southern_asia,4.662061404068838,Asia,2082535,True,True
southern_asia,LKA,Sri Lanka,pm25,14732,0.9457260012,0.9554589986,0.0097329973999998,17.933075902267767,Sri Lanka,107380,0.10738,23032729.664667983,ok,southern_asia,4.662061404068838,Asia,2082535,True,True
southern_asia,LKA,Sri Lanka,pop,2082535,0.622717154,0.6171047448,-0.0056124092,-1.4875866367908115,Sri Lanka,107380,0.10738,23032729.664667983,ok,southern_asia,4.662061404068838,Asia,2082535,True,True
southern_asia,NPL,Nepal,gdp,31748,0.6997810604,0.7391212462000001,0.0393401858,13.103832107466443,Nepal,75998,0.075998,29673950.001026377,ok,southern_asia,2.5611015721658674,Asia,3156381,True,True
southern_asia,NPL,Nepal,lst,31759,0.9819687008,0.983654213,0.0016855122000001,9.347702466165696,Nepal,75998,0.075998,29673950.001026377,ok,southern_asia,2.5611015721658674,Asia,3156381,True,True
southern_asia,NPL,Nepal,ntl,126596,0.8318015813999999,0.8553504348000001,0.0235488534000001,14.000639004818868,Nepal,75998,0.075998,29673950.001026377,ok,southern_asia,2.5611015721658674,Asia,3156381,True,True
southern_asia,NPL,Nepal,pm25,21936,0.988605988,0.9917833446,0.0031773565999999,27.8861967145546,Nepal,75998,0.075998,29673950.001026377,ok,southern_asia,2.5611015721658674,Asia,3156381,True,True
southern_asia,NPL,Nepal,pop,3156381,0.865985787,0.8673749684000001,0.0013891814000001,1.0365925888772,Nepal,75998,0.075998,29673950.001026377,ok,southern_asia,2.5611015721658674,Asia,3156381,True,True
southern_asia,PAK,Pakistan,gdp,181998,0.9149156092,0.9362693428,0.0213537335999999,25.09712227968368,Pakistan,177042,0.177042,249335590.002486,ok,southern_asia,0.7100550707511704,Asia,18106851,True,True
southern_asia,PAK,Pakistan,lst,182065,0.9794208408,0.9808001758,0.001379335,6.702581901402885,Pakistan,177042,0.177042,249335590.002486,ok,southern_asia,0.7100550707511704,Asia,18106851,True,True
southern_asia,PAK,Pakistan,ntl,727911,0.6809429882,0.7003056406,0.0193626524,6.068712388034724,Pakistan,177042,0.177042,249335590.002486,ok,southern_asia,0.7100550707511704,Asia,18106851,True,True
southern_asia,PAK,Pakistan,pm25,126093,0.9741722344,0.983292985,0.0091207506,35.31374235485559,Pakistan,177042,0.177042,249335590.002486,ok,southern_asia,0.7100550707511704,Asia,18106851,True,True
southern_asia,PAK,Pakistan,pop,18106851,0.4783310887999999,0.5424698232,0.0641387344,12.294912160370284,Pakistan,177042,0.177042,249335590.002486,ok,southern_asia,0.7100550707511704,Asia,18106851,True,True
us,USA,United States of America,gdp,324854,0.8367167710000001,0.874842596,0.0381258249999999,23.349504559344528,United States of America,13146094,13.146094,344479571.96656936,ok,us,38.162187455562055,North America,31734459,True,True
us,USA,United States of America,lst,323004,0.9674882174,0.9696418166,0.0021535992,6.624057580896913,United States of America,13146094,13.146094,344479571.96656936,ok,us,38.162187455562055,North America,31734459,True,True
us,USA,United States of America,ntl,1299753,0.67201581,0.674542904,0.002527094,0.7704926264891191,United States of America,13146094,13.146094,344479571.96656936,ok,us,38.162187455562055,North America,31734459,True,True
us,USA,United States of America,pm25,225064,0.8887119174,0.9118749978,0.0231630804,20.81362160156404,United States of America,13146094,13.146094,344479571.96656936,ok,us,38.162187455562055,North America,31734459,True,True
us,USA,United States of America,pop,31734459,0.7173036456,0.7387224078,0.0214187621999999,7.576596537815114,United States of America,13146094,13.146094,344479571.96656936,ok,us,38.162187455562055,North America,31734459,True,True
western_asia,ARE,United Arab Emirates,gdp,4071,0.769692433,0.842653215,0.072960782,31.679715499751687,United Arab Emirates,107767,0.107767,10839131.00294938,ok,western_asia,9.942402206475416,Asia,399069,True,True
western_asia,ARE,United Arab Emirates,lst,3935,0.8129532340000001,0.8528245924,0.0398713583999998,21.316251145448785,United Arab Emirates,107767,0.107767,10839131.00294938,ok,western_asia,9.942402206475416,Asia,399069,True,True
western_asia,ARE,United Arab Emirates,ntl,16445,0.5953472258,0.6485061167999999,0.0531588909999999,13.136915002027417,United Arab Emirates,107767,0.107767,10839131.00294938,ok,western_asia,9.942402206475416,Asia,399069,True,True
western_asia,ARE,United Arab Emirates,pm25,2845,0.6209270118,0.7549890756,0.1340620637999999,35.36576542596288,United Arab Emirates,107767,0.107767,10839131.00294938,ok,western_asia,9.942402206475416,Asia,399069,True,True
western_asia,ARE,United Arab Emirates,pop,399069,0.7088684798,0.7394515514,0.0305830715999999,10.50489880964801,United Arab Emirates,107767,0.107767,10839131.00294938,ok,western_asia,9.942402206475416,Asia,399069,True,True
western_asia,ARM,Armenia,gdp,2125,0.903763497,0.916010213,0.0122467160000001,12.72564527827881,Armenia,20696,0.020696,2984437.9982926,ok,western_asia,6.934638954416277,Asia,212983,True,True
western_asia,ARM,Armenia,lst,2112,0.964032793,0.9633314252,-0.0007013677999999,-1.9500201947845528,Armenia,20696,0.020696,2984437.9982926,ok,western_asia,6.934638954416277,Asia,212983,True,True
western_asia,ARM,Armenia,ntl,8543,-3.746121358999999,-0.2227719188,3.523349440199999,74.23639586288127,Armenia,20696,0.020696,2984437.9982926,ok,western_asia,6.934638954416277,Asia,212983,True,True
western_asia,ARM,Armenia,pm25,1503,0.983260405,0.9851786372,0.0019182321999999,11.459250955593497,Armenia,20696,0.020696,2984437.9982926,ok,western_asia,6.934638954416277,Asia,212983,True,True
western_asia,ARM,Armenia,pop,212983,0.8522719622,0.8557531596000001,0.0034811974,2.356490651228348,Armenia,20696,0.020696,2984437.9982926,ok,western_asia,6.934638954416277,Asia,212983,True,True
western_asia,AZE,Azerbaijan,gdp,7750,0.5945620774,0.6607905265999999,0.0662284491999999,16.335040584089636,Azerbaijan,23589,0.023589,10304788.998787422,ok,western_asia,2.28912984077362,Asia,773199,True,True
western_asia,AZE,Azerbaijan,lst,7760,0.911163497,0.9181780456,0.0070145485999999,7.896020625665506,Azerbaijan,23589,0.023589,10304788.998787422,ok,western_asia,2.28912984077362,Asia,773199,True,True
western_asia,AZE,Azerbaijan,ntl,31555,0.5693763256000001,0.4788132788,-0.0905630468,-21.030670672295035,Azerbaijan,23589,0.023589,10304788.998787422,ok,western_asia,2.28912984077362,Asia,773199,True,True
western_asia,AZE,Azerbaijan,pm25,5482,0.9333845734,0.9575214744,0.0241369009999999,36.233200374040685,Azerbaijan,23589,0.023589,10304788.998787422,ok,western_asia,2.28912984077362,Asia,773199,True,True
western_asia,AZE,Azerbaijan,pop,773199,0.8520832062,0.8635035038,0.0114202975999999,7.720757938710784,Azerbaijan,23589,0.023589,10304788.998787422,ok,western_asia,2.28912984077362,Asia,773199,True,True
western_asia,GEO,Georgia,gdp,2417,0.6846106766,0.7668266416,0.082215965,26.06808756672073,Georgia,39296,0.039296,3807839.0001944657,ok,western_asia,10.319764044118768,Asia,231686,True,True
western_asia,GEO,Georgia,lst,2362,0.9252739908,0.9254780412,0.0002040504,0.2730647631053264,Georgia,39296,0.039296,3807839.0001944657,ok,western_asia,10.319764044118768,Asia,231686,True,True
western_asia,GEO,Georgia,ntl,9656,0.6759299994,0.7078243611999999,0.0318943617999999,9.841812491421315,Georgia,39296,0.039296,3807839.0001944657,ok,western_asia,10.319764044118768,Asia,231686,True,True
western_asia,GEO,Georgia,pm25,1632,0.9491630194,0.969011259,0.0198482395999999,39.04291593588455,Georgia,39296,0.039296,3807839.0001944657,ok,western_asia,10.319764044118768,Asia,231686,True,True
western_asia,GEO,Georgia,pop,231686,0.8600455046000001,0.8813783049999999,0.0213328003999998,15.242668939664414,Georgia,39296,0.039296,3807839.0001944657,ok,western_asia,10.319764044118768,Asia,231686,True,True
western_asia,IRQ,Iraq,gdp,19018,0.7850998638,0.8685090303999999,0.0834091665999999,38.812989174829546,Iraq,78221,0.078221,45557902.98881882,ok,western_asia,1.7169578683021829,Asia,1868094,True,True
western_asia,IRQ,Iraq,lst,19011,0.9163716554,0.9266676188,0.0102959633999999,12.311571452533515,Iraq,78221,0.078221,45557902.98881882,ok,western_asia,1.7169578683021829,Asia,1868094,True,True
western_asia,IRQ,Iraq,ntl,76085,0.045828712,0.2041344644,0.1583057524,16.59091552962344,Iraq,78221,0.078221,45557902.98881882,ok,western_asia,1.7169578683021829,Asia,1868094,True,True
western_asia,IRQ,Iraq,pm25,13196,0.9607628704,0.9773358702,0.0165729997999999,42.23805351959263,Iraq,78221,0.078221,45557902.98881882,ok,western_asia,1.7169578683021829,Asia,1868094,True,True
western_asia,IRQ,Iraq,pop,1868094,0.8557370068000001,0.882941532,0.0272045251999999,18.85759098474047,Iraq,78221,0.078221,45557902.98881882,ok,western_asia,1.7169578683021829,Asia,1868094,True,True
western_asia,ISR,Israel,gdp,3736,0.862043488,0.890424192,0.028380704,20.57221046586045,Israel,120763,0.120763,8390313.969134156,ok,western_asia,14.393144338132824,Asia,370829,True,True
western_asia,ISR,Israel,lst,3695,0.9148110392,0.9227866648,0.0079756256,9.36227596287345,Israel,120763,0.120763,8390313.969134156,ok,western_asia,14.393144338132824,Asia,370829,True,True
western_asia,ISR,Israel,ntl,15121,0.7325903536,0.7707231402,0.0381327865999999,14.260063955568649,Israel,120763,0.120763,8390313.969134156,ok,western_asia,14.393144338132824,Asia,370829,True,True
western_asia,ISR,Israel,pm25,2573,0.7295391918,0.7845535874,0.0550143955999999,20.34098617324179,Israel,120763,0.120763,8390313.969134156,ok,western_asia,14.393144338132824,Asia,370829,True,True
western_asia,ISR,Israel,pop,370829,0.6479067206,0.6528041242,0.0048974036,1.390939244380254,Israel,120763,0.120763,8390313.969134156,ok,western_asia,14.393144338132824,Asia,370829,True,True
western_asia,JOR,Jordan,gdp,3663,0.815869677,0.8442525505999999,0.0283828735999999,15.414557003736922,Jordan,56386,0.056386,11530943.000287443,ok,western_asia,4.889973005555088,Asia,366903,True,True
western_asia,JOR,Jordan,lst,3639,0.9358460546,0.9414776562,0.0056316015999999,8.778262295306911,Jordan,56386,0.056386,11530943.000287443,ok,western_asia,4.889973005555088,Asia,366903,True,True
western_asia,JOR,Jordan,ntl,14711,0.7684044482,0.8004014253999999,0.0319969771999999,13.815885905974442,Jordan,56386,0.056386,11530943.000287443,ok,western_asia,4.889973005555088,Asia,366903,True,True
western_asia,JOR,Jordan,pm25,2564,0.9184054376,0.9322841526,0.0138787149999999,17.00936262389948,Jordan,56386,0.056386,11530943.000287443,ok,western_asia,4.889973005555088,Asia,366903,True,True
western_asia,JOR,Jordan,pop,366903,0.888241446,0.8978039026000001,0.0095624566000001,8.556353189752349,Jordan,56386,0.056386,11530943.000287443,ok,western_asia,4.889973005555088,Asia,366903,True,True
western_asia,LBN,Lebanon,gdp,3530,0.7787893772000001,0.8470784544000001,0.0682890771999999,30.87061386818717,Lebanon,34801,0.034801,5785791.000995814,ok,western_asia,6.014907900062458,Asia,347894,True,True
western_asia,LBN,Lebanon,lst,3467,0.926812744,0.9370731352,0.0102603911999999,14.01936861794627,Lebanon,34801,0.034801,5785791.000995814,ok,western_asia,6.014907900062458,Asia,347894,True,True
western_asia,LBN,Lebanon,ntl,14183,0.8202798844,0.8377100946,0.0174302102,9.698530485476727,Lebanon,34801,0.034801,5785791.000995814,ok,western_asia,6.014907900062458,Asia,347894,True,True
western_asia,LBN,Lebanon,pm25,2375,0.897971654,0.9205148338,0.0225431798,22.095016418280554,Lebanon,34801,0.034801,5785791.000995814,ok,western_asia,6.014907900062458,Asia,347894,True,True
western_asia,LBN,Lebanon,pop,347894,0.6145947814,0.6528640151999999,0.0382692337999999,9.92960965578371,Lebanon,34801,0.034801,5785791.000995814,ok,western_asia,6.014907900062458,Asia,347894,True,True
western_asia,OMN,Oman,gdp,3068,0.8293732166,0.8676598188,0.0382866022,22.438799722459056,Oman,11873,0.011873,5165144.018384324,ok,western_asia,2.298677434305872,Asia,296103,True,True
western_asia,OMN,Oman,lst,2908,0.8351807711999999,0.8683011292,0.0331203580000001,20.09495993952867,Oman,11873,0.011873,5165144.018384324,ok,western_asia,2.298677434305872,Asia,296103,True,True
western_asia,OMN,Oman,ntl,12301,0.4877350928,0.504525459,0.0167903661999999,3.2776725409075538,Oman,11873,0.011873,5165144.018384324,ok,western_asia,2.298677434305872,Asia,296103,True,True
western_asia,OMN,Oman,pm25,2115,0.8652322648,0.9102216124,0.0449893475999999,33.382877239299305,Oman,11873,0.011873,5165144.018384324,ok,western_asia,2.298677434305872,Asia,296103,True,True
western_asia,OMN,Oman,pop,296103,0.7991555692000001,0.8235089419999999,0.0243533727999998,12.12549071089296,Oman,11873,0.011873,5165144.018384324,ok,western_asia,2.298677434305872,Asia,296103,True,True
western_asia,PSE,Palestine,gdp,2134,0.8931979896,0.9542647718,0.0610667821999999,57.17755871007455,Palestine,16712,0.016712,5450425.999985917,ok,western_asia,3.066182349791224,Asia,213783,True,True
western_asia,PSE,Palestine,lst,2133,0.9353420736,0.9397494554,0.0044073817999999,6.816460170303262,Palestine,16712,0.016712,5450425.999985917,ok,western_asia,3.066182349791224,Asia,213783,True,True
western_asia,PSE,Palestine,ntl,8600,0.6813261628,0.6962365746,0.0149104117999999,4.678894235877349,Palestine,16712,0.016712,5450425.999985917,ok,western_asia,3.066182349791224,Asia,213783,True,True
western_asia,PSE,Palestine,pm25,1464,0.8307210921999999,0.8598889590000001,0.0291678668000001,17.230656305073435,Palestine,16712,0.016712,5450425.999985917,ok,western_asia,3.066182349791224,Asia,213783,True,True
western_asia,PSE,Palestine,pop,213783,0.860382688,0.8708567975999999,0.0104741095999999,7.502013503884062,Palestine,16712,0.016712,5450425.999985917,ok,western_asia,3.066182349791224,Asia,213783,True,True
western_asia,SAU,Saudi Arabia,gdp,14147,0.8712088941999999,0.9076501132,0.0364412190000001,28.294825775150823,Saudi Arabia,83437,0.083437,33661241.15004115,ok,western_asia,2.478726189212366,Asia,1436910,True,True
western_asia,SAU,Saudi Arabia,lst,14430,0.9083010316,0.9287242532,0.0204232216,22.27202983452548,Saudi Arabia,83437,0.083437,33661241.15004115,ok,western_asia,2.478726189212366,Asia,1436910,True,True
western_asia,SAU,Saudi Arabia,ntl,57811,0.5882804394,0.6223213316,0.0340408922,8.267980309313499,Saudi Arabia,83437,0.083437,33661241.15004115,ok,western_asia,2.478726189212366,Asia,1436910,True,True
western_asia,SAU,Saudi Arabia,pm25,9969,0.954228556,0.9720776798,0.0178491237999999,38.99619990140561,Saudi Arabia,83437,0.083437,33661241.15004115,ok,western_asia,2.478726189212366,Asia,1436910,True,True
western_asia,SAU,Saudi Arabia,pop,1436910,0.7927930236,0.8081777929999999,0.0153847693999998,7.424831763531245,Saudi Arabia,83437,0.083437,33661241.15004115,ok,western_asia,2.478726189212366,Asia,1436910,True,True
western_asia,SYR,Syria,gdp,13095,0.8384894133999999,0.8987145662,0.0602251528,37.288671948888855,Syria,17378,0.017378,24174627.97900224,ok,western_asia,0.7188528408831896,Asia,1304614,True,True
western_asia,SYR,Syria,lst,13057,0.9335304496,0.9386799216,0.0051494719999999,7.747114233527205,Syria,17378,0.017378,24174627.97900224,ok,western_asia,0.7188528408831896,Asia,1304614,True,True
western_asia,SYR,Syria,ntl,52595,0.0841841938,0.18853153,0.1043473362,11.393921735525511,Syria,17378,0.017378,24174627.97900224,ok,western_asia,0.7188528408831896,Asia,1304614,True,True
western_asia,SYR,Syria,pm25,9029,0.9387605788,0.9603360654,0.0215754865999999,35.231369234430254,Syria,17378,0.017378,24174627.97900224,ok,western_asia,0.7188528408831896,Asia,1304614,True,True
western_asia,SYR,Syria,pop,1304614,0.8397544619999999,0.8826443196,0.0428898576,26.76508696298306,Syria,17378,0.017378,24174627.97900224,ok,western_asia,0.7188528408831896,Asia,1304614,True,True
western_asia,TUR,Turkey,gdp,36715,0.409789324,0.5755700468,0.1657807228,28.088397845246703,Turkey,896595,0.896595,87371675.00691527,ok,western_asia,10.26184973481436,Asia,3597899,True,True
western_asia,TUR,Turkey,lst,36034,0.8964666128000001,0.9163075686,0.0198409557999998,19.163823706136704,Turkey,896595,0.896595,87371675.00691527,ok,western_asia,10.26184973481436,Asia,3597899,True,True
western_asia,TUR,Turkey,ntl,146679,0.6981895446,0.7722744584,0.0740849137999999,24.54683476813704,Turkey,896595,0.896595,87371675.00691527,ok,western_asia,10.26184973481436,Asia,3597899,True,True
western_asia,TUR,Turkey,pm25,25365,0.8593384742,0.9267393232,0.0674008489999999,47.91704669536577,Turkey,896595,0.896595,87371675.00691527,ok,western_asia,10.26184973481436,Asia,3597899,True,True
western_asia,TUR,Turkey,pop,3597899,0.6115946888,0.7547448753999999,0.1431501865999999,36.85587773187997,Turkey,896595,0.896595,87371675.00691527,ok,western_asia,10.26184973481436,Asia,3597899,True,True
western_asia,YEM,Yemen,gdp,13130,0.6254034159999999,0.647249484,0.0218460680000001,5.831891942719932,Yemen,8298,0.008298,39987261.00233982,ok,western_asia,0.2075160886742018,Asia,1303832,True,True
western_asia,YEM,Yemen,lst,12987,0.964714694,0.9655365586,0.0008218645999998,2.329197881973564,Yemen,8298,0.008298,39987261.00233982,ok,western_asia,0.2075160886742018,Asia,1303832,True,True
western_asia,YEM,Yemen,ntl,52396,0.3200870632,0.3015542268,-0.0185328364,-2.725766108705704,Yemen,8298,0.008298,39987261.00233982,ok,western_asia,0.2075160886742018,Asia,1303832,True,True
western_asia,YEM,Yemen,pm25,9075,0.965070832,0.9712659836,0.0061951516,17.736327415528645,Yemen,8298,0.008298,39987261.00233982,ok,western_asia,0.2075160886742018,Asia,1303832,True,True
western_asia,YEM,Yemen,pop,1303832,0.8531112432000001,0.8605309485999999,0.0074197053999998,5.051241198876982,Yemen,8298,0.008298,39987261.00233982,ok,western_asia,0.2075160886742018,Asia,1303832,True,True
