region,task,group,seed,group_name,n_source,AEF_R2,AEF_MAE_norm,PURE_R2,PURE_MAE_norm
central_asia,gdp,KAZ,42,Kazakhstan,15753,0.869817674,0.183842063,0.894576430,0.166252047
central_asia,gdp,KGZ,42,Kyrgyzstan,5609,0.769076347,0.173117787,0.853082776,0.137001052
central_asia,gdp,TJK,42,Tajikistan,8761,0.729827762,0.171092957,0.776927590,0.152721226
central_asia,gdp,TKM,42,Turkmenistan,5777,0.558444500,0.214643657,0.791340232,0.131638214
central_asia,gdp,UZB,42,Uzbekistan,31332,0.372099340,0.202421159,0.595247030,0.176960379
central_asia,gdp,KAZ,24,Kazakhstan,15753,0.853783488,0.173576877,0.879780650,0.152648121
central_asia,gdp,KGZ,24,Kyrgyzstan,5609,0.745156050,0.170401320,0.803425312,0.156601101
central_asia,gdp,TJK,24,Tajikistan,8761,0.825872660,0.170376286,0.868140340,0.154281735
central_asia,gdp,TKM,24,Turkmenistan,5777,0.841717839,0.187574998,0.889975488,0.158712089
central_asia,gdp,UZB,24,Uzbekistan,31332,0.376757264,0.202684045,0.712283134,0.164436892
central_asia,gdp,KAZ,7,Kazakhstan,15753,0.846168101,0.216534555,0.856619060,0.187316760
central_asia,gdp,KGZ,7,Kyrgyzstan,5609,0.715962172,0.125996873,0.835416436,0.117137000
central_asia,gdp,TJK,7,Tajikistan,8761,0.700310528,0.215623319,0.840808988,0.158887565
central_asia,gdp,TKM,7,Turkmenistan,5777,0.821834207,0.213515610,0.891821384,0.164029181
central_asia,gdp,UZB,7,Uzbekistan,31332,0.275209069,0.195343792,0.570407629,0.180186272
central_asia,gdp,KAZ,0,Kazakhstan,15753,0.826365173,0.195557937,0.867938042,0.160157502
central_asia,gdp,KGZ,0,Kyrgyzstan,5609,0.805507481,0.204701573,0.845036626,0.184081614
central_asia,gdp,TJK,0,Tajikistan,8761,0.769525230,0.209020585,0.847265065,0.179310396
central_asia,gdp,TKM,0,Turkmenistan,5777,0.459774554,0.212553263,0.515280128,0.202719077
central_asia,gdp,UZB,0,Uzbekistan,31332,0.263049126,0.229449213,0.519038856,0.182536945
central_asia,gdp,KAZ,100,Kazakhstan,15753,0.866565168,0.172214225,0.890616119,0.155782804
central_asia,gdp,KGZ,100,Kyrgyzstan,5609,0.663861394,0.137222052,0.748858154,0.122499488
central_asia,gdp,TJK,100,Tajikistan,8761,0.435722530,0.265814751,0.359817207,0.311623663
central_asia,gdp,TKM,100,Turkmenistan,5777,0.758562207,0.201203316,0.768402576,0.194437683
central_asia,gdp,UZB,100,Uzbekistan,31332,0.439413905,0.187500894,0.638396144,0.151440144
central_asia,pop,KAZ,42,Kazakhstan,1554239,0.880763292,0.199921459,0.879786491,0.198278248
central_asia,pop,KGZ,42,Kyrgyzstan,560716,0.825164795,0.215407923,0.853979051,0.193045452
central_asia,pop,TJK,42,Tajikistan,872973,0.923332691,0.166166797,0.927198350,0.161400065
central_asia,pop,TKM,42,Turkmenistan,579460,0.810351312,0.303469092,0.821837306,0.294163913
central_asia,pop,UZB,42,Uzbekistan,3126052,0.611096501,0.305965126,0.651567817,0.289030790
central_asia,pop,KAZ,24,Kazakhstan,1554239,0.878014266,0.218842924,0.881128490,0.212732300
central_asia,pop,KGZ,24,Kyrgyzstan,560716,0.784182429,0.228439510,0.828735352,0.204446569
central_asia,pop,TJK,24,Tajikistan,872973,0.896741807,0.165193021,0.901977658,0.162930906
central_asia,pop,TKM,24,Turkmenistan,579460,0.810345411,0.275171399,0.820238113,0.269496620
central_asia,pop,UZB,24,Uzbekistan,3126052,0.647498608,0.298404217,0.688528657,0.278462619
central_asia,pop,KAZ,7,Kazakhstan,1554239,0.867346406,0.213303670,0.876691103,0.204792753
central_asia,pop,KGZ,7,Kyrgyzstan,560716,0.820930839,0.204640582,0.855450034,0.181668043
central_asia,pop,TJK,7,Tajikistan,872973,0.910990238,0.166551873,0.914324582,0.161001742
central_asia,pop,TKM,7,Turkmenistan,579460,0.775360703,0.287889570,0.788297117,0.282770008
central_asia,pop,UZB,7,Uzbekistan,3126052,0.636825919,0.289263368,0.669400215,0.274099529
central_asia,pop,KAZ,0,Kazakhstan,1554239,0.870397031,0.201489717,0.876657248,0.197725520
central_asia,pop,KGZ,0,Kyrgyzstan,560716,0.821542859,0.172845855,0.860240579,0.154910624
central_asia,pop,TJK,0,Tajikistan,872973,0.898339689,0.180227697,0.905760884,0.176697105
central_asia,pop,TKM,0,Turkmenistan,579460,0.784935296,0.290546775,0.800428450,0.276266962
central_asia,pop,UZB,0,Uzbekistan,3126052,0.622953594,0.301528186,0.649483681,0.294624835
central_asia,pop,KAZ,100,Kazakhstan,1554239,0.875755548,0.213291541,0.884353995,0.205398321
central_asia,pop,KGZ,100,Kyrgyzstan,560716,0.795371532,0.189978942,0.842283368,0.165896520
central_asia,pop,TJK,100,Tajikistan,872973,0.923708320,0.173247531,0.923676372,0.172282279
central_asia,pop,TKM,100,Turkmenistan,579460,0.748841166,0.302113920,0.789742768,0.290657848
central_asia,pop,UZB,100,Uzbekistan,3126052,0.624285340,0.296167731,0.660663724,0.283852875
central_asia,ntl,KAZ,42,Kazakhstan,63162,0.303687453,0.190533921,0.310214400,0.198433042
central_asia,ntl,KGZ,42,Kyrgyzstan,22651,0.775016308,0.212792963,0.788399816,0.198399246
central_asia,ntl,TJK,42,Tajikistan,35301,0.737302542,0.211008295,0.816197932,0.189148098
central_asia,ntl,TKM,42,Turkmenistan,23270,0.714781404,0.177334979,0.738940001,0.178272486
central_asia,ntl,UZB,42,Uzbekistan,125066,-0.189740419,0.214244202,0.520578384,0.158128813
central_asia,ntl,KAZ,24,Kazakhstan,63162,0.277202487,0.218102068,0.320745647,0.203145146
central_asia,ntl,KGZ,24,Kyrgyzstan,22651,0.754104316,0.233403832,0.779882491,0.220225975
central_asia,ntl,TJK,24,Tajikistan,35301,0.799718022,0.201325491,0.800747454,0.191507936
central_asia,ntl,TKM,24,Turkmenistan,23270,0.570993543,0.175208390,0.584698498,0.154758915
central_asia,ntl,UZB,24,Uzbekistan,125066,0.446759164,0.159296259,0.456291735,0.153522640
central_asia,ntl,KAZ,7,Kazakhstan,63162,0.429171622,0.228190333,0.730277359,0.189973578
central_asia,ntl,KGZ,7,Kyrgyzstan,22651,0.864737391,0.173391074,0.869420648,0.169170290
central_asia,ntl,TJK,7,Tajikistan,35301,0.810046613,0.184951499,0.844809592,0.167694792
central_asia,ntl,TKM,7,Turkmenistan,23270,0.580814362,0.174378186,0.663986444,0.153782710
central_asia,ntl,UZB,7,Uzbekistan,125066,0.273546696,0.245131806,0.338427424,0.251683533
central_asia,ntl,KAZ,0,Kazakhstan,63162,0.290549517,0.210781544,0.335931242,0.205285341
central_asia,ntl,KGZ,0,Kyrgyzstan,22651,0.871088445,0.185533702,0.870114803,0.180042431
central_asia,ntl,TJK,0,Tajikistan,35301,0.612682104,0.257973254,0.825703859,0.211052075
central_asia,ntl,TKM,0,Turkmenistan,23270,0.526979327,0.159213081,0.653136373,0.151734054
central_asia,ntl,UZB,0,Uzbekistan,125066,0.214125931,0.180117875,0.260869563,0.172352716
central_asia,ntl,KAZ,100,Kazakhstan,63162,0.372746587,0.212125078,0.425256193,0.198297545
central_asia,ntl,KGZ,100,Kyrgyzstan,22651,0.870931387,0.187859237,0.899923384,0.171113402
central_asia,ntl,TJK,100,Tajikistan,35301,0.603969514,0.232644275,0.738844633,0.205612421
central_asia,ntl,TKM,100,Turkmenistan,23270,0.538934588,0.158720210,0.538628876,0.181651786
central_asia,ntl,UZB,100,Uzbekistan,125066,0.266773462,0.240803450,0.271252692,0.225251928
central_asia,pm25,KAZ,42,Kazakhstan,10805,0.986423016,0.082743570,0.991785526,0.065819494
central_asia,pm25,KGZ,42,Kyrgyzstan,3898,0.950923383,0.169701263,0.969580173,0.130455554
central_asia,pm25,TJK,42,Tajikistan,6145,0.978513420,0.107974336,0.989851236,0.074666210
central_asia,pm25,TKM,42,Turkmenistan,4019,0.871262312,0.276820689,0.953321815,0.166584685
central_asia,pm25,UZB,42,Uzbekistan,21771,0.927419484,0.176482275,0.970988214,0.116506115
central_asia,pm25,KAZ,24,Kazakhstan,10805,0.986248434,0.085270360,0.991802394,0.066066638
central_asia,pm25,KGZ,24,Kyrgyzstan,3898,0.955529094,0.173507929,0.969183564,0.139385849
central_asia,pm25,TJK,24,Tajikistan,6145,0.978374004,0.110495783,0.989108503,0.078365654
central_asia,pm25,TKM,24,Turkmenistan,4019,0.880443454,0.261700749,0.957727253,0.156908348
central_asia,pm25,UZB,24,Uzbekistan,21771,0.927742302,0.175191090,0.971238852,0.115194686
central_asia,pm25,KAZ,7,Kazakhstan,10805,0.986142755,0.084636658,0.990664005,0.069073237
central_asia,pm25,KGZ,7,Kyrgyzstan,3898,0.945521533,0.181914344,0.968797982,0.134131163
central_asia,pm25,TJK,7,Tajikistan,6145,0.978933811,0.107519418,0.989028931,0.078626044
central_asia,pm25,TKM,7,Turkmenistan,4019,0.869274020,0.268359751,0.952881217,0.158444226
central_asia,pm25,UZB,7,Uzbekistan,21771,0.930676997,0.174310938,0.974521995,0.111107819
central_asia,pm25,KAZ,0,Kazakhstan,10805,0.984570861,0.083997868,0.990377247,0.068982482
central_asia,pm25,KGZ,0,Kyrgyzstan,3898,0.949363410,0.174510330,0.971098840,0.129123047
central_asia,pm25,TJK,0,Tajikistan,6145,0.978355646,0.110968605,0.989345014,0.078670487
central_asia,pm25,TKM,0,Turkmenistan,4019,0.865191162,0.276198775,0.951583505,0.164879337
central_asia,pm25,UZB,0,Uzbekistan,21771,0.921321511,0.187116966,0.974433362,0.111432940
central_asia,pm25,KAZ,100,Kazakhstan,10805,0.985241830,0.086777166,0.990514517,0.071549989
central_asia,pm25,KGZ,100,Kyrgyzstan,3898,0.941409826,0.177482441,0.962886453,0.136305660
central_asia,pm25,TJK,100,Tajikistan,6145,0.978273749,0.107297704,0.988943160,0.075548321
central_asia,pm25,TKM,100,Turkmenistan,4019,0.859563470,0.276074618,0.952862442,0.157182872
central_asia,pm25,UZB,100,Uzbekistan,21771,0.931995690,0.172367245,0.968592346,0.125368848
central_asia,lst,KAZ,42,Kazakhstan,15701,0.978438258,0.113575473,0.978324413,0.113801233
central_asia,lst,KGZ,42,Kyrgyzstan,5656,0.928429604,0.201842427,0.939822435,0.183934286
central_asia,lst,TJK,42,Tajikistan,8776,0.954703927,0.168821260,0.956403017,0.165483207
central_asia,lst,TKM,42,Turkmenistan,5810,0.849676847,0.290214628,0.886047482,0.254038721
central_asia,lst,UZB,42,Uzbekistan,31402,0.775160253,0.336935967,0.850708842,0.290894389
central_asia,lst,KAZ,24,Kazakhstan,15701,0.974936068,0.119735807,0.977222562,0.114964403
central_asia,lst,KGZ,24,Kyrgyzstan,5656,0.932883978,0.195586875,0.938191473,0.187795624
central_asia,lst,TJK,24,Tajikistan,8776,0.943733096,0.172502041,0.943761885,0.169474989
central_asia,lst,TKM,24,Turkmenistan,5810,0.825500011,0.300051749,0.882778525,0.254743218
central_asia,lst,UZB,24,Uzbekistan,31402,0.770345807,0.333942831,0.851599932,0.288777590
central_asia,lst,KAZ,7,Kazakhstan,15701,0.975796282,0.117012560,0.976876616,0.112782151
central_asia,lst,KGZ,7,Kyrgyzstan,5656,0.935411632,0.204881981,0.945966363,0.186422706
central_asia,lst,TJK,7,Tajikistan,8776,0.946768343,0.173337683,0.947259963,0.174337879
central_asia,lst,TKM,7,Turkmenistan,5810,0.824360132,0.305195719,0.863752484,0.274785429
central_asia,lst,UZB,7,Uzbekistan,31402,0.787615895,0.329039037,0.855463684,0.287794024
central_asia,lst,KAZ,0,Kazakhstan,15701,0.975411892,0.124195695,0.976861417,0.118795350
central_asia,lst,KGZ,0,Kyrgyzstan,5656,0.935800135,0.188661665,0.938636065,0.178662732
central_asia,lst,TJK,0,Tajikistan,8776,0.950491071,0.168961838,0.954071462,0.161044046
central_asia,lst,TKM,0,Turkmenistan,5810,0.841165781,0.308778554,0.878945112,0.266782999
central_asia,lst,UZB,0,Uzbekistan,31402,0.786375165,0.336960912,0.860519648,0.286603451
central_asia,lst,KAZ,100,Kazakhstan,15701,0.974530280,0.118732341,0.977102995,0.114688613
central_asia,lst,KGZ,100,Kyrgyzstan,5656,0.943872988,0.184602737,0.948399663,0.180564165
central_asia,lst,TJK,100,Tajikistan,8776,0.943710268,0.176422015,0.950270474,0.168368086
central_asia,lst,TKM,100,Turkmenistan,5810,0.838298380,0.284929812,0.874623895,0.251145631
central_asia,lst,UZB,100,Uzbekistan,31402,0.781842530,0.332016379,0.855533123,0.288194835
western_asia,gdp,ARE,42,United Arab Emirates,4071,0.752602935,0.267507464,0.846539319,0.223113894
western_asia,gdp,ARM,42,Armenia,2125,0.871032298,0.201267242,0.909526289,0.159127921
western_asia,gdp,AZE,42,Azerbaijan,7750,0.700798869,0.255120903,0.779371440,0.189978674
western_asia,gdp,GEO,42,Georgia,2417,0.597425103,0.234576672,0.789294243,0.153214484
western_asia,gdp,IRQ,42,Iraq,19018,0.764969885,0.235395357,0.870817363,0.185163334
western_asia,gdp,ISR,42,Israel,3736,0.849901676,0.200351104,0.878199100,0.181392834
western_asia,gdp,JOR,42,Jordan,3663,0.851295531,0.194826022,0.879445493,0.194565684
western_asia,gdp,LBN,42,Lebanon,3530,0.804694116,0.167357683,0.858695149,0.149793595
western_asia,gdp,OMN,42,Oman,3068,0.775158405,0.265347421,0.833950996,0.238454983
western_asia,gdp,PSE,42,Palestine,2134,0.867857635,0.133947626,0.942918181,0.090732977
western_asia,gdp,SAU,42,Saudi Arabia,14147,0.883944690,0.213273481,0.915936947,0.178006902
western_asia,gdp,SYR,42,Syria,13095,0.854580164,0.182998419,0.901931047,0.141208649
western_asia,gdp,TUR,42,Turkey,36715,0.443325937,0.254298061,0.635352969,0.216923669
western_asia,gdp,YEM,42,Yemen,13130,0.643784404,0.237590984,0.685967326,0.227856979
western_asia,gdp,ARE,24,United Arab Emirates,4071,0.841123462,0.257756114,0.875486910,0.227924317
western_asia,gdp,ARM,24,Armenia,2125,0.928285599,0.169875473,0.927336037,0.160623312
western_asia,gdp,AZE,24,Azerbaijan,7750,0.481052935,0.235460997,0.493451595,0.240510717
western_asia,gdp,GEO,24,Georgia,2417,0.660030484,0.223744959,0.750046074,0.189515978
western_asia,gdp,IRQ,24,Iraq,19018,0.815644145,0.219874769,0.895501554,0.179323629
western_asia,gdp,ISR,24,Israel,3736,0.881423950,0.220804483,0.910668015,0.195851400
western_asia,gdp,JOR,24,Jordan,3663,0.781045496,0.163641110,0.834413171,0.143613890
western_asia,gdp,LBN,24,Lebanon,3530,0.762952209,0.180584490,0.889068425,0.119301751
western_asia,gdp,OMN,24,Oman,3068,0.854660988,0.261733502,0.898458838,0.229471773
western_asia,gdp,PSE,24,Palestine,2134,0.877942443,0.161023051,0.965828955,0.099736586
western_asia,gdp,SAU,24,Saudi Arabia,14147,0.866039574,0.214737341,0.908782363,0.176303059
western_asia,gdp,SYR,24,Syria,13095,0.836548567,0.152226090,0.899760187,0.128065616
western_asia,gdp,TUR,24,Turkey,36715,0.399773419,0.263474256,0.566738188,0.226863518
western_asia,gdp,YEM,24,Yemen,13130,0.640746355,0.219493285,0.638340354,0.227163643
western_asia,gdp,ARE,7,United Arab Emirates,4071,0.750144720,0.257420778,0.831288576,0.208284497
western_asia,gdp,ARM,7,Armenia,2125,0.907020807,0.158209771,0.917439044,0.160717696
western_asia,gdp,AZE,7,Azerbaijan,7750,0.600936472,0.215119138,0.681292057,0.208721995
western_asia,gdp,GEO,7,Georgia,2417,0.605880976,0.200239062,0.711525202,0.169397280
western_asia,gdp,IRQ,7,Iraq,19018,0.792429447,0.218855917,0.873852491,0.178970665
western_asia,gdp,ISR,7,Israel,3736,0.843838036,0.239930227,0.894615591,0.208415166
western_asia,gdp,JOR,7,Jordan,3663,0.800687432,0.206143260,0.826142907,0.188866645
western_asia,gdp,LBN,7,Lebanon,3530,0.848674893,0.121834055,0.871483922,0.114270858
western_asia,gdp,OMN,7,Oman,3068,0.844820261,0.234565705,0.871905088,0.202240601
western_asia,gdp,PSE,7,Palestine,2134,0.910810053,0.149122372,0.969591081,0.104319282
western_asia,gdp,SAU,7,Saudi Arabia,14147,0.878494978,0.215123370,0.911460042,0.177249074
western_asia,gdp,SYR,7,Syria,13095,0.800838292,0.186606079,0.907945871,0.142356291
western_asia,gdp,TUR,7,Turkey,36715,0.353448272,0.294937313,0.498735368,0.250079662
western_asia,gdp,YEM,7,Yemen,13130,0.565585434,0.219537690,0.589390755,0.204160750
western_asia,gdp,ARE,0,United Arab Emirates,4071,0.806558907,0.269048125,0.871587515,0.223551512
western_asia,gdp,ARM,0,Armenia,2125,0.886442900,0.160999775,0.901942432,0.148448586
western_asia,gdp,AZE,0,Azerbaijan,7750,0.637329459,0.194104418,0.703174710,0.186833963
western_asia,gdp,GEO,0,Georgia,2417,0.754510760,0.179891720,0.768679142,0.161665291
western_asia,gdp,IRQ,0,Iraq,19018,0.780116200,0.210789829,0.840728045,0.175654337
western_asia,gdp,ISR,0,Israel,3736,0.877165556,0.220774934,0.891292930,0.201948285
western_asia,gdp,JOR,0,Jordan,3663,0.837346673,0.187147662,0.858369112,0.169233620
western_asia,gdp,LBN,0,Lebanon,3530,0.712957144,0.218025044,0.785168886,0.158838302
western_asia,gdp,OMN,0,Oman,3068,0.844655752,0.240711927,0.868104458,0.207884595
western_asia,gdp,PSE,0,Palestine,2134,0.941033185,0.120042987,0.962969899,0.094203532
western_asia,gdp,SAU,0,Saudi Arabia,14147,0.871251345,0.218337849,0.901999831,0.184609279
western_asia,gdp,SYR,0,Syria,13095,0.872069299,0.161669493,0.914758623,0.146919549
western_asia,gdp,TUR,0,Turkey,36715,0.421035409,0.284134299,0.582385719,0.254885316
western_asia,gdp,YEM,0,Yemen,13130,0.662069082,0.245099455,0.688525915,0.235177875
western_asia,gdp,ARE,100,United Arab Emirates,4071,0.698032141,0.282459289,0.788363755,0.236706436
western_asia,gdp,ARM,100,Armenia,2125,0.926035881,0.123390146,0.923807263,0.112436041
western_asia,gdp,AZE,100,Azerbaijan,7750,0.552692652,0.205892339,0.646662831,0.189780697
western_asia,gdp,GEO,100,Georgia,2417,0.805206060,0.296454549,0.814588547,0.268111706
western_asia,gdp,IRQ,100,Iraq,19018,0.772339642,0.210240290,0.861645699,0.173596665
western_asia,gdp,ISR,100,Israel,3736,0.857888222,0.207986340,0.877345324,0.192830175
western_asia,gdp,JOR,100,Jordan,3663,0.808973253,0.209881112,0.822892070,0.200757802
western_asia,gdp,LBN,100,Lebanon,3530,0.764668524,0.142210051,0.830975890,0.124859065
western_asia,gdp,OMN,100,Oman,3068,0.827570677,0.267440289,0.865879714,0.230125651
western_asia,gdp,PSE,100,Palestine,2134,0.868346632,0.156937361,0.930015743,0.118342727
western_asia,gdp,SAU,100,Saudi Arabia,14147,0.856313884,0.222104147,0.900071383,0.175844759
western_asia,gdp,SYR,100,Syria,13095,0.828410745,0.161115453,0.869177103,0.133626640
western_asia,gdp,TUR,100,Turkey,36715,0.431363583,0.259743631,0.594637990,0.214202717
western_asia,gdp,YEM,100,Yemen,13130,0.614831805,0.234915614,0.634023070,0.224004507
western_asia,pop,ARE,42,United Arab Emirates,399069,0.723529339,0.372164667,0.742579997,0.353093922
western_asia,pop,ARM,42,Armenia,212983,0.855862379,0.183233261,0.859063864,0.180582196
western_asia,pop,AZE,42,Azerbaijan,773199,0.852489293,0.176877186,0.870077491,0.164518684
western_asia,pop,GEO,42,Georgia,231686,0.861631274,0.226197824,0.881835282,0.203358203
western_asia,pop,IRQ,42,Iraq,1868094,0.853873909,0.179659665,0.874870598,0.168666482
western_asia,pop,ISR,42,Israel,370829,0.737896204,0.212447613,0.728462934,0.218387038
western_asia,pop,JOR,42,Jordan,366903,0.895560920,0.205058843,0.903846383,0.196637124
western_asia,pop,LBN,42,Lebanon,347894,0.784990430,0.117827415,0.805718541,0.119893648
western_asia,pop,OMN,42,Oman,296103,0.782964051,0.274660140,0.808701396,0.256155401
western_asia,pop,PSE,42,Palestine,213783,0.867498875,0.189845607,0.875557542,0.181727841
western_asia,pop,SAU,42,Saudi Arabia,1436910,0.792833209,0.292063385,0.804314673,0.283256322
western_asia,pop,SYR,42,Syria,1304614,0.833959937,0.191634789,0.882680774,0.151298776
western_asia,pop,TUR,42,Turkey,3597899,0.606629014,0.284034401,0.750868976,0.246069312
western_asia,pop,YEM,42,Yemen,1303832,0.862729192,0.149140716,0.862771630,0.146294177
western_asia,pop,ARE,24,United Arab Emirates,399069,0.716456056,0.390027791,0.749763846,0.361301124
western_asia,pop,ARM,24,Armenia,212983,0.862054348,0.187583610,0.867670000,0.185748458
western_asia,pop,AZE,24,Azerbaijan,773199,0.849776566,0.175568104,0.858443201,0.167599723
western_asia,pop,GEO,24,Georgia,231686,0.859399557,0.222259760,0.876408696,0.203644142
western_asia,pop,IRQ,24,Iraq,1868094,0.855191946,0.195314363,0.895359576,0.172550634
western_asia,pop,ISR,24,Israel,370829,0.452278435,0.255986452,0.455629706,0.257594734
western_asia,pop,JOR,24,Jordan,366903,0.890391231,0.204619929,0.898789287,0.193758577
western_asia,pop,LBN,24,Lebanon,347894,0.498311520,0.191476032,0.572728217,0.188732460
western_asia,pop,OMN,24,Oman,296103,0.819966078,0.269296527,0.833873510,0.253943443
western_asia,pop,PSE,24,Palestine,213783,0.852104783,0.195955589,0.867874205,0.181724653
western_asia,pop,SAU,24,Saudi Arabia,1436910,0.796408355,0.293141305,0.811469436,0.282815635
western_asia,pop,SYR,24,Syria,1304614,0.834078908,0.185971484,0.876830518,0.156491175
western_asia,pop,TUR,24,Turkey,3597899,0.604522824,0.300020784,0.760370255,0.248075277
western_asia,pop,YEM,24,Yemen,1303832,0.849652052,0.171215281,0.861410320,0.166530177
western_asia,pop,ARE,7,United Arab Emirates,399069,0.707599044,0.398976952,0.743123829,0.372332394
western_asia,pop,ARM,7,Armenia,212983,0.852135956,0.216040939,0.860603154,0.210967883
western_asia,pop,AZE,7,Azerbaijan,773199,0.866057873,0.180866018,0.872258127,0.172157004
western_asia,pop,GEO,7,Georgia,231686,0.863910556,0.224799737,0.886821032,0.203039140
western_asia,pop,IRQ,7,Iraq,1868094,0.855529308,0.188694999,0.889287829,0.168809786
western_asia,pop,ISR,7,Israel,370829,0.738087058,0.261799276,0.740548730,0.252479464
western_asia,pop,JOR,7,Jordan,366903,0.890284181,0.211900741,0.898002684,0.198129952
western_asia,pop,LBN,7,Lebanon,347894,0.728177547,0.140747398,0.729362965,0.147043079
western_asia,pop,OMN,7,Oman,296103,0.733436525,0.301281363,0.776482403,0.272956550
western_asia,pop,PSE,7,Palestine,213783,0.842974961,0.209423408,0.861344099,0.194978982
western_asia,pop,SAU,7,Saudi Arabia,1436910,0.789521992,0.300645500,0.803716898,0.286715955
western_asia,pop,SYR,7,Syria,1304614,0.838263392,0.184820816,0.877242565,0.153567493
western_asia,pop,TUR,7,Turkey,3597899,0.614010274,0.280618370,0.753257394,0.244906485
western_asia,pop,YEM,7,Yemen,1303832,0.852594078,0.165961906,0.859358072,0.163333312
western_asia,pop,ARE,0,United Arab Emirates,399069,0.689360261,0.397875458,0.724316359,0.372253984
western_asia,pop,ARM,0,Armenia,212983,0.842571557,0.202297866,0.842389166,0.199478298
western_asia,pop,AZE,0,Azerbaijan,773199,0.855429649,0.202714980,0.865870833,0.192016438
western_asia,pop,GEO,0,Georgia,231686,0.858711839,0.215637878,0.885133266,0.191521019
western_asia,pop,IRQ,0,Iraq,1868094,0.859407127,0.186170414,0.882218003,0.171261311
western_asia,pop,ISR,0,Israel,370829,0.659462631,0.224617735,0.672449768,0.225048244
western_asia,pop,JOR,0,Jordan,366903,0.879704654,0.216542438,0.891845047,0.208025113
western_asia,pop,LBN,0,Lebanon,347894,0.420108497,0.164460242,0.514605284,0.159247696
western_asia,pop,OMN,0,Oman,296103,0.819061220,0.273473978,0.837671876,0.259425789
western_asia,pop,PSE,0,Palestine,213783,0.855772614,0.177187681,0.864944577,0.169914141
western_asia,pop,SAU,0,Saudi Arabia,1436910,0.799103618,0.287751675,0.814694881,0.278494477
western_asia,pop,SYR,0,Syria,1304614,0.845874786,0.185108587,0.888339639,0.157062545
western_asia,pop,TUR,0,Turkey,3597899,0.613288403,0.268078625,0.755194902,0.227666229
western_asia,pop,YEM,0,Yemen,1303832,0.855066895,0.153312132,0.865415931,0.154359221
western_asia,pop,ARE,100,United Arab Emirates,399069,0.707397699,0.391142935,0.737473726,0.366283089
western_asia,pop,ARM,100,Armenia,212983,0.848735571,0.195077926,0.849039614,0.191024259
western_asia,pop,AZE,100,Azerbaijan,773199,0.836662650,0.203242213,0.850867867,0.186713949
western_asia,pop,GEO,100,Georgia,231686,0.856574297,0.220730171,0.876693249,0.200922683
western_asia,pop,IRQ,100,Iraq,1868094,0.854682744,0.179355636,0.872971654,0.165953755
western_asia,pop,ISR,100,Israel,370829,0.651809275,0.249094695,0.666929483,0.250934213
western_asia,pop,JOR,100,Jordan,366903,0.885266244,0.212762356,0.896536112,0.201748908
western_asia,pop,LBN,100,Lebanon,347894,0.641385913,0.165046304,0.641905069,0.160916671
western_asia,pop,OMN,100,Oman,296103,0.840349972,0.278037161,0.860815525,0.257100016
western_asia,pop,PSE,100,Palestine,213783,0.883562207,0.199417964,0.884563565,0.195708439
western_asia,pop,SAU,100,Saudi Arabia,1436910,0.786097944,0.286609054,0.806693077,0.273522973
western_asia,pop,SYR,100,Syria,1304614,0.846595287,0.200963631,0.888128102,0.167503595
western_asia,pop,TUR,100,Turkey,3597899,0.619522929,0.275056750,0.754032850,0.235980958
western_asia,pop,YEM,100,Yemen,1303832,0.845513999,0.184730530,0.853698790,0.176398322
western_asia,ntl,ARE,42,United Arab Emirates,16445,0.524042249,0.410892576,0.580574512,0.391994715
western_asia,ntl,ARM,42,Armenia,8543,0.238446712,0.118917540,0.469218254,0.124278463
western_asia,ntl,AZE,42,Azerbaijan,31555,0.533650994,0.174256995,0.530675054,0.172906697
western_asia,ntl,GEO,42,Georgia,9656,0.471554399,0.287730992,0.496282160,0.272967726
western_asia,ntl,IRQ,42,Iraq,76085,0.034507692,0.111362644,0.135354698,0.098108038
western_asia,ntl,ISR,42,Israel,15121,0.732188046,0.332170278,0.762021124,0.319986284
western_asia,ntl,JOR,42,Jordan,14711,0.738750756,0.351795912,0.787762284,0.324586838
western_asia,ntl,LBN,42,Lebanon,14183,0.830718160,0.251851648,0.872357965,0.227871075
western_asia,ntl,OMN,42,Oman,12301,0.486807883,0.248120964,0.511826158,0.232924715
western_asia,ntl,PSE,42,Palestine,8600,0.677278280,0.370924860,0.664750159,0.378018528
western_asia,ntl,SAU,42,Saudi Arabia,57811,0.513688684,0.330111682,0.597128034,0.309082866
western_asia,ntl,SYR,42,Syria,52595,0.032209992,0.152849168,0.066065669,0.150656953
western_asia,ntl,TUR,42,Turkey,146679,0.694765210,0.351273775,0.770716965,0.315741658
western_asia,ntl,YEM,42,Yemen,52396,0.431154907,0.097440287,0.537005901,0.076064967
western_asia,ntl,ARE,24,United Arab Emirates,16445,0.632280290,0.416417390,0.672130764,0.366734087
western_asia,ntl,ARM,24,Armenia,8543,0.518750668,0.101151608,0.547524810,0.104489602
western_asia,ntl,AZE,24,Azerbaijan,31555,0.260339737,0.242646858,0.221231818,0.244666755
western_asia,ntl,GEO,24,Georgia,9656,0.750990152,0.304349482,0.792585790,0.265083879
western_asia,ntl,IRQ,24,Iraq,76085,-0.029624820,0.103926823,0.038752794,0.072248600
western_asia,ntl,ISR,24,Israel,15121,0.708480120,0.366175413,0.748041749,0.336079895
western_asia,ntl,JOR,24,Jordan,14711,0.760359764,0.339445800,0.805577874,0.313186496
western_asia,ntl,LBN,24,Lebanon,14183,0.818623066,0.250441194,0.841094494,0.241574585
western_asia,ntl,OMN,24,Oman,12301,0.634158969,0.337521881,0.658480108,0.327664226
western_asia,ntl,PSE,24,Palestine,8600,0.701557994,0.354993045,0.688281715,0.364860684
western_asia,ntl,SAU,24,Saudi Arabia,57811,0.652791500,0.307349235,0.679884076,0.288269430
western_asia,ntl,SYR,24,Syria,52595,0.109219790,0.105085909,0.271321476,0.098895997
western_asia,ntl,TUR,24,Turkey,146679,0.701466918,0.341442108,0.772511721,0.308198214
western_asia,ntl,YEM,24,Yemen,52396,0.452123940,0.093081787,0.445107341,0.078980505
western_asia,ntl,ARE,7,United Arab Emirates,16445,0.574597478,0.414458454,0.656246960,0.382127881
western_asia,ntl,ARM,7,Armenia,8543,-20.588260651,0.221022367,-3.445426464,0.138192177
western_asia,ntl,AZE,7,Azerbaijan,31555,0.676226676,0.160197690,0.705176234,0.157123238
western_asia,ntl,GEO,7,Georgia,9656,0.736736059,0.265961140,0.742798686,0.263920903
western_asia,ntl,IRQ,7,Iraq,76085,0.065074742,0.148788109,0.658670306,0.143501729
western_asia,ntl,ISR,7,Israel,15121,0.722210169,0.365609229,0.766019166,0.327643901
western_asia,ntl,JOR,7,Jordan,14711,0.770954788,0.331963807,0.810462356,0.305436999
western_asia,ntl,LBN,7,Lebanon,14183,0.834035754,0.248645902,0.831135631,0.240641400
western_asia,ntl,OMN,7,Oman,12301,0.513658762,0.221461728,0.471091986,0.230148271
western_asia,ntl,PSE,7,Palestine,8600,0.671901166,0.378769368,0.697889805,0.359429598
western_asia,ntl,SAU,7,Saudi Arabia,57811,0.564905286,0.322370380,0.630335987,0.304423302
western_asia,ntl,SYR,7,Syria,52595,0.041165829,0.122394033,0.283258021,0.111248732
western_asia,ntl,TUR,7,Turkey,146679,0.701196551,0.349966526,0.772237897,0.319447011
western_asia,ntl,YEM,7,Yemen,52396,0.432200074,0.104505800,-0.156690359,0.098556854
western_asia,ntl,ARE,0,United Arab Emirates,16445,0.630125046,0.372444302,0.672338247,0.349961460
western_asia,ntl,ARM,0,Armenia,8543,0.328471005,0.174924031,0.397226691,0.129858553
western_asia,ntl,AZE,0,Azerbaijan,31555,0.753082454,0.135015845,0.776146472,0.137276411
western_asia,ntl,GEO,0,Georgia,9656,0.772243619,0.254007816,0.799285054,0.236486882
western_asia,ntl,IRQ,0,Iraq,76085,0.020627201,0.121195532,0.031905890,0.114717521
western_asia,ntl,ISR,0,Israel,15121,0.747928858,0.350721151,0.785053074,0.328216404
western_asia,ntl,JOR,0,Jordan,14711,0.797810555,0.305300534,0.805342436,0.302637190
western_asia,ntl,LBN,0,Lebanon,14183,0.786529303,0.234452754,0.812043190,0.221887916
western_asia,ntl,OMN,0,Oman,12301,0.366945684,0.233973265,0.403402984,0.233394489
western_asia,ntl,PSE,0,Palestine,8600,0.650342107,0.386073858,0.704782426,0.369394749
western_asia,ntl,SAU,0,Saudi Arabia,57811,0.562073171,0.311758459,0.582122207,0.304360628
western_asia,ntl,SYR,0,Syria,52595,0.195242286,0.214128599,0.260797381,0.178520948
western_asia,ntl,TUR,0,Turkey,146679,0.699867725,0.354706019,0.771291971,0.316391319
western_asia,ntl,YEM,0,Yemen,52396,0.123688936,0.128746957,0.457915187,0.106671967
western_asia,ntl,ARE,100,United Arab Emirates,16445,0.615691066,0.400200397,0.661240101,0.377320707
western_asia,ntl,ARM,100,Armenia,8543,0.771985471,0.207747385,0.917597115,0.162353978
western_asia,ntl,AZE,100,Azerbaijan,31555,0.623581767,0.145333111,0.160836816,0.168284535
western_asia,ntl,GEO,100,Georgia,9656,0.648125768,0.230055645,0.708170116,0.208068594
western_asia,ntl,IRQ,100,Iraq,76085,0.138558745,0.077128805,0.155988634,0.080688186
western_asia,ntl,ISR,100,Israel,15121,0.752144575,0.363491386,0.792480588,0.337812871
western_asia,ntl,JOR,100,Jordan,14711,0.774146378,0.322062701,0.792862177,0.308085233
western_asia,ntl,LBN,100,Lebanon,14183,0.831493139,0.225625619,0.831919193,0.219353259
western_asia,ntl,OMN,100,Oman,12301,0.437104166,0.376488745,0.477826059,0.365969747
western_asia,ntl,PSE,100,Palestine,8600,0.705551267,0.391302556,0.725478768,0.383608788
western_asia,ntl,SAU,100,Saudi Arabia,57811,0.647943556,0.310799152,0.622136354,0.315834939
western_asia,ntl,SYR,100,Syria,52595,0.043083072,0.129599705,0.061215103,0.121137850
western_asia,ntl,TUR,100,Turkey,146679,0.693651319,0.360434145,0.774613738,0.320963174
western_asia,ntl,YEM,100,Yemen,52396,0.161267459,0.147704035,0.224433064,0.117104217
western_asia,pm25,ARE,42,United Arab Emirates,2845,0.699270129,0.400835246,0.801535904,0.322867185
western_asia,pm25,ARM,42,Armenia,1503,0.982496321,0.096934490,0.984283924,0.092763066
western_asia,pm25,AZE,42,Azerbaijan,5482,0.926397562,0.189436376,0.956071615,0.149243563
western_asia,pm25,GEO,42,Georgia,1632,0.950753748,0.150424615,0.963330746,0.132379234
western_asia,pm25,IRQ,42,Iraq,13196,0.958808899,0.148333296,0.976014018,0.111116514
western_asia,pm25,ISR,42,Israel,2573,0.703366041,0.402606010,0.760776699,0.363869131
western_asia,pm25,JOR,42,Jordan,2564,0.914726675,0.234933093,0.936155975,0.201969787
western_asia,pm25,LBN,42,Lebanon,2375,0.903590143,0.237726271,0.920165598,0.217049256
western_asia,pm25,OMN,42,Oman,2115,0.854139566,0.281464696,0.917801261,0.203685656
western_asia,pm25,PSE,42,Palestine,1464,0.805380285,0.342830449,0.843322456,0.313935935
western_asia,pm25,SAU,42,Saudi Arabia,9969,0.955053568,0.147371054,0.971804321,0.118412517
western_asia,pm25,SYR,42,Syria,9029,0.941076279,0.185767949,0.960338891,0.151417613
western_asia,pm25,TUR,42,Turkey,25365,0.859909534,0.276093781,0.925461829,0.203808472
western_asia,pm25,YEM,42,Yemen,9075,0.962857008,0.137219772,0.968603194,0.129122600
western_asia,pm25,ARE,24,United Arab Emirates,2845,0.572311699,0.489593089,0.736370087,0.382633090
western_asia,pm25,ARM,24,Armenia,1503,0.983479917,0.099021628,0.984072387,0.099591583
western_asia,pm25,AZE,24,Azerbaijan,5482,0.933638692,0.197426111,0.958707094,0.156206116
western_asia,pm25,GEO,24,Georgia,1632,0.933800280,0.196200326,0.968220174,0.128547043
western_asia,pm25,IRQ,24,Iraq,13196,0.962248862,0.143126860,0.979073882,0.104357503
western_asia,pm25,ISR,24,Israel,2573,0.751007736,0.402291417,0.784956038,0.368682563
western_asia,pm25,JOR,24,Jordan,2564,0.915166378,0.218151703,0.933056712,0.196801737
western_asia,pm25,LBN,24,Lebanon,2375,0.892351985,0.238474399,0.922039866,0.197192103
western_asia,pm25,OMN,24,Oman,2115,0.881478846,0.274251610,0.924998105,0.217058763
western_asia,pm25,PSE,24,Palestine,1464,0.858201623,0.312792927,0.880681217,0.288847864
western_asia,pm25,SAU,24,Saudi Arabia,9969,0.956407070,0.150832921,0.973308861,0.119303979
western_asia,pm25,SYR,24,Syria,9029,0.938387156,0.186537951,0.957297623,0.155017242
western_asia,pm25,TUR,24,Turkey,25365,0.859250486,0.271240801,0.930659175,0.194871813
western_asia,pm25,YEM,24,Yemen,9075,0.965324283,0.132819742,0.971291482,0.123992249
western_asia,pm25,ARE,7,United Arab Emirates,2845,0.660294771,0.424368501,0.728610754,0.367475539
western_asia,pm25,ARM,7,Armenia,1503,0.983859301,0.101230964,0.987290382,0.088829234
western_asia,pm25,AZE,7,Azerbaijan,5482,0.931362331,0.195478365,0.956483066,0.152342811
western_asia,pm25,GEO,7,Georgia,1632,0.957111716,0.157322392,0.971808255,0.129374504
western_asia,pm25,IRQ,7,Iraq,13196,0.961103201,0.144752264,0.977311432,0.108175501
western_asia,pm25,ISR,7,Israel,2573,0.749946713,0.395228386,0.797798514,0.354374945
western_asia,pm25,JOR,7,Jordan,2564,0.916604757,0.211987242,0.925711751,0.201020256
western_asia,pm25,LBN,7,Lebanon,2375,0.892835975,0.254055113,0.922106445,0.207727730
western_asia,pm25,OMN,7,Oman,2115,0.883915842,0.234300584,0.897811413,0.212390140
western_asia,pm25,PSE,7,Palestine,1464,0.833159089,0.290065765,0.856093943,0.270631969
western_asia,pm25,SAU,7,Saudi Arabia,9969,0.952648997,0.153198361,0.972438753,0.117081739
western_asia,pm25,SYR,7,Syria,9029,0.935528100,0.185826242,0.960700512,0.147105515
western_asia,pm25,TUR,7,Turkey,25365,0.862636626,0.267430842,0.923605978,0.205566749
western_asia,pm25,YEM,7,Yemen,9075,0.965458870,0.136345014,0.972896457,0.120393410
western_asia,pm25,ARE,0,United Arab Emirates,2845,0.508556724,0.523086667,0.732297301,0.384346068
western_asia,pm25,ARM,0,Armenia,1503,0.981258571,0.108597375,0.983105659,0.104555473
western_asia,pm25,AZE,0,Azerbaijan,5482,0.933443546,0.193892479,0.955179811,0.156100377
western_asia,pm25,GEO,0,Georgia,1632,0.952996373,0.153311402,0.969195306,0.127771199
western_asia,pm25,IRQ,0,Iraq,13196,0.959245265,0.148143247,0.975311756,0.111744858
western_asia,pm25,ISR,0,Israel,2573,0.722288013,0.394443214,0.774278760,0.359910160
western_asia,pm25,JOR,0,Jordan,2564,0.926712215,0.212950900,0.940556884,0.189750925
western_asia,pm25,LBN,0,Lebanon,2375,0.898436010,0.244852990,0.914565325,0.226264492
western_asia,pm25,OMN,0,Oman,2115,0.836458623,0.260541588,0.896216094,0.202550650
western_asia,pm25,PSE,0,Palestine,1464,0.856195509,0.351964176,0.872864962,0.323532879
western_asia,pm25,SAU,0,Saudi Arabia,9969,0.958532333,0.148527175,0.971564293,0.122753970
western_asia,pm25,SYR,0,Syria,9029,0.938136756,0.188954413,0.963634193,0.145683780
western_asia,pm25,TUR,0,Turkey,25365,0.857383728,0.279823452,0.925437689,0.204860061
western_asia,pm25,YEM,0,Yemen,9075,0.967017651,0.134709403,0.972471893,0.123167634
western_asia,pm25,ARE,100,United Arab Emirates,2845,0.664201736,0.427541435,0.776131332,0.343888044
western_asia,pm25,ARM,100,Armenia,1503,0.985207915,0.095921427,0.987140834,0.088369846
western_asia,pm25,AZE,100,Azerbaijan,5482,0.942080736,0.186117470,0.961165786,0.148847505
western_asia,pm25,GEO,100,Georgia,1632,0.951152980,0.174768120,0.972501814,0.129282698
western_asia,pm25,IRQ,100,Iraq,13196,0.962408125,0.143059954,0.978968263,0.106168427
western_asia,pm25,ISR,100,Israel,2573,0.721087456,0.436112911,0.804957926,0.376371294
western_asia,pm25,JOR,100,Jordan,2564,0.918817163,0.215837821,0.925939441,0.203286901
western_asia,pm25,LBN,100,Lebanon,2375,0.902644157,0.242402077,0.923696935,0.208852455
western_asia,pm25,OMN,100,Oman,2115,0.870168447,0.278510928,0.914281189,0.209802747
western_asia,pm25,PSE,100,Palestine,1464,0.800668955,0.330770671,0.846482217,0.285515815
western_asia,pm25,SAU,100,Saudi Arabia,9969,0.948500812,0.159652591,0.971272171,0.119848169
western_asia,pm25,SYR,100,Syria,9029,0.940674603,0.183032885,0.959709108,0.152534321
western_asia,pm25,TUR,100,Turkey,25365,0.857511997,0.272422105,0.928531945,0.198558688
western_asia,pm25,YEM,100,Yemen,9075,0.964696348,0.141578421,0.971066892,0.127168328
western_asia,lst,ARE,42,United Arab Emirates,3935,0.806176186,0.340185016,0.837544739,0.301402479
western_asia,lst,ARM,42,Armenia,2112,0.965925932,0.139640227,0.964736521,0.141132504
western_asia,lst,AZE,42,Azerbaijan,7760,0.913849950,0.234157383,0.919801354,0.226673275
western_asia,lst,GEO,42,Georgia,2362,0.914776385,0.242625684,0.915137708,0.234117135
western_asia,lst,IRQ,42,Iraq,19011,0.921434402,0.212268949,0.929891706,0.198364705
western_asia,lst,ISR,42,Israel,3695,0.913188398,0.219431728,0.919304132,0.211384326
western_asia,lst,JOR,42,Jordan,3639,0.940542877,0.182706818,0.941226363,0.181795865
western_asia,lst,LBN,42,Lebanon,3467,0.936559021,0.194505841,0.946548223,0.179971352
western_asia,lst,OMN,42,Oman,2908,0.842531860,0.306179941,0.868446469,0.277537733
western_asia,lst,PSE,42,Palestine,2133,0.936419249,0.192480296,0.937864482,0.176374510
western_asia,lst,SAU,42,Saudi Arabia,14430,0.908790469,0.238086149,0.932358325,0.204882681
western_asia,lst,SYR,42,Syria,13057,0.929531693,0.195898041,0.933281541,0.188934416
western_asia,lst,TUR,42,Turkey,36034,0.888525009,0.244921133,0.912684202,0.219622776
western_asia,lst,YEM,42,Yemen,12987,0.966431141,0.139343679,0.967320681,0.137440354
western_asia,lst,ARE,24,United Arab Emirates,3935,0.809509993,0.321739137,0.846775532,0.275592744
western_asia,lst,ARM,24,Armenia,2112,0.962113500,0.151869565,0.959593356,0.153269127
western_asia,lst,AZE,24,Azerbaijan,7760,0.895752013,0.232023180,0.908793747,0.219804406
western_asia,lst,GEO,24,Georgia,2362,0.919335902,0.209787965,0.921428144,0.205936387
western_asia,lst,IRQ,24,Iraq,19011,0.918554485,0.217676207,0.929757476,0.202078938
western_asia,lst,ISR,24,Israel,3695,0.925857544,0.205370426,0.924405456,0.204740301
western_asia,lst,JOR,24,Jordan,3639,0.941508830,0.193015203,0.941018760,0.189297035
western_asia,lst,LBN,24,Lebanon,3467,0.921651363,0.204578981,0.934393525,0.189515099
western_asia,lst,OMN,24,Oman,2908,0.837030530,0.319533736,0.863184094,0.281366140
western_asia,lst,PSE,24,Palestine,2133,0.936098874,0.192257017,0.938483238,0.186987609
western_asia,lst,SAU,24,Saudi Arabia,14430,0.908232987,0.229075208,0.923017442,0.209339753
western_asia,lst,SYR,24,Syria,13057,0.930093288,0.196166635,0.936957538,0.185885742
western_asia,lst,TUR,24,Turkey,36034,0.901275098,0.229435369,0.920962870,0.209055960
western_asia,lst,YEM,24,Yemen,12987,0.964816332,0.140050143,0.968291700,0.134370118
western_asia,lst,ARE,7,United Arab Emirates,3935,0.815100193,0.317833811,0.848429024,0.279803842
western_asia,lst,ARM,7,Armenia,2112,0.963989973,0.140610203,0.962442994,0.139163688
western_asia,lst,AZE,7,Azerbaijan,7760,0.912543356,0.229649365,0.919857621,0.219256118
western_asia,lst,GEO,7,Georgia,2362,0.935028315,0.195208132,0.933446229,0.196411490
western_asia,lst,IRQ,7,Iraq,19011,0.910585403,0.225340664,0.925746322,0.205669671
western_asia,lst,ISR,7,Israel,3695,0.918452740,0.218492955,0.920009434,0.216813713
western_asia,lst,JOR,7,Jordan,3639,0.931753278,0.192106813,0.941562593,0.179021060
western_asia,lst,LBN,7,Lebanon,3467,0.927603662,0.207707539,0.933774710,0.196134388
western_asia,lst,OMN,7,Oman,2908,0.825853288,0.307184160,0.860413194,0.272162378
western_asia,lst,PSE,7,Palestine,2133,0.933368266,0.197027013,0.940657258,0.192704052
western_asia,lst,SAU,7,Saudi Arabia,14430,0.901814103,0.229537174,0.919830263,0.207182378
western_asia,lst,SYR,7,Syria,13057,0.941783845,0.189852089,0.944939971,0.184874773
western_asia,lst,TUR,7,Turkey,36034,0.901722372,0.231319070,0.916766942,0.213733271
western_asia,lst,YEM,7,Yemen,12987,0.965075672,0.138698176,0.966973662,0.134761900
western_asia,lst,ARE,0,United Arab Emirates,3935,0.809947193,0.348168582,0.867559969,0.283877164
western_asia,lst,ARM,0,Armenia,2112,0.964083135,0.142761841,0.962256074,0.142679185
western_asia,lst,AZE,0,Azerbaijan,7760,0.924205244,0.209541649,0.921052456,0.214068398
western_asia,lst,GEO,0,Georgia,2362,0.934672236,0.201674566,0.936686158,0.194410726
western_asia,lst,IRQ,0,Iraq,19011,0.917781234,0.215362445,0.923053324,0.207690671
western_asia,lst,ISR,0,Israel,3695,0.905575097,0.231557652,0.928567290,0.199547619
western_asia,lst,JOR,0,Jordan,3639,0.933589756,0.190141961,0.940077126,0.179084063
western_asia,lst,LBN,0,Lebanon,3467,0.924095452,0.198831975,0.937134504,0.186141044
western_asia,lst,OMN,0,Oman,2908,0.814230859,0.326791525,0.871619403,0.269815356
western_asia,lst,PSE,0,Palestine,2133,0.931687653,0.193860650,0.934073329,0.193234071
western_asia,lst,SAU,0,Saudi Arabia,14430,0.909578145,0.234073982,0.934030473,0.198223695
western_asia,lst,SYR,0,Syria,13057,0.932369471,0.195358530,0.940773964,0.184143141
western_asia,lst,TUR,0,Turkey,36034,0.894547403,0.234055907,0.916013956,0.210495874
western_asia,lst,YEM,0,Yemen,12987,0.964451432,0.139047444,0.965751946,0.136810213
western_asia,lst,ARE,100,United Arab Emirates,3935,0.824032605,0.342291206,0.863813698,0.291471988
western_asia,lst,ARM,100,Armenia,2112,0.964051425,0.152621195,0.967628181,0.143018007
western_asia,lst,AZE,100,Azerbaijan,7760,0.909466922,0.238395602,0.921385050,0.222615331
western_asia,lst,GEO,100,Georgia,2362,0.922557116,0.202628329,0.920691967,0.202031374
western_asia,lst,IRQ,100,Iraq,19011,0.913502753,0.213362277,0.924889266,0.200087830
western_asia,lst,ISR,100,Israel,3695,0.910981417,0.218114644,0.921647012,0.205394313
western_asia,lst,JOR,100,Jordan,3639,0.931835532,0.193036601,0.943503439,0.174382195
western_asia,lst,LBN,100,Lebanon,3467,0.924154222,0.198781371,0.933514714,0.190735757
western_asia,lst,OMN,100,Oman,2908,0.856257319,0.292529941,0.877842486,0.268946499
western_asia,lst,PSE,100,Palestine,2133,0.939136326,0.187923148,0.947668970,0.173860505
western_asia,lst,SAU,100,Saudi Arabia,14430,0.913089454,0.229106441,0.934384763,0.196111917
western_asia,lst,SYR,100,Syria,13057,0.933873951,0.193235293,0.937446594,0.189835146
western_asia,lst,TUR,100,Turkey,36034,0.896263182,0.229385570,0.915109873,0.210505813
western_asia,lst,YEM,100,Yemen,12987,0.962798893,0.142123461,0.959344804,0.146789193
southeast_asia,gdp,IDN,42,Indonesia,164319,0.905533016,0.099650860,0.933327556,0.085388653
southeast_asia,gdp,KHM,42,Cambodia,15458,0.746558070,0.122529022,0.823319793,0.121559672
southeast_asia,gdp,LAO,42,Laos,7717,0.649559200,0.302252203,0.668271899,0.289468884
southeast_asia,gdp,MMR,42,Myanmar,32228,0.849444985,0.144410819,0.883238733,0.134234235
southeast_asia,gdp,MYS,42,Malaysia,17939,0.844504595,0.155762151,0.873916984,0.148966044
southeast_asia,gdp,PHL,42,Philippines,73179,0.834276736,0.113327034,0.835767686,0.103972763
southeast_asia,gdp,THA,42,Thailand,49719,0.888220072,0.115868665,0.921830297,0.094969504
southeast_asia,gdp,VNM,42,Vietnam,76177,0.909158707,0.098000631,0.901005387,0.084454827
southeast_asia,gdp,IDN,24,Indonesia,164319,0.905813217,0.094846562,0.928957880,0.081163466
southeast_asia,gdp,KHM,24,Cambodia,15458,0.784228325,0.157104567,0.842428684,0.135051280
southeast_asia,gdp,LAO,24,Laos,7717,0.554451942,0.300276071,0.554126143,0.294241071
southeast_asia,gdp,MMR,24,Myanmar,32228,0.785197794,0.170837447,0.842639327,0.153262585
southeast_asia,gdp,MYS,24,Malaysia,17939,0.856843114,0.156555399,0.882625520,0.143420517
southeast_asia,gdp,PHL,24,Philippines,73179,0.826962709,0.112884335,0.834427476,0.109104589
southeast_asia,gdp,THA,24,Thailand,49719,0.832353950,0.118026391,0.881271124,0.122391298
southeast_asia,gdp,VNM,24,Vietnam,76177,0.895964503,0.085100897,0.900626898,0.077583663
southeast_asia,gdp,IDN,7,Indonesia,164319,0.911886871,0.093669362,0.926734686,0.085389867
southeast_asia,gdp,KHM,7,Cambodia,15458,0.795092463,0.142964199,0.849989653,0.126028448
southeast_asia,gdp,LAO,7,Laos,7717,0.655820370,0.327510536,0.696695209,0.306980252
southeast_asia,gdp,MMR,7,Myanmar,32228,0.866902113,0.131014585,0.888025403,0.125369921
southeast_asia,gdp,MYS,7,Malaysia,17939,0.867645562,0.144410238,0.877403378,0.138584301
southeast_asia,gdp,PHL,7,Philippines,73179,0.739674449,0.110351622,0.797504961,0.105930686
southeast_asia,gdp,THA,7,Thailand,49719,0.836285293,0.132726729,0.899539232,0.101463877
southeast_asia,gdp,VNM,7,Vietnam,76177,0.845324159,0.101383470,0.894439042,0.084000081
southeast_asia,gdp,IDN,0,Indonesia,164319,0.905582547,0.096636392,0.929140449,0.081701584
southeast_asia,gdp,KHM,0,Cambodia,15458,0.703581929,0.164565817,0.744645417,0.125963047
southeast_asia,gdp,LAO,0,Laos,7717,0.729213059,0.332778454,0.754943967,0.316940367
southeast_asia,gdp,MMR,0,Myanmar,32228,0.856924772,0.123933055,0.869293809,0.128666863
southeast_asia,gdp,MYS,0,Malaysia,17939,0.849605560,0.155615374,0.886245549,0.148126751
southeast_asia,gdp,PHL,0,Philippines,73179,0.812814534,0.101500705,0.757834256,0.109907411
southeast_asia,gdp,THA,0,Thailand,49719,0.859057486,0.112061016,0.896997035,0.093704507
southeast_asia,gdp,VNM,0,Vietnam,76177,0.883072972,0.108300656,0.939595461,0.083815083
southeast_asia,gdp,IDN,100,Indonesia,164319,0.901594698,0.100847237,0.933773279,0.081905380
southeast_asia,gdp,KHM,100,Cambodia,15458,0.804515958,0.148556098,0.852752268,0.130947217
southeast_asia,gdp,LAO,100,Laos,7717,0.564713955,0.296795517,0.557224870,0.310850084
southeast_asia,gdp,MMR,100,Myanmar,32228,0.839471281,0.123685911,0.858127832,0.117925577
southeast_asia,gdp,MYS,100,Malaysia,17939,0.864365757,0.154893428,0.879283905,0.145415887
southeast_asia,gdp,PHL,100,Philippines,73179,0.755650580,0.098359875,0.765715361,0.098884523
southeast_asia,gdp,THA,100,Thailand,49719,0.860071301,0.118219174,0.915075958,0.095374398
southeast_asia,gdp,VNM,100,Vietnam,76177,0.897612333,0.094179727,0.900427938,0.088280372
southeast_asia,pop,IDN,42,Indonesia,16039576,0.894267619,0.184833631,0.906983674,0.177267835
southeast_asia,pop,KHM,42,Cambodia,1485690,0.663795531,0.166113108,0.654761314,0.166476339
southeast_asia,pop,LAO,42,Laos,722535,0.861934006,0.227732524,0.864666343,0.227921501
southeast_asia,pop,MMR,42,Myanmar,3120708,0.811291993,0.180062488,0.826444805,0.177427754
southeast_asia,pop,MYS,42,Malaysia,1744791,0.858746469,0.235271782,0.854782939,0.235128790
southeast_asia,pop,PHL,42,Philippines,6986253,0.489148319,0.123646803,0.491787195,0.120034352
southeast_asia,pop,THA,42,Thailand,4888027,0.880846441,0.157788724,0.879443288,0.161253050
southeast_asia,pop,VNM,42,Vietnam,7332964,0.892931640,0.139531195,0.898202777,0.138622358
southeast_asia,pop,IDN,24,Indonesia,16039576,0.895527363,0.184231997,0.908475578,0.174752638
southeast_asia,pop,KHM,24,Cambodia,1485690,0.669905305,0.177619696,0.716493726,0.176471367
southeast_asia,pop,LAO,24,Laos,722535,0.879850030,0.229300559,0.879106700,0.228646860
southeast_asia,pop,MMR,24,Myanmar,3120708,0.771175027,0.196632251,0.812233269,0.184748605
southeast_asia,pop,MYS,24,Malaysia,1744791,0.850461304,0.236846045,0.848311782,0.236555621
southeast_asia,pop,PHL,24,Philippines,6986253,0.519093513,0.115274191,0.511452079,0.115385488
southeast_asia,pop,THA,24,Thailand,4888027,0.885843277,0.155298173,0.886608005,0.155747131
southeast_asia,pop,VNM,24,Vietnam,7332964,0.902560234,0.139193133,0.902028322,0.142582580
southeast_asia,pop,IDN,7,Indonesia,16039576,0.888476491,0.194891334,0.911469102,0.176140994
southeast_asia,pop,KHM,7,Cambodia,1485690,0.718100309,0.159824476,0.739869714,0.158131599
southeast_asia,pop,LAO,7,Laos,722535,0.861390531,0.242320448,0.863846123,0.239807487
southeast_asia,pop,MMR,7,Myanmar,3120708,0.827189505,0.172370300,0.829682529,0.169869989
southeast_asia,pop,MYS,7,Malaysia,1744791,0.848141789,0.235021546,0.847512960,0.234631717
southeast_asia,pop,PHL,7,Philippines,6986253,0.521505237,0.119210504,0.505190969,0.122449771
southeast_asia,pop,THA,7,Thailand,4888027,0.887761056,0.148644179,0.884119987,0.145899475
southeast_asia,pop,VNM,7,Vietnam,7332964,0.895894945,0.134840235,0.895759940,0.134326369
southeast_asia,pop,IDN,0,Indonesia,16039576,0.902045667,0.181022197,0.912341297,0.173500463
southeast_asia,pop,KHM,0,Cambodia,1485690,0.717024922,0.160815507,0.747438669,0.161299884
southeast_asia,pop,LAO,0,Laos,722535,0.858016610,0.237577155,0.861892700,0.234861806
southeast_asia,pop,MMR,0,Myanmar,3120708,0.819538116,0.180189148,0.820830584,0.176129580
southeast_asia,pop,MYS,0,Malaysia,1744791,0.853243887,0.231395081,0.848553181,0.234641239
southeast_asia,pop,PHL,0,Philippines,6986253,0.531825960,0.117759764,0.522819757,0.121120855
southeast_asia,pop,THA,0,Thailand,4888027,0.884369671,0.153725266,0.884480953,0.152082860
southeast_asia,pop,VNM,0,Vietnam,7332964,0.902572095,0.134052157,0.902631402,0.133734673
southeast_asia,pop,IDN,100,Indonesia,16039576,0.899201989,0.181347921,0.910808027,0.172400162
southeast_asia,pop,KHM,100,Cambodia,1485690,0.694557786,0.183980510,0.744157493,0.177530646
southeast_asia,pop,LAO,100,Laos,722535,0.858291984,0.221368387,0.862288952,0.221423507
southeast_asia,pop,MMR,100,Myanmar,3120708,0.786294103,0.179552004,0.795704484,0.175191402
southeast_asia,pop,MYS,100,Malaysia,1744791,0.852573633,0.242159575,0.850920856,0.240915552
southeast_asia,pop,PHL,100,Philippines,6986253,0.502013683,0.125686109,0.501548052,0.123932049
southeast_asia,pop,THA,100,Thailand,4888027,0.883151054,0.155924693,0.879497766,0.154924423
southeast_asia,pop,VNM,100,Vietnam,7332964,0.894933939,0.138844013,0.895238996,0.142879635
southeast_asia,ntl,IDN,42,Indonesia,658789,0.461389244,0.129260927,0.513339758,0.120767191
southeast_asia,ntl,KHM,42,Cambodia,61471,0.859111726,0.148708299,0.852871239,0.142307714
southeast_asia,ntl,LAO,42,Laos,30511,0.762465954,0.201983407,0.809514165,0.177594557
southeast_asia,ntl,MMR,42,Myanmar,128644,0.810754299,0.210446119,0.813880324,0.210998401
southeast_asia,ntl,MYS,42,Malaysia,71472,0.128422201,0.213310495,0.306648314,0.195655793
southeast_asia,ntl,PHL,42,Philippines,294687,0.519883037,0.146910027,0.630351186,0.144947574
southeast_asia,ntl,THA,42,Thailand,199139,0.805738866,0.255932868,0.817210317,0.235957310
southeast_asia,ntl,VNM,42,Vietnam,304407,0.874378085,0.153350711,0.892621100,0.141529694
southeast_asia,ntl,IDN,24,Indonesia,658789,0.241313875,0.126990780,0.321608543,0.116497755
southeast_asia,ntl,KHM,24,Cambodia,61471,0.774184167,0.162921488,0.784685910,0.183836266
southeast_asia,ntl,LAO,24,Laos,30511,0.788158715,0.200814962,0.849471331,0.171565786
southeast_asia,ntl,MMR,24,Myanmar,128644,0.823232293,0.194038078,0.835997462,0.180825308
southeast_asia,ntl,MYS,24,Malaysia,71472,0.099598229,0.215924308,0.323896885,0.194059923
southeast_asia,ntl,PHL,24,Philippines,294687,0.420629740,0.173016578,0.434144795,0.169103399
southeast_asia,ntl,THA,24,Thailand,199139,0.808624506,0.243056878,0.822738588,0.234923452
southeast_asia,ntl,VNM,24,Vietnam,304407,0.874340534,0.140401304,0.883738518,0.136012033
southeast_asia,ntl,IDN,7,Indonesia,658789,0.347537875,0.131972566,0.344103575,0.119993187
southeast_asia,ntl,KHM,7,Cambodia,61471,0.720076442,0.170892268,0.742313623,0.182096273
southeast_asia,ntl,LAO,7,Laos,30511,0.827606380,0.181186169,0.844016254,0.168123752
southeast_asia,ntl,MMR,7,Myanmar,128644,0.790521026,0.198821023,0.841642082,0.178541332
southeast_asia,ntl,MYS,7,Malaysia,71472,0.494018793,0.144215003,0.436731637,0.145170450
southeast_asia,ntl,PHL,7,Philippines,294687,0.797411025,0.140484318,0.784663856,0.136939242
southeast_asia,ntl,THA,7,Thailand,199139,0.809948087,0.240124837,0.819940567,0.235816389
southeast_asia,ntl,VNM,7,Vietnam,304407,0.886983275,0.148972794,0.891853809,0.139476702
southeast_asia,ntl,IDN,0,Indonesia,658789,0.235675693,0.126735315,0.297967851,0.115879685
southeast_asia,ntl,KHM,0,Cambodia,61471,0.811769545,0.152568698,0.825054705,0.152688995
southeast_asia,ntl,LAO,0,Laos,30511,0.775481045,0.192459658,0.814175069,0.173663750
southeast_asia,ntl,MMR,0,Myanmar,128644,0.742663264,0.206393272,0.777069330,0.196025535
southeast_asia,ntl,MYS,0,Malaysia,71472,0.510312855,0.144025624,0.536744833,0.131171510
southeast_asia,ntl,PHL,0,Philippines,294687,0.814423323,0.147659957,0.839016438,0.147438899
southeast_asia,ntl,THA,0,Thailand,199139,0.799969912,0.250091434,0.824067593,0.248329192
southeast_asia,ntl,VNM,0,Vietnam,304407,0.878382742,0.147930041,0.874167085,0.144784302
southeast_asia,ntl,IDN,100,Indonesia,658789,0.667228103,0.176908359,0.696836948,0.163993016
southeast_asia,ntl,KHM,100,Cambodia,61471,0.762365341,0.161426842,0.788681567,0.156854808
southeast_asia,ntl,LAO,100,Laos,30511,0.774343729,0.188296333,0.788912296,0.176724494
southeast_asia,ntl,MMR,100,Myanmar,128644,0.758976698,0.219503060,0.768566847,0.222190633
southeast_asia,ntl,MYS,100,Malaysia,71472,0.729822099,0.140963033,0.756519556,0.137832835
southeast_asia,ntl,PHL,100,Philippines,294687,0.815748274,0.145751372,0.827661037,0.143379822
southeast_asia,ntl,THA,100,Thailand,199139,0.802713871,0.244321465,0.825443506,0.241554439
southeast_asia,ntl,VNM,100,Vietnam,304407,0.873955131,0.153540179,0.882672608,0.143553495
southeast_asia,pm25,IDN,42,Indonesia,114071,0.952928185,0.162075967,0.970714450,0.127623156
southeast_asia,pm25,KHM,42,Cambodia,10636,0.824213445,0.317630976,0.900697649,0.237224862
southeast_asia,pm25,LAO,42,Laos,5297,0.846640766,0.299025625,0.920647442,0.215111002
southeast_asia,pm25,MMR,42,Myanmar,22437,0.910829544,0.227784127,0.950005651,0.171339065
southeast_asia,pm25,MYS,42,Malaysia,12335,0.938843131,0.189360365,0.960907519,0.150690198
southeast_asia,pm25,PHL,42,Philippines,50356,0.916227400,0.213443995,0.954338551,0.157112449
southeast_asia,pm25,THA,42,Thailand,34546,0.936525166,0.188066781,0.955235720,0.156136647
southeast_asia,pm25,VNM,42,Vietnam,52810,0.971062660,0.128665000,0.982255101,0.099586353
southeast_asia,pm25,IDN,24,Indonesia,114071,0.952791333,0.162778661,0.973267615,0.122026578
southeast_asia,pm25,KHM,24,Cambodia,10636,0.828208148,0.312239051,0.898678958,0.237993419
southeast_asia,pm25,LAO,24,Laos,5297,0.846727371,0.296715826,0.921461999,0.218490854
southeast_asia,pm25,MMR,24,Myanmar,22437,0.904357076,0.239051282,0.944609463,0.180498242
southeast_asia,pm25,MYS,24,Malaysia,12335,0.934886932,0.193002984,0.956843555,0.157581806
southeast_asia,pm25,PHL,24,Philippines,50356,0.911710501,0.218652502,0.955474019,0.154343531
southeast_asia,pm25,THA,24,Thailand,34546,0.937932372,0.186945856,0.958240926,0.150538459
southeast_asia,pm25,VNM,24,Vietnam,52810,0.972642064,0.125538766,0.981435120,0.102336250
southeast_asia,pm25,IDN,7,Indonesia,114071,0.956216633,0.157639205,0.972134590,0.125077650
southeast_asia,pm25,KHM,7,Cambodia,10636,0.805881381,0.329824150,0.900513589,0.237346232
southeast_asia,pm25,LAO,7,Laos,5297,0.863912702,0.288915545,0.926497757,0.210058525
southeast_asia,pm25,MMR,7,Myanmar,22437,0.910234213,0.232529670,0.949272275,0.173153296
southeast_asia,pm25,MYS,7,Malaysia,12335,0.932912052,0.190185517,0.958513379,0.149347439
southeast_asia,pm25,PHL,7,Philippines,50356,0.913845658,0.219278499,0.956371665,0.155292004
southeast_asia,pm25,THA,7,Thailand,34546,0.937460542,0.187027752,0.956286132,0.154457271
southeast_asia,pm25,VNM,7,Vietnam,52810,0.972347617,0.124288395,0.981620669,0.100830473
southeast_asia,pm25,IDN,0,Indonesia,114071,0.955653131,0.158711776,0.972558320,0.123924881
southeast_asia,pm25,KHM,0,Cambodia,10636,0.825988412,0.307386130,0.904068351,0.232167125
southeast_asia,pm25,LAO,0,Laos,5297,0.833124936,0.307881743,0.907373846,0.226891935
southeast_asia,pm25,MMR,0,Myanmar,22437,0.905074477,0.236021429,0.944745600,0.177268952
southeast_asia,pm25,MYS,0,Malaysia,12335,0.930967212,0.194345161,0.955435455,0.159287289
southeast_asia,pm25,PHL,0,Philippines,50356,0.923896372,0.209329456,0.955751300,0.158259317
southeast_asia,pm25,THA,0,Thailand,34546,0.934490561,0.192143053,0.954677165,0.159002408
southeast_asia,pm25,VNM,0,Vietnam,52810,0.970183909,0.128957525,0.980616331,0.103218824
southeast_asia,pm25,IDN,100,Indonesia,114071,0.952898979,0.162158161,0.972275078,0.123751678
southeast_asia,pm25,KHM,100,Cambodia,10636,0.819550097,0.322361559,0.902937412,0.241561666
southeast_asia,pm25,LAO,100,Laos,5297,0.842837572,0.301602036,0.912063718,0.225492015
southeast_asia,pm25,MMR,100,Myanmar,22437,0.909546614,0.231713846,0.950005591,0.171857208
southeast_asia,pm25,MYS,100,Malaysia,12335,0.932598591,0.191903636,0.957461596,0.153331414
southeast_asia,pm25,PHL,100,Philippines,50356,0.915058434,0.219751060,0.957215905,0.154031768
southeast_asia,pm25,THA,100,Thailand,34546,0.936213017,0.190161556,0.954748571,0.157715246
southeast_asia,pm25,VNM,100,Vietnam,52810,0.971109509,0.128574207,0.979605317,0.106931403
southeast_asia,lst,IDN,42,Indonesia,161033,0.944464922,0.175241590,0.950352311,0.167014077
southeast_asia,lst,KHM,42,Cambodia,15403,0.859163105,0.298059076,0.872079253,0.281812370
southeast_asia,lst,LAO,42,Laos,7696,0.932669759,0.205865607,0.939886451,0.190087721
southeast_asia,lst,MMR,42,Myanmar,32088,0.954218268,0.167120159,0.961815476,0.152175263
southeast_asia,lst,MYS,42,Malaysia,17587,0.853887081,0.289152712,0.872789443,0.268876821
southeast_asia,lst,PHL,42,Philippines,70423,0.935363889,0.196879342,0.940646946,0.188711360
southeast_asia,lst,THA,42,Thailand,49409,0.893916726,0.250307709,0.903176844,0.239168957
southeast_asia,lst,VNM,42,Vietnam,75188,0.920147359,0.212228462,0.928614557,0.201689363
southeast_asia,lst,IDN,24,Indonesia,161033,0.945770085,0.173498243,0.950094938,0.167364866
southeast_asia,lst,KHM,24,Cambodia,15403,0.862328172,0.281877220,0.873944759,0.272786856
southeast_asia,lst,LAO,24,Laos,7696,0.924318671,0.214070156,0.935271025,0.196777821
southeast_asia,lst,MMR,24,Myanmar,32088,0.957114041,0.160459399,0.960867643,0.152530730
southeast_asia,lst,MYS,24,Malaysia,17587,0.865378439,0.274324268,0.869616032,0.270049393
southeast_asia,lst,PHL,24,Philippines,70423,0.935923219,0.197449207,0.941046655,0.189227402
southeast_asia,lst,THA,24,Thailand,49409,0.894050300,0.251029879,0.901167154,0.242572188
southeast_asia,lst,VNM,24,Vietnam,75188,0.921632290,0.216497242,0.928840816,0.205293715
southeast_asia,lst,IDN,7,Indonesia,161033,0.944870174,0.177376613,0.950475335,0.167572811
southeast_asia,lst,KHM,7,Cambodia,15403,0.860790730,0.291360348,0.875383675,0.275294363
southeast_asia,lst,LAO,7,Laos,7696,0.926035404,0.208773404,0.940281570,0.183171242
southeast_asia,lst,MMR,7,Myanmar,32088,0.957313716,0.160451427,0.962086678,0.150928676
southeast_asia,lst,MYS,7,Malaysia,17587,0.857964039,0.280404389,0.869139671,0.269769102
southeast_asia,lst,PHL,7,Philippines,70423,0.930156827,0.202256739,0.939369917,0.188656643
southeast_asia,lst,THA,7,Thailand,49409,0.887574434,0.254551440,0.898418128,0.241930768
southeast_asia,lst,VNM,7,Vietnam,75188,0.923659563,0.207676083,0.927767575,0.202502146
southeast_asia,lst,IDN,0,Indonesia,161033,0.944080234,0.175205037,0.949169099,0.167163759
southeast_asia,lst,KHM,0,Cambodia,15403,0.857862115,0.297072113,0.867402554,0.285023421
southeast_asia,lst,LAO,0,Laos,7696,0.928723574,0.205962002,0.940352142,0.186699033
southeast_asia,lst,MMR,0,Myanmar,32088,0.954461515,0.160127953,0.959528625,0.151153788
southeast_asia,lst,MYS,0,Malaysia,17587,0.860021293,0.285565853,0.873988926,0.269835800
southeast_asia,lst,PHL,0,Philippines,70423,0.935799778,0.193673655,0.940003812,0.186472848
southeast_asia,lst,THA,0,Thailand,49409,0.890415609,0.249025464,0.899870157,0.238549426
southeast_asia,lst,VNM,0,Vietnam,75188,0.921742260,0.213982880,0.931321263,0.200724646
southeast_asia,lst,IDN,100,Indonesia,161033,0.947334886,0.174815491,0.951924443,0.167381614
southeast_asia,lst,KHM,100,Cambodia,15403,0.848366320,0.299313217,0.867216527,0.279605716
southeast_asia,lst,LAO,100,Laos,7696,0.933169007,0.203883946,0.940757930,0.189343080
southeast_asia,lst,MMR,100,Myanmar,32088,0.954423845,0.162336633,0.960122824,0.151343971
southeast_asia,lst,MYS,100,Malaysia,17587,0.850450039,0.302003503,0.870951831,0.279844493
southeast_asia,lst,PHL,100,Philippines,70423,0.936307788,0.195187241,0.940719306,0.187728584
southeast_asia,lst,THA,100,Thailand,49409,0.895180762,0.249593496,0.904825211,0.238455206
southeast_asia,lst,VNM,100,Vietnam,75188,0.918245256,0.216957971,0.928908944,0.201826259
africa,gdp,AGO,42,Angola,10414,0.854010403,0.157450825,0.908472538,0.119140722
africa,gdp,BDI,42,Burundi,16291,0.765700459,0.126418233,0.753742099,0.150721505
africa,gdp,BEN,42,Benin,7253,0.857860386,0.176990777,0.914927781,0.154437885
africa,gdp,BFA,42,Burkina Faso,14961,0.911707938,0.117468372,0.937415242,0.105387017
africa,gdp,BWA,42,Botswana,2174,0.502855659,0.385409653,0.628903270,0.338033497
africa,gdp,CAF,42,Central African Republic,3229,0.882901251,0.177785948,0.906282783,0.160894603
africa,gdp,CIV,42,Ivory Coast,12675,0.817217410,0.158126935,0.904349327,0.122609280
africa,gdp,CMR,42,Cameroon,12243,0.805377245,0.133151636,0.826019049,0.125274613
africa,gdp,COD,42,Democratic Republic of the Congo,46744,0.838668466,0.111749075,0.861840427,0.100922324
africa,gdp,DZA,42,Algeria,25890,0.828924060,0.174358547,0.875648677,0.149580032
africa,gdp,EGY,42,Egypt,40155,0.706563473,0.176842079,0.763427079,0.162147194
africa,gdp,ERI,42,Eritrea,2229,0.847642004,0.212503493,0.851096272,0.184466422
africa,gdp,ETH,42,Ethiopia,102290,0.780839443,0.130540088,0.819370091,0.102449313
africa,gdp,GHA,42,Ghana,14764,0.857565165,0.181049764,0.910289645,0.146345019
africa,gdp,GIN,42,Guinea,6702,0.748026848,0.187704355,0.848970830,0.153598130
africa,gdp,KEN,42,Kenya,52391,0.687953711,0.098117135,0.735695601,0.091199763
africa,gdp,LBR,42,Liberia,2477,0.922458470,0.131916866,0.936154604,0.124808185
africa,gdp,LBY,42,Libya,5055,0.897741079,0.207226232,0.930042803,0.178549096
africa,gdp,LSO,42,Lesotho,2106,0.734075785,0.232633978,0.784454107,0.222402528
africa,gdp,MAR,42,Morocco,19146,0.670826554,0.192295000,0.759486079,0.186491027
africa,gdp,MDG,42,Madagascar,21005,0.499181569,0.177517444,0.422974169,0.193390891
africa,gdp,MLI,42,Mali,14208,0.842048466,0.127071261,0.875693738,0.118190214
africa,gdp,MOZ,42,Mozambique,20279,0.779435396,0.207807302,0.874312222,0.147683874
africa,gdp,MRT,42,Mauritania,2169,0.652387738,0.205008239,0.629373789,0.245366707
africa,gdp,MWI,42,Malawi,25409,0.682915330,0.169632375,0.767083883,0.132865340
africa,gdp,NER,42,Niger,18920,0.910978436,0.147616237,0.929216146,0.133143693
africa,gdp,NGA,42,Nigeria,109621,0.680755973,0.179477885,0.752634287,0.163691118
africa,gdp,RWA,42,Rwanda,17336,0.743329406,0.168365583,0.840721667,0.127873883
africa,gdp,SDN,42,Sudan,22780,0.616498709,0.198365659,0.638783216,0.179363862
africa,gdp,SEN,42,Senegal,8098,0.904872417,0.104758635,0.892472327,0.098118499
africa,gdp,SLE,42,Sierra Leone,4446,0.802353084,0.170364767,0.718348205,0.223556370
africa,gdp,SOM,42,Somalia,3591,0.606070340,0.241455466,0.887391984,0.125575215
africa,gdp,SSD,42,South Sudan,4799,0.589627743,0.266533613,0.701775014,0.225605965
africa,gdp,TCD,42,Chad,10811,0.799250007,0.138817579,0.861111701,0.119847223
africa,gdp,TGO,42,Togo,4745,0.941433966,0.111124136,0.954833329,0.101154409
africa,gdp,TUN,42,Tunisia,6464,0.802035868,0.184166312,0.821863532,0.176500693
africa,gdp,TZA,42,United Republic of Tanzania,52252,0.849404871,0.121047951,0.884854794,0.107523851
africa,gdp,UGA,42,Uganda,64171,0.919336200,0.103003629,0.918637574,0.117643476
africa,gdp,ZAF,42,South Africa,36780,0.853791237,0.201169729,0.882296681,0.182363436
africa,gdp,ZMB,42,Zambia,8948,0.816928804,0.178689197,0.843055844,0.152767897
africa,gdp,ZWE,42,Zimbabwe,5379,0.809003830,0.209682211,0.864395738,0.182113171
africa,gdp,AGO,24,Angola,10414,0.884829640,0.129688993,0.900532782,0.114160269
africa,gdp,BDI,24,Burundi,16291,0.553294897,0.182827532,0.536348403,0.205250442
africa,gdp,BEN,24,Benin,7253,0.830698073,0.188139334,0.885123312,0.166402429
africa,gdp,BFA,24,Burkina Faso,14961,0.935215354,0.099768750,0.955293775,0.093830533
africa,gdp,BWA,24,Botswana,2174,0.529160261,0.398733765,0.601677239,0.355514556
africa,gdp,CAF,24,Central African Republic,3229,0.652046084,0.118471570,0.747842252,0.124016024
africa,gdp,CIV,24,Ivory Coast,12675,0.810930371,0.134345859,0.815887213,0.138118252
africa,gdp,CMR,24,Cameroon,12243,0.790062666,0.140111998,0.876728714,0.119848408
africa,gdp,COD,24,Democratic Republic of the Congo,46744,0.808722138,0.131701797,0.814888239,0.118650593
africa,gdp,DZA,24,Algeria,25890,0.885400891,0.150866777,0.892629445,0.145187840
africa,gdp,EGY,24,Egypt,40155,0.732671976,0.170286879,0.780043542,0.154201388
africa,gdp,ERI,24,Eritrea,2229,0.852478147,0.188633114,0.908458769,0.162483200
africa,gdp,ETH,24,Ethiopia,102290,0.819650054,0.126628593,0.868074715,0.109755315
africa,gdp,GHA,24,Ghana,14764,0.857299387,0.168590024,0.903606772,0.135965317
africa,gdp,GIN,24,Guinea,6702,0.690977812,0.164297238,0.728576303,0.191154912
africa,gdp,KEN,24,Kenya,52391,0.592720091,0.121217087,0.691535950,0.107412703
africa,gdp,LBR,24,Liberia,2477,0.909883022,0.147974104,0.927160800,0.149500117
africa,gdp,LBY,24,Libya,5055,0.896536350,0.193130866,0.920177937,0.173703402
africa,gdp,LSO,24,Lesotho,2106,0.736725509,0.236045286,0.783347726,0.215321034
africa,gdp,MAR,24,Morocco,19146,0.556502819,0.205204368,0.659197390,0.194213644
africa,gdp,MDG,24,Madagascar,21005,0.500529230,0.180964202,0.562549233,0.187435478
africa,gdp,MLI,24,Mali,14208,0.816402316,0.135791525,0.864014506,0.127057597
africa,gdp,MOZ,24,Mozambique,20279,0.674162030,0.199166194,0.884857893,0.116329946
africa,gdp,MRT,24,Mauritania,2169,0.698957205,0.220579818,0.701894283,0.170065582
africa,gdp,MWI,24,Malawi,25409,0.465153694,0.160979792,0.549689054,0.165638953
africa,gdp,NER,24,Niger,18920,0.879191399,0.151083812,0.900785983,0.125923663
africa,gdp,NGA,24,Nigeria,109621,0.642680168,0.182409987,0.698253155,0.170047641
africa,gdp,RWA,24,Rwanda,17336,0.890883625,0.137586772,0.906851172,0.122646652
africa,gdp,SDN,24,Sudan,22780,0.693226993,0.199234039,0.721213102,0.177011654
africa,gdp,SEN,24,Senegal,8098,0.890831053,0.112374328,0.886706769,0.114640355
africa,gdp,SLE,24,Sierra Leone,4446,0.650037110,0.211666539,0.697692990,0.213513687
africa,gdp,SOM,24,Somalia,3591,0.799810231,0.201098114,0.869126976,0.168433756
africa,gdp,SSD,24,South Sudan,4799,0.378921032,0.269693434,0.341519475,0.260461360
africa,gdp,TCD,24,Chad,10811,0.808428526,0.162934452,0.903028429,0.126756415
africa,gdp,TGO,24,Togo,4745,0.894619286,0.138171658,0.921228826,0.126248881
africa,gdp,TUN,24,Tunisia,6464,0.787564814,0.204004079,0.842417836,0.177418411
africa,gdp,TZA,24,United Republic of Tanzania,52252,0.874681950,0.118802495,0.924850702,0.101009451
africa,gdp,UGA,24,Uganda,64171,0.902292430,0.097602196,0.920292139,0.084246732
africa,gdp,ZAF,24,South Africa,36780,0.797000647,0.195615098,0.864064693,0.160147741
africa,gdp,ZMB,24,Zambia,8948,0.767161429,0.206240609,0.836572886,0.171464786
africa,gdp,ZWE,24,Zimbabwe,5379,0.813797772,0.204817101,0.832855105,0.191237003
africa,gdp,AGO,7,Angola,10414,0.832727075,0.140223563,0.908814013,0.106581554
africa,gdp,BDI,7,Burundi,16291,0.661125302,0.117209516,0.741168618,0.130527213
africa,gdp,BEN,7,Benin,7253,0.811573982,0.184754193,0.891129434,0.151887700
africa,gdp,BFA,7,Burkina Faso,14961,0.914452255,0.120229192,0.928001881,0.101927452
africa,gdp,BWA,7,Botswana,2174,0.453899026,0.397046328,0.651633978,0.342723906
africa,gdp,CAF,7,Central African Republic,3229,0.820514262,0.162813008,0.835614443,0.180918470
africa,gdp,CIV,7,Ivory Coast,12675,0.810316741,0.174348548,0.839128315,0.155109510
africa,gdp,CMR,7,Cameroon,12243,0.867917001,0.123974092,0.875062466,0.139979437
africa,gdp,COD,7,Democratic Republic of the Congo,46744,0.809694707,0.115670234,0.802389801,0.099962853
africa,gdp,DZA,7,Algeria,25890,0.857735455,0.164715752,0.879440546,0.154450595
africa,gdp,EGY,7,Egypt,40155,0.755609632,0.179585353,0.786792278,0.179282859
africa,gdp,ERI,7,Eritrea,2229,0.651088476,0.241732568,0.803568482,0.197821990
africa,gdp,ETH,7,Ethiopia,102290,0.797902942,0.104828425,0.845084727,0.096764423
africa,gdp,GHA,7,Ghana,14764,0.854768276,0.183371499,0.901921749,0.148246452
africa,gdp,GIN,7,Guinea,6702,0.761708260,0.174104035,0.888211489,0.140774399
africa,gdp,KEN,7,Kenya,52391,0.755482376,0.138814226,0.732258379,0.113813728
africa,gdp,LBR,7,Liberia,2477,0.906660795,0.140755057,0.919524074,0.138569146
africa,gdp,LBY,7,Libya,5055,0.900169730,0.188040033,0.920394182,0.170149028
africa,gdp,LSO,7,Lesotho,2106,0.753008127,0.270261198,0.794667959,0.248098433
africa,gdp,MAR,7,Morocco,19146,0.532439590,0.218506098,0.483461320,0.242029995
africa,gdp,MDG,7,Madagascar,21005,0.236713946,0.242471933,0.501128316,0.242932618
africa,gdp,MLI,7,Mali,14208,0.794326901,0.166930795,0.846796930,0.148282662
africa,gdp,MOZ,7,Mozambique,20279,0.864950776,0.144897968,0.882265449,0.142356098
africa,gdp,MRT,7,Mauritania,2169,0.686524570,0.218154430,0.702002466,0.235764146
africa,gdp,MWI,7,Malawi,25409,0.614074647,0.122475728,0.706803679,0.121305175
africa,gdp,NER,7,Niger,18920,0.887091339,0.154855773,0.911245227,0.136096284
africa,gdp,NGA,7,Nigeria,109621,0.620091319,0.184092849,0.715290844,0.174742237
africa,gdp,RWA,7,Rwanda,17336,0.885588229,0.133647069,0.883420110,0.102263391
africa,gdp,SDN,7,Sudan,22780,0.726290584,0.211933404,0.768091321,0.184479281
africa,gdp,SEN,7,Senegal,8098,0.931002617,0.089637741,0.908283472,0.105340965
africa,gdp,SLE,7,Sierra Leone,4446,0.928220153,0.124585681,0.917359710,0.126649976
africa,gdp,SOM,7,Somalia,3591,0.897996008,0.134221569,0.914415002,0.117472045
africa,gdp,SSD,7,South Sudan,4799,0.416165709,0.210268930,0.403619528,0.186015293
africa,gdp,TCD,7,Chad,10811,0.838756442,0.142990261,0.886675775,0.124644250
africa,gdp,TGO,7,Togo,4745,0.907126009,0.125963002,0.921113491,0.117710531
africa,gdp,TUN,7,Tunisia,6464,0.838181317,0.189014554,0.886172950,0.163232803
africa,gdp,TZA,7,United Republic of Tanzania,52252,0.857318997,0.131950408,0.894499362,0.106786951
africa,gdp,UGA,7,Uganda,64171,0.909997761,0.105753645,0.925277233,0.089197256
africa,gdp,ZAF,7,South Africa,36780,0.813586354,0.183348164,0.858973086,0.158704698
africa,gdp,ZMB,7,Zambia,8948,0.884695649,0.168558091,0.892187715,0.162543714
africa,gdp,ZWE,7,Zimbabwe,5379,0.831045449,0.215094551,0.855274320,0.194853768
africa,gdp,AGO,0,Angola,10414,0.834289670,0.159363687,0.907522678,0.119122937
africa,gdp,BDI,0,Burundi,16291,0.690556169,0.147400811,0.776023149,0.130358443
africa,gdp,BEN,0,Benin,7253,0.856306553,0.176101640,0.891070485,0.162577078
africa,gdp,BFA,0,Burkina Faso,14961,0.922812641,0.118111990,0.952886224,0.100680619
africa,gdp,BWA,0,Botswana,2174,0.545591176,0.382224113,0.604828596,0.350178808
africa,gdp,CAF,0,Central African Republic,3229,0.905707002,0.140409216,0.929898083,0.136553645
africa,gdp,CIV,0,Ivory Coast,12675,0.787031054,0.132959992,0.815245986,0.131671175
africa,gdp,CMR,0,Cameroon,12243,0.748076081,0.164440557,0.847457111,0.134116843
africa,gdp,COD,0,Democratic Republic of the Congo,46744,0.846158087,0.124824263,0.853459656,0.107754834
africa,gdp,DZA,0,Algeria,25890,0.861250043,0.156945422,0.880296350,0.150315017
africa,gdp,EGY,0,Egypt,40155,0.745433271,0.172007024,0.804808557,0.157083631
africa,gdp,ERI,0,Eritrea,2229,0.827190340,0.267716259,0.843749940,0.248192176
africa,gdp,ETH,0,Ethiopia,102290,0.815187991,0.132136524,0.853930712,0.121426210
africa,gdp,GHA,0,Ghana,14764,0.883343518,0.163123220,0.892970502,0.146725968
africa,gdp,GIN,0,Guinea,6702,0.760065377,0.178614825,0.860828459,0.142586604
africa,gdp,KEN,0,Kenya,52391,0.768389761,0.105452910,0.737883270,0.087783314
africa,gdp,LBR,0,Liberia,2477,0.928576648,0.142661780,0.941073060,0.139613047
africa,gdp,LBY,0,Libya,5055,0.892621875,0.204926476,0.924971044,0.176792905
africa,gdp,LSO,0,Lesotho,2106,0.835028946,0.201913297,0.864929438,0.190792248
africa,gdp,MAR,0,Morocco,19146,0.528514504,0.247670278,0.595951557,0.247685373
africa,gdp,MDG,0,Madagascar,21005,0.411343336,0.172850609,0.508286595,0.167818919
africa,gdp,MLI,0,Mali,14208,0.783717752,0.173404723,0.822703123,0.156212747
africa,gdp,MOZ,0,Mozambique,20279,0.806890607,0.163892195,0.878063560,0.138566718
africa,gdp,MRT,0,Mauritania,2169,0.685514450,0.177309737,0.696652353,0.195882306
africa,gdp,MWI,0,Malawi,25409,0.737890422,0.136584744,0.699050367,0.155373216
africa,gdp,NER,0,Niger,18920,0.875855625,0.151278883,0.870386720,0.152964294
africa,gdp,NGA,0,Nigeria,109621,0.690288424,0.179377899,0.741107464,0.164471537
africa,gdp,RWA,0,Rwanda,17336,0.883647740,0.102633014,0.903978527,0.091680303
africa,gdp,SDN,0,Sudan,22780,0.585748196,0.206578493,0.612608314,0.196405560
africa,gdp,SEN,0,Senegal,8098,0.940910518,0.096799038,0.957897604,0.083378620
africa,gdp,SLE,0,Sierra Leone,4446,0.793311894,0.163224995,0.846581817,0.114549406
africa,gdp,SOM,0,Somalia,3591,0.804745793,0.153288007,0.874740541,0.132223859
africa,gdp,SSD,0,South Sudan,4799,0.274358213,0.241273358,0.010473430,0.224552885
africa,gdp,TCD,0,Chad,10811,0.791896939,0.149249956,0.869578421,0.122641154
africa,gdp,TGO,0,Togo,4745,0.917398691,0.142725229,0.934261918,0.133891910
africa,gdp,TUN,0,Tunisia,6464,0.835359335,0.187153205,0.850324750,0.169861898
africa,gdp,TZA,0,United Republic of Tanzania,52252,0.861872673,0.145002201,0.894026458,0.139340445
africa,gdp,UGA,0,Uganda,64171,0.915115118,0.100574486,0.922832131,0.098206513
africa,gdp,ZAF,0,South Africa,36780,0.770524740,0.226166099,0.849422336,0.188844115
africa,gdp,ZMB,0,Zambia,8948,0.814406514,0.186854169,0.865068853,0.158587381
africa,gdp,ZWE,0,Zimbabwe,5379,0.820952952,0.212513834,0.845997572,0.183408126
africa,gdp,AGO,100,Angola,10414,0.862758577,0.139657453,0.914247453,0.108375914
africa,gdp,BDI,100,Burundi,16291,0.643269300,0.176516831,0.662237406,0.170400068
africa,gdp,BEN,100,Benin,7253,0.834533155,0.209137961,0.864166558,0.183907047
africa,gdp,BFA,100,Burkina Faso,14961,0.922670782,0.105523452,0.943109274,0.093613148
africa,gdp,BWA,100,Botswana,2174,0.585917115,0.349940419,0.667018712,0.313523263
africa,gdp,CAF,100,Central African Republic,3229,0.887790024,0.138419539,0.911955535,0.123259701
africa,gdp,CIV,100,Ivory Coast,12675,0.840516269,0.127405599,0.847745776,0.120955281
africa,gdp,CMR,100,Cameroon,12243,0.761342347,0.173020527,0.876617730,0.113830671
africa,gdp,COD,100,Democratic Republic of the Congo,46744,0.848940670,0.129996434,0.848313272,0.117010966
africa,gdp,DZA,100,Algeria,25890,0.869770765,0.157344490,0.888601005,0.151045963
africa,gdp,EGY,100,Egypt,40155,0.731878519,0.168707475,0.783128917,0.165167421
africa,gdp,ERI,100,Eritrea,2229,0.805532455,0.159987971,0.866918623,0.137745127
africa,gdp,ETH,100,Ethiopia,102290,0.847240746,0.112562329,0.860816300,0.107703678
africa,gdp,GHA,100,Ghana,14764,0.855565369,0.180676773,0.897917986,0.144641727
africa,gdp,GIN,100,Guinea,6702,0.747110128,0.186564088,0.910633147,0.133768931
africa,gdp,KEN,100,Kenya,52391,0.598723292,0.107112311,0.638154864,0.099834986
africa,gdp,LBR,100,Liberia,2477,0.924431741,0.155257210,0.931491911,0.148903459
africa,gdp,LBY,100,Libya,5055,0.906528354,0.205820590,0.927955627,0.183045983
africa,gdp,LSO,100,Lesotho,2106,0.670874238,0.265730619,0.776984930,0.226399958
africa,gdp,MAR,100,Morocco,19146,0.531047106,0.204524249,0.629813194,0.195215926
africa,gdp,MDG,100,Madagascar,21005,0.322021961,0.211671606,0.385578156,0.207991645
africa,gdp,MLI,100,Mali,14208,0.772778153,0.155956015,0.801086307,0.148606747
africa,gdp,MOZ,100,Mozambique,20279,0.836079955,0.165504605,0.873328209,0.141149238
africa,gdp,MRT,100,Mauritania,2169,0.450695455,0.216997817,0.384580135,0.212853462
africa,gdp,MWI,100,Malawi,25409,0.706548274,0.153539822,0.819297791,0.158974826
africa,gdp,NER,100,Niger,18920,0.867998838,0.149962187,0.873705447,0.140281975
africa,gdp,NGA,100,Nigeria,109621,0.603614271,0.192914411,0.690382600,0.173050463
africa,gdp,RWA,100,Rwanda,17336,0.799072802,0.107755415,0.791018486,0.111299440
africa,gdp,SDN,100,Sudan,22780,0.598665476,0.197754085,0.614339590,0.179943606
africa,gdp,SEN,100,Senegal,8098,0.932287455,0.094352126,0.932263255,0.094580971
africa,gdp,SLE,100,Sierra Leone,4446,0.802326858,0.139683679,0.866567135,0.135502860
africa,gdp,SOM,100,Somalia,3591,0.821273983,0.156740472,0.857158661,0.144453883
africa,gdp,SSD,100,South Sudan,4799,0.505206048,0.265928745,0.589899421,0.240479350
africa,gdp,TCD,100,Chad,10811,0.841272116,0.150906742,0.904246509,0.124207594
africa,gdp,TGO,100,Togo,4745,0.920147538,0.138912708,0.940212905,0.121566080
africa,gdp,TUN,100,Tunisia,6464,0.798482895,0.215794355,0.864855647,0.167721212
africa,gdp,TZA,100,United Republic of Tanzania,52252,0.886308551,0.120099247,0.901172817,0.115792230
africa,gdp,UGA,100,Uganda,64171,0.921052098,0.100837864,0.924893737,0.097416170
africa,gdp,ZAF,100,South Africa,36780,0.809647262,0.199234575,0.861889958,0.165951803
africa,gdp,ZMB,100,Zambia,8948,0.820668280,0.191577822,0.852057815,0.179894701
africa,gdp,ZWE,100,Zimbabwe,5379,0.828503132,0.214315757,0.880369961,0.190365538
africa,pop,AGO,42,Angola,1023777,0.899433851,0.173016220,0.923325658,0.157566994
africa,pop,BDI,42,Burundi,1616759,0.739988863,0.147164762,0.821600854,0.136189789
africa,pop,BEN,42,Benin,717272,0.933949411,0.170371458,0.939023137,0.166744336
africa,pop,BFA,42,Burkina Faso,1491512,0.892420053,0.210874751,0.902488053,0.201540917
africa,pop,BWA,42,Botswana,218076,0.682907462,0.283771634,0.803322315,0.237593591
africa,pop,CAF,42,Central African Republic,318646,0.906309366,0.169642895,0.910016537,0.163378015
africa,pop,CIV,42,Ivory Coast,1255242,0.903523922,0.145724371,0.912735879,0.140586063
africa,pop,CMR,42,Cameroon,1218205,0.865750253,0.151286840,0.876954377,0.141984954
africa,pop,COD,42,Democratic Republic of the Congo,4565455,0.915459514,0.143403918,0.920384645,0.141232893
africa,pop,DZA,42,Algeria,2565213,0.849788547,0.198752135,0.858619332,0.193671674
africa,pop,EGY,42,Egypt,3926349,0.851957321,0.146709010,0.857044697,0.146375492
africa,pop,ERI,42,Eritrea,221918,0.861125946,0.224543661,0.850563645,0.219724178
africa,pop,ETH,42,Ethiopia,10229819,0.624845862,0.163128734,0.672069550,0.150698379
africa,pop,GHA,42,Ghana,1449942,0.878552496,0.206284419,0.880979896,0.207460791
africa,pop,GIN,42,Guinea,661061,0.769943118,0.182522595,0.808566034,0.166824728
africa,pop,KEN,42,Kenya,5214387,0.827190101,0.181098983,0.835423112,0.175167993
africa,pop,LBR,42,Liberia,243854,0.837417841,0.191829517,0.845152676,0.186428428
africa,pop,LBY,42,Libya,492605,0.898666680,0.182877332,0.920541286,0.155141681
africa,pop,LSO,42,Lesotho,213774,0.891351163,0.234828413,0.894518614,0.232076406
africa,pop,MAR,42,Morocco,1893124,0.588127375,0.248413220,0.616124988,0.224409938
africa,pop,MDG,42,Madagascar,2056483,0.894681215,0.165172756,0.895725369,0.167149544
africa,pop,MLI,42,Mali,1390396,0.868120193,0.084614933,0.876631200,0.083090715
africa,pop,MOZ,42,Mozambique,1998105,0.884091794,0.211705983,0.895787776,0.198239103
africa,pop,MRT,42,Mauritania,214512,0.655162394,0.164179862,0.729646325,0.143033490
africa,pop,MWI,42,Malawi,2510974,0.775532603,0.205665708,0.784918129,0.203621030
africa,pop,NER,42,Niger,1881555,0.839455187,0.215113163,0.849914491,0.211550295
africa,pop,NGA,42,Nigeria,10896339,0.736641526,0.165422231,0.778222442,0.161948383
africa,pop,RWA,42,Rwanda,1713827,0.863924325,0.217054024,0.850406885,0.225632519
africa,pop,SDN,42,Sudan,2240262,0.916684806,0.181414187,0.929709673,0.164320692
africa,pop,SEN,42,Senegal,793971,0.942615807,0.106574036,0.948945820,0.100541703
africa,pop,SLE,42,Sierra Leone,443089,0.853541374,0.183227003,0.901142657,0.161099106
africa,pop,SOM,42,Somalia,354894,0.932958245,0.093501799,0.951752245,0.076346636
africa,pop,SSD,42,South Sudan,482494,0.535528302,0.279626667,0.576591969,0.262159318
africa,pop,TCD,42,Chad,1072850,0.911223292,0.161892682,0.917026401,0.158109769
africa,pop,TGO,42,Togo,470496,0.952566743,0.107478216,0.964510679,0.095506445
africa,pop,TUN,42,Tunisia,628658,0.751303732,0.246114939,0.767332196,0.227092490
africa,pop,TZA,42,United Republic of Tanzania,5113357,0.905158699,0.186162189,0.906371593,0.183976248
africa,pop,UGA,42,Uganda,6341643,0.842185915,0.238916472,0.846776605,0.238276213
africa,pop,ZAF,42,South Africa,3662225,0.880548000,0.229897752,0.879584253,0.228528008
africa,pop,ZMB,42,Zambia,883043,0.858677208,0.216028556,0.878194332,0.199823976
africa,pop,ZWE,42,Zimbabwe,534011,0.703411698,0.251915067,0.731614232,0.237530410
africa,pop,AGO,24,Angola,1023777,0.912272632,0.172723800,0.926463962,0.161061943
africa,pop,BDI,24,Burundi,1616759,0.788994491,0.113577940,0.770753682,0.114629649
africa,pop,BEN,24,Benin,717272,0.938822091,0.162796170,0.941466451,0.161927849
africa,pop,BFA,24,Burkina Faso,1491512,0.892800987,0.211502522,0.902225137,0.206205934
africa,pop,BWA,24,Botswana,218076,0.784743726,0.269187391,0.843561292,0.223837182
africa,pop,CAF,24,Central African Republic,318646,0.874144137,0.174862385,0.883739173,0.172383666
africa,pop,CIV,24,Ivory Coast,1255242,0.903099120,0.142142400,0.911980152,0.136134818
africa,pop,CMR,24,Cameroon,1218205,0.853477359,0.157088205,0.860525191,0.149769038
africa,pop,COD,24,Democratic Republic of the Congo,4565455,0.926217318,0.139964521,0.927654386,0.141323164
africa,pop,DZA,24,Algeria,2565213,0.836938262,0.192837492,0.845718980,0.188342780
africa,pop,EGY,24,Egypt,3926349,0.838982463,0.148407251,0.843764603,0.147138000
africa,pop,ERI,24,Eritrea,221918,0.824298620,0.194638073,0.813116789,0.190464035
africa,pop,ETH,24,Ethiopia,10229819,0.698053241,0.160605893,0.742471099,0.146577805
africa,pop,GHA,24,Ghana,1449942,0.881648898,0.195957184,0.883279443,0.197073072
africa,pop,GIN,24,Guinea,661061,0.684178770,0.194604382,0.748263478,0.176373571
africa,pop,KEN,24,Kenya,5214387,0.848761439,0.179384276,0.859312952,0.176522270
africa,pop,LBR,24,Liberia,243854,0.819257617,0.210124776,0.820761025,0.211768776
africa,pop,LBY,24,Libya,492605,0.893153191,0.188365802,0.916398704,0.159650832
africa,pop,LSO,24,Lesotho,213774,0.903728485,0.245789558,0.906719565,0.238968626
africa,pop,MAR,24,Morocco,1893124,0.591933370,0.219377711,0.628012419,0.205969796
africa,pop,MDG,24,Madagascar,2056483,0.864107728,0.152537033,0.855502844,0.149902761
africa,pop,MLI,24,Mali,1390396,0.869075418,0.097966366,0.853101969,0.104546115
africa,pop,MOZ,24,Mozambique,1998105,0.875941098,0.202975377,0.887179732,0.196031705
africa,pop,MRT,24,Mauritania,214512,0.727024019,0.172756329,0.836321294,0.144989267
africa,pop,MWI,24,Malawi,2510974,0.773125291,0.210532129,0.788134277,0.210714921
africa,pop,NER,24,Niger,1881555,0.851394415,0.222391978,0.861251354,0.215548232
africa,pop,NGA,24,Nigeria,10896339,0.612796664,0.178755060,0.698980451,0.161834329
africa,pop,RWA,24,Rwanda,1713827,0.816806495,0.191047534,0.817291975,0.189802289
africa,pop,SDN,24,Sudan,2240262,0.917416751,0.174050629,0.927600265,0.161109507
africa,pop,SEN,24,Senegal,793971,0.939423084,0.121560939,0.941837788,0.120700411
africa,pop,SLE,24,Sierra Leone,443089,0.856419683,0.154248580,0.883139610,0.152705282
africa,pop,SOM,24,Somalia,354894,0.948431015,0.114481747,0.951246262,0.104798861
africa,pop,SSD,24,South Sudan,482494,0.722692490,0.269203901,0.776573718,0.247040227
africa,pop,TCD,24,Chad,1072850,0.914661109,0.174213499,0.923297942,0.163602173
africa,pop,TGO,24,Togo,470496,0.952322721,0.106762402,0.960009933,0.098995835
africa,pop,TUN,24,Tunisia,628658,0.779606044,0.225567549,0.817313910,0.203673512
africa,pop,TZA,24,United Republic of Tanzania,5113357,0.903710425,0.188447863,0.909585238,0.181991354
africa,pop,UGA,24,Uganda,6341643,0.864417553,0.245266482,0.868274033,0.243869141
africa,pop,ZAF,24,South Africa,3662225,0.879397810,0.229161322,0.879794002,0.227364436
africa,pop,ZMB,24,Zambia,883043,0.873296142,0.207647681,0.881722271,0.200860932
africa,pop,ZWE,24,Zimbabwe,534011,0.684464514,0.264630675,0.695594788,0.256645054
africa,pop,AGO,7,Angola,1023777,0.897424817,0.172616810,0.930215120,0.150677711
africa,pop,BDI,7,Burundi,1616759,0.554673254,0.198635176,0.849434078,0.116734609
africa,pop,BEN,7,Benin,717272,0.938283920,0.158984408,0.941652298,0.157953382
africa,pop,BFA,7,Burkina Faso,1491512,0.894027352,0.198939472,0.901623607,0.193583056
africa,pop,BWA,7,Botswana,218076,0.794124722,0.265340239,0.834964514,0.232516155
africa,pop,CAF,7,Central African Republic,318646,0.908443213,0.178725392,0.919878721,0.172422141
africa,pop,CIV,7,Ivory Coast,1255242,0.900076210,0.150310859,0.913533449,0.144799173
africa,pop,CMR,7,Cameroon,1218205,0.856334209,0.160177693,0.865604758,0.152020186
africa,pop,COD,7,Democratic Republic of the Congo,4565455,0.925021470,0.144753084,0.929301441,0.142104298
africa,pop,DZA,7,Algeria,2565213,0.843818545,0.191098809,0.848828912,0.187432304
africa,pop,EGY,7,Egypt,3926349,0.858627617,0.149159640,0.864972532,0.146035165
africa,pop,ERI,7,Eritrea,221918,0.805256963,0.206681937,0.818455219,0.201788023
africa,pop,ETH,7,Ethiopia,10229819,0.716030717,0.153683037,0.728092670,0.148632780
africa,pop,GHA,7,Ghana,1449942,0.878857195,0.198824868,0.883313060,0.196195513
africa,pop,GIN,7,Guinea,661061,0.742157519,0.211614698,0.794027984,0.196765170
africa,pop,KEN,7,Kenya,5214387,0.833399534,0.178098559,0.843660176,0.171328217
africa,pop,LBR,7,Liberia,243854,0.861175299,0.173412234,0.864691794,0.172304124
africa,pop,LBY,7,Libya,492605,0.902465463,0.183144465,0.921320438,0.157676443
africa,pop,LSO,7,Lesotho,213774,0.877046287,0.224817470,0.879784226,0.223817185
africa,pop,MAR,7,Morocco,1893124,0.543479502,0.237508968,0.580167472,0.212369308
africa,pop,MDG,7,Madagascar,2056483,0.883879662,0.153324962,0.882789731,0.155884042
africa,pop,MLI,7,Mali,1390396,0.840600729,0.098422207,0.863034129,0.090531603
africa,pop,MOZ,7,Mozambique,1998105,0.876187623,0.203580484,0.886094630,0.194318488
africa,pop,MRT,7,Mauritania,214512,0.579732180,0.236779392,0.727272511,0.200611740
africa,pop,MWI,7,Malawi,2510974,0.803967118,0.233893201,0.818813980,0.222160116
africa,pop,NER,7,Niger,1881555,0.826087117,0.203742698,0.838505030,0.203656375
africa,pop,NGA,7,Nigeria,10896339,0.703321040,0.161055163,0.732475042,0.174569800
africa,pop,RWA,7,Rwanda,1713827,0.847203732,0.206577584,0.856488228,0.201916158
africa,pop,SDN,7,Sudan,2240262,0.914274275,0.173848301,0.926640749,0.159540564
africa,pop,SEN,7,Senegal,793971,0.920504689,0.101016857,0.927817464,0.097923100
africa,pop,SLE,7,Sierra Leone,443089,0.888302326,0.163150907,0.905618012,0.158318862
africa,pop,SOM,7,Somalia,354894,0.953102827,0.109903634,0.957839012,0.094067991
africa,pop,SSD,7,South Sudan,482494,0.694830000,0.269852042,0.714756429,0.260871291
africa,pop,TCD,7,Chad,1072850,0.914440155,0.160359144,0.922962904,0.150290206
africa,pop,TGO,7,Togo,470496,0.960667729,0.111681283,0.968091965,0.100505985
africa,pop,TUN,7,Tunisia,628658,0.696909606,0.243248358,0.774967015,0.224150360
africa,pop,TZA,7,United Republic of Tanzania,5113357,0.910386086,0.193017140,0.910230219,0.192813888
africa,pop,UGA,7,Uganda,6341643,0.870554328,0.241141498,0.871231973,0.240088984
africa,pop,ZAF,7,South Africa,3662225,0.877588451,0.228619680,0.880273163,0.224393621
africa,pop,ZMB,7,Zambia,883043,0.871334314,0.196970582,0.888137758,0.184231102
africa,pop,ZWE,7,Zimbabwe,534011,0.707503557,0.280170768,0.717671275,0.272433907
africa,pop,AGO,0,Angola,1023777,0.900054038,0.168548629,0.921585739,0.154196426
africa,pop,BDI,0,Burundi,1616759,0.784520626,0.154290482,0.850730836,0.147893786
africa,pop,BEN,0,Benin,717272,0.935761452,0.160293445,0.938312173,0.159150362
africa,pop,BFA,0,Burkina Faso,1491512,0.899347663,0.206115082,0.907909930,0.196904808
africa,pop,BWA,0,Botswana,218076,0.749032497,0.264928341,0.800558090,0.226207316
africa,pop,CAF,0,Central African Republic,318646,0.901171088,0.191601634,0.911653399,0.184081212
africa,pop,CIV,0,Ivory Coast,1255242,0.901165962,0.145079970,0.910356462,0.137788981
africa,pop,CMR,0,Cameroon,1218205,0.808521390,0.172982097,0.834392667,0.161560208
africa,pop,COD,0,Democratic Republic of the Congo,4565455,0.920742750,0.148374140,0.924568594,0.143580616
africa,pop,DZA,0,Algeria,2565213,0.841515958,0.196759954,0.852725744,0.193464518
africa,pop,EGY,0,Egypt,3926349,0.843222499,0.139733627,0.853928566,0.138082147
africa,pop,ERI,0,Eritrea,221918,0.834179997,0.210441470,0.832416713,0.201050341
africa,pop,ETH,0,Ethiopia,10229819,0.679793000,0.158227578,0.696033597,0.151558414
africa,pop,GHA,0,Ghana,1449942,0.880758405,0.202408090,0.890141845,0.197693527
africa,pop,GIN,0,Guinea,661061,0.782125950,0.191546112,0.814778447,0.174087763
africa,pop,KEN,0,Kenya,5214387,0.839629114,0.176780224,0.842572153,0.175820678
africa,pop,LBR,0,Liberia,243854,0.848814726,0.213232741,0.844055533,0.216191128
africa,pop,LBY,0,Libya,492605,0.888338208,0.176038504,0.909656286,0.151260003
africa,pop,LSO,0,Lesotho,213774,0.895285130,0.237302959,0.899986267,0.228695124
africa,pop,MAR,0,Morocco,1893124,0.607881069,0.220548287,0.631247282,0.208957896
africa,pop,MDG,0,Madagascar,2056483,0.883432388,0.151341319,0.882573962,0.149523154
africa,pop,MLI,0,Mali,1390396,0.857171178,0.097467214,0.880241871,0.085027963
africa,pop,MOZ,0,Mozambique,1998105,0.877144992,0.213321567,0.888130724,0.203891724
africa,pop,MRT,0,Mauritania,214512,0.664557219,0.187288970,0.709053636,0.165441960
africa,pop,MWI,0,Malawi,2510974,0.784736156,0.209648952,0.796693385,0.204790965
africa,pop,NER,0,Niger,1881555,0.831877410,0.212643802,0.847061932,0.207894504
africa,pop,NGA,0,Nigeria,10896339,0.615625978,0.168971807,0.669777334,0.155602872
africa,pop,RWA,0,Rwanda,1713827,0.807453513,0.197437063,0.811883569,0.192909718
africa,pop,SDN,0,Sudan,2240262,0.915959656,0.171421006,0.928902686,0.156066939
africa,pop,SEN,0,Senegal,793971,0.940163314,0.102441095,0.944807053,0.099069700
africa,pop,SLE,0,Sierra Leone,443089,0.865758717,0.162016347,0.888556302,0.150231630
africa,pop,SOM,0,Somalia,354894,0.949638128,0.111114934,0.959421873,0.093168743
africa,pop,SSD,0,South Sudan,482494,0.751178980,0.279405504,0.758092880,0.272799253
africa,pop,TCD,0,Chad,1072850,0.924966455,0.172822431,0.930200636,0.163655579
africa,pop,TGO,0,Togo,470496,0.955158055,0.104027331,0.957722783,0.101547621
africa,pop,TUN,0,Tunisia,628658,0.820226669,0.224078491,0.849127293,0.201259613
africa,pop,TZA,0,United Republic of Tanzania,5113357,0.907816768,0.189260617,0.912700891,0.186552852
africa,pop,UGA,0,Uganda,6341643,0.855665445,0.248682350,0.863726735,0.246034369
africa,pop,ZAF,0,South Africa,3662225,0.880651712,0.230114177,0.882825077,0.225193799
africa,pop,ZMB,0,Zambia,883043,0.869934499,0.221096545,0.883223295,0.206419900
africa,pop,ZWE,0,Zimbabwe,534011,0.688968539,0.271292537,0.705853462,0.260206759
africa,pop,AGO,100,Angola,1023777,0.895708323,0.174673349,0.922168493,0.155392691
africa,pop,BDI,100,Burundi,1616759,0.699988484,0.129717544,0.700840592,0.128840685
africa,pop,BEN,100,Benin,717272,0.929593444,0.163795441,0.934958637,0.160820350
africa,pop,BFA,100,Burkina Faso,1491512,0.894396186,0.212291852,0.904654622,0.206994534
africa,pop,BWA,100,Botswana,218076,0.580190778,0.289466172,0.751948953,0.247987613
africa,pop,CAF,100,Central African Republic,318646,0.899242163,0.167739287,0.909594536,0.158716649
africa,pop,CIV,100,Ivory Coast,1255242,0.906198025,0.154383406,0.914286673,0.151760876
africa,pop,CMR,100,Cameroon,1218205,0.873819411,0.150870517,0.887363672,0.141207546
africa,pop,COD,100,Democratic Republic of the Congo,4565455,0.926470160,0.151009321,0.932196140,0.147080407
africa,pop,DZA,100,Algeria,2565213,0.829767287,0.202324614,0.839907527,0.197345689
africa,pop,EGY,100,Egypt,3926349,0.847343922,0.153963730,0.856737494,0.148580998
africa,pop,ERI,100,Eritrea,221918,0.695248485,0.184272036,0.711102724,0.179872513
africa,pop,ETH,100,Ethiopia,10229819,0.644816041,0.177382007,0.715381622,0.160702288
africa,pop,GHA,100,Ghana,1449942,0.885419786,0.193412423,0.889368415,0.191416100
africa,pop,GIN,100,Guinea,661061,0.726583242,0.210419878,0.794137478,0.188636944
africa,pop,KEN,100,Kenya,5214387,0.844302177,0.178423584,0.851008415,0.175189272
africa,pop,LBR,100,Liberia,243854,0.850685120,0.204888955,0.855943263,0.202705294
africa,pop,LBY,100,Libya,492605,0.888455927,0.186744943,0.909272134,0.154566452
africa,pop,LSO,100,Lesotho,213774,0.869653583,0.241549551,0.873780191,0.237136558
africa,pop,MAR,100,Morocco,1893124,0.551340222,0.221454471,0.585430741,0.206184819
africa,pop,MDG,100,Madagascar,2056483,0.874061584,0.152822033,0.872798681,0.149576023
africa,pop,MLI,100,Mali,1390396,0.907885373,0.086632982,0.907432020,0.082548879
africa,pop,MOZ,100,Mozambique,1998105,0.876943529,0.206275076,0.890307486,0.192528114
africa,pop,MRT,100,Mauritania,214512,0.725867808,0.171927392,0.808705688,0.152726278
africa,pop,MWI,100,Malawi,2510974,0.805634975,0.219014421,0.815959096,0.215613052
africa,pop,NER,100,Niger,1881555,0.844179869,0.213971913,0.857048512,0.208067179
africa,pop,NGA,100,Nigeria,10896339,0.652249455,0.180145159,0.693351269,0.163544968
africa,pop,RWA,100,Rwanda,1713827,0.807847917,0.195522547,0.810834944,0.197116852
africa,pop,SDN,100,Sudan,2240262,0.914312959,0.177117661,0.927863240,0.162576631
africa,pop,SEN,100,Senegal,793971,0.939141154,0.115624234,0.943993688,0.112606592
africa,pop,SLE,100,Sierra Leone,443089,0.843652129,0.165388137,0.875476301,0.156185061
africa,pop,SOM,100,Somalia,354894,0.948583841,0.108663388,0.965545416,0.084838629
africa,pop,SSD,100,South Sudan,482494,0.754696131,0.272528350,0.773433685,0.259095252
africa,pop,TCD,100,Chad,1072850,0.910288930,0.164045230,0.920813501,0.152759060
africa,pop,TGO,100,Togo,470496,0.958778143,0.111690596,0.964867413,0.107456900
africa,pop,TUN,100,Tunisia,628658,0.682043076,0.244793206,0.718686998,0.220275268
africa,pop,TZA,100,United Republic of Tanzania,5113357,0.906563997,0.187435910,0.908890426,0.183504254
africa,pop,UGA,100,Uganda,6341643,0.871521473,0.244918212,0.870316863,0.243802726
africa,pop,ZAF,100,South Africa,3662225,0.881809235,0.228809804,0.880222917,0.229792804
africa,pop,ZMB,100,Zambia,883043,0.858267009,0.220504075,0.890057087,0.191876978
africa,pop,ZWE,100,Zimbabwe,534011,0.733283341,0.267928064,0.752073050,0.259262025
africa,ntl,AGO,42,Angola,41736,0.505418062,0.189277560,0.514237523,0.177208588
africa,ntl,BDI,42,Burundi,65006,0.885596871,0.114982866,0.883354664,0.146833926
africa,ntl,BEN,42,Benin,29276,0.832056224,0.174581215,0.885076344,0.159820229
africa,ntl,BFA,42,Burkina Faso,59785,0.853579283,0.136802554,0.870007336,0.126093253
africa,ntl,BWA,42,Botswana,8742,0.802625775,0.221514896,0.804739833,0.223622024
africa,ntl,CAF,42,Central African Republic,12929,0.461925447,0.253628135,0.492576420,0.263334930
africa,ntl,CIV,42,Ivory Coast,50840,0.884489298,0.202212200,0.891255200,0.192725629
africa,ntl,CMR,42,Cameroon,48910,0.919944882,0.152325094,0.930860102,0.139822543
africa,ntl,COD,42,Democratic Republic of the Congo,187053,0.809799552,0.086840875,0.834003568,0.076857448
africa,ntl,DZA,42,Algeria,103373,0.281289041,0.207994923,0.353105545,0.214615256
africa,ntl,EGY,42,Egypt,160748,0.707341909,0.210917503,0.740140259,0.201929152
africa,ntl,ERI,42,Eritrea,8994,0.432700336,0.200222567,0.530226350,0.186804205
africa,ntl,ETH,42,Ethiopia,409642,0.793317258,0.095036298,0.843502402,0.072636418
africa,ntl,GHA,42,Ghana,59136,0.948566556,0.150443420,0.957499146,0.134339586
africa,ntl,GIN,42,Guinea,26794,0.793659449,0.151603952,0.851093411,0.129298359
africa,ntl,KEN,42,Kenya,210053,0.853464782,0.177572668,0.872282267,0.170085967
africa,ntl,LBR,42,Liberia,9795,0.749020278,0.184708685,0.788000762,0.181165859
africa,ntl,LBY,42,Libya,20348,0.535508037,0.149809197,0.463408470,0.152553812
africa,ntl,LSO,42,Lesotho,8600,0.775257885,0.281342268,0.802653313,0.263535947
africa,ntl,MAR,42,Morocco,76611,0.830860496,0.224856228,0.857880473,0.204335555
africa,ntl,MDG,42,Madagascar,83821,0.777572632,0.168131486,0.792692363,0.136316836
africa,ntl,MLI,42,Mali,56744,0.812937379,0.166712344,0.841762662,0.163110092
africa,ntl,MOZ,42,Mozambique,80725,0.870008767,0.147641093,0.883137703,0.140012383
africa,ntl,MRT,42,Mauritania,8666,0.871184826,0.150625512,0.883215606,0.137269765
africa,ntl,MWI,42,Malawi,101556,0.805152416,0.146689579,0.823487461,0.166995734
africa,ntl,NER,42,Niger,75359,0.865997553,0.106579207,0.863079607,0.106867321
africa,ntl,NGA,42,Nigeria,437737,0.060108006,0.089859165,0.062758088,0.072962195
africa,ntl,RWA,42,Rwanda,69359,0.865188599,0.186734021,0.848354280,0.171529874
africa,ntl,SDN,42,Sudan,91033,0.756697237,0.220790401,0.833461165,0.186487362
africa,ntl,SEN,42,Senegal,32343,0.896427572,0.163410142,0.903173387,0.160167649
africa,ntl,SLE,42,Sierra Leone,18029,0.749252796,0.175870702,0.816687822,0.144507945
africa,ntl,SOM,42,Somalia,14263,0.887751877,0.170006201,0.886122823,0.165359110
africa,ntl,SSD,42,South Sudan,19398,0.677696109,0.151634708,0.606574833,0.157281414
africa,ntl,TCD,42,Chad,43249,0.066643476,0.171788618,0.138302922,0.149012983
africa,ntl,TGO,42,Togo,19027,0.808854818,0.176974237,0.837074816,0.160104156
africa,ntl,TUN,42,Tunisia,25699,0.828641772,0.288654327,0.845132172,0.281575114
africa,ntl,TZA,42,United Republic of Tanzania,207978,0.889132380,0.161026716,0.902893901,0.153237492
africa,ntl,UGA,42,Uganda,256520,0.807418346,0.132035553,0.806517541,0.126377374
africa,ntl,ZAF,42,South Africa,147364,0.781452954,0.248875648,0.796229064,0.254738212
africa,ntl,ZMB,42,Zambia,36136,0.698449612,0.212661088,0.751926422,0.187286183
africa,ntl,ZWE,42,Zimbabwe,21342,0.763939023,0.262849808,0.780101955,0.257073998
africa,ntl,AGO,24,Angola,41736,0.801124454,0.171360716,0.834512889,0.158819243
africa,ntl,BDI,24,Burundi,65006,0.806058526,0.099752441,0.817569137,0.097568616
africa,ntl,BEN,24,Benin,29276,0.720533073,0.229786545,0.888078809,0.167076066
africa,ntl,BFA,24,Burkina Faso,59785,0.843389630,0.137193650,0.850065291,0.139663577
africa,ntl,BWA,24,Botswana,8742,0.818993568,0.237829357,0.823021114,0.238238007
africa,ntl,CAF,24,Central African Republic,12929,0.653893411,0.257777989,0.734005332,0.227214187
africa,ntl,CIV,24,Ivory Coast,50840,0.889122307,0.202664420,0.898352444,0.194346085
africa,ntl,CMR,24,Cameroon,48910,0.886487842,0.152308986,0.923776686,0.128736645
africa,ntl,COD,24,Democratic Republic of the Congo,187053,0.813919485,0.090680502,0.833245635,0.082821138
africa,ntl,DZA,24,Algeria,103373,0.122354329,0.240344167,0.223658621,0.212603360
africa,ntl,EGY,24,Egypt,160748,0.538971186,0.237702474,0.652801633,0.222234130
africa,ntl,ERI,24,Eritrea,8994,0.526572227,0.202007338,0.367156327,0.226207212
africa,ntl,ETH,24,Ethiopia,409642,0.727110684,0.085188955,0.788760066,0.065684766
africa,ntl,GHA,24,Ghana,59136,0.944941998,0.146635368,0.953034341,0.136596113
africa,ntl,GIN,24,Guinea,26794,0.788917065,0.151345566,0.856734216,0.125357255
africa,ntl,KEN,24,Kenya,210053,0.877008140,0.168786660,0.889852166,0.166040376
africa,ntl,LBR,24,Liberia,9795,0.796841860,0.230680406,0.773928821,0.250294596
africa,ntl,LBY,24,Libya,20348,0.145825863,0.243735388,0.140568733,0.173835635
africa,ntl,LSO,24,Lesotho,8600,0.768481791,0.238893896,0.820124269,0.210435435
africa,ntl,MAR,24,Morocco,76611,0.831140101,0.226070881,0.873815775,0.197826803
africa,ntl,MDG,24,Madagascar,83821,0.759016275,0.134638682,0.785457134,0.113985822
africa,ntl,MLI,24,Mali,56744,0.857369661,0.169156894,0.854296327,0.164910540
africa,ntl,MOZ,24,Mozambique,80725,0.876464307,0.141505465,0.907014608,0.125790238
africa,ntl,MRT,24,Mauritania,8666,0.887730122,0.150007233,0.945091903,0.115191586
africa,ntl,MWI,24,Malawi,101556,0.810784698,0.150987640,0.821369171,0.145322338
africa,ntl,NER,24,Niger,75359,0.871087134,0.144602150,0.899630129,0.107816897
africa,ntl,NGA,24,Nigeria,437737,0.065378428,0.068377890,0.271935940,0.067218974
africa,ntl,RWA,24,Rwanda,69359,0.847405374,0.181597531,0.818642437,0.189126015
africa,ntl,SDN,24,Sudan,91033,0.731037498,0.209979251,0.772758961,0.177159429
africa,ntl,SEN,24,Senegal,32343,0.830540657,0.190418571,0.854816437,0.173125669
africa,ntl,SLE,24,Sierra Leone,18029,0.740512490,0.192842945,0.798004687,0.177722096
africa,ntl,SOM,24,Somalia,14263,0.880084634,0.155146092,0.879879057,0.149796993
africa,ntl,SSD,24,South Sudan,19398,0.544253349,0.213569149,0.571606874,0.217050850
africa,ntl,TCD,24,Chad,43249,0.359349847,0.061577149,0.416067362,0.060713142
africa,ntl,TGO,24,Togo,19027,0.821978211,0.183540657,0.844441295,0.155823514
africa,ntl,TUN,24,Tunisia,25699,0.816112399,0.286535501,0.832801580,0.275928557
africa,ntl,TZA,24,United Republic of Tanzania,207978,0.864604294,0.165973440,0.880977452,0.147399560
africa,ntl,UGA,24,Uganda,256520,0.857672155,0.147032872,0.853375435,0.142666504
africa,ntl,ZAF,24,South Africa,147364,0.775315046,0.268938363,0.778179586,0.256651849
africa,ntl,ZMB,24,Zambia,36136,0.691527009,0.232782558,0.732721806,0.205236316
africa,ntl,ZWE,24,Zimbabwe,21342,0.745006561,0.267535537,0.771380424,0.256848961
africa,ntl,AGO,7,Angola,41736,0.865054309,0.144923076,0.854825377,0.155723944
africa,ntl,BDI,7,Burundi,65006,0.892952979,0.094374299,0.898706257,0.101279251
africa,ntl,BEN,7,Benin,29276,0.877620697,0.182158604,0.910347164,0.174888834
africa,ntl,BFA,7,Burkina Faso,59785,0.867409706,0.163649201,0.876531899,0.144850463
africa,ntl,BWA,7,Botswana,8742,0.838746488,0.213848278,0.857300162,0.203410774
africa,ntl,CAF,7,Central African Republic,12929,0.440557659,0.215263829,0.491614878,0.221836731
africa,ntl,CIV,7,Ivory Coast,50840,0.869956136,0.195463941,0.882674038,0.190233365
africa,ntl,CMR,7,Cameroon,48910,0.910362184,0.144172728,0.914777398,0.134034306
africa,ntl,COD,7,Democratic Republic of the Congo,187053,0.832956970,0.093678445,0.859352350,0.089655027
africa,ntl,DZA,7,Algeria,103373,0.309111834,0.148327872,0.309221804,0.138378024
africa,ntl,EGY,7,Egypt,160748,0.739188910,0.207677096,0.784720004,0.202711388
africa,ntl,ERI,7,Eritrea,8994,0.786091328,0.196257323,0.854222894,0.142783076
africa,ntl,ETH,7,Ethiopia,409642,0.764632165,0.098728515,0.780537724,0.081266202
africa,ntl,GHA,7,Ghana,59136,0.943543792,0.156157941,0.951867759,0.142525345
africa,ntl,GIN,7,Guinea,26794,0.872807860,0.149798036,0.872911751,0.160987109
africa,ntl,KEN,7,Kenya,210053,0.831558824,0.180374891,0.865392327,0.168556005
africa,ntl,LBR,7,Liberia,9795,0.817536652,0.157455757,0.824194491,0.173912436
africa,ntl,LBY,7,Libya,20348,0.166220188,0.185715973,0.158476532,0.182318807
africa,ntl,LSO,7,Lesotho,8600,0.792729497,0.231442705,0.762784958,0.236692861
africa,ntl,MAR,7,Morocco,76611,0.847499013,0.240353003,0.870761216,0.216775522
africa,ntl,MDG,7,Madagascar,83821,0.783936024,0.135102421,0.842084169,0.119234607
africa,ntl,MLI,7,Mali,56744,0.821004748,0.164349243,0.842384815,0.159005210
africa,ntl,MOZ,7,Mozambique,80725,0.876614034,0.130625382,0.867749631,0.120469607
africa,ntl,MRT,7,Mauritania,8666,0.918828785,0.126681969,0.923754990,0.126482144
africa,ntl,MWI,7,Malawi,101556,0.793519497,0.144817472,0.802345753,0.150110319
africa,ntl,NER,7,Niger,75359,0.847211897,0.120919459,0.863328576,0.110012591
africa,ntl,NGA,7,Nigeria,437737,0.044950426,0.073493890,0.158920825,0.066645920
africa,ntl,RWA,7,Rwanda,69359,0.808519244,0.182386950,0.805320323,0.170135051
africa,ntl,SDN,7,Sudan,91033,0.645124316,0.222074360,0.799786806,0.192265525
africa,ntl,SEN,7,Senegal,32343,0.880254090,0.164631993,0.872219443,0.169115901
africa,ntl,SLE,7,Sierra Leone,18029,0.673113346,0.178202376,0.784800351,0.152137011
africa,ntl,SOM,7,Somalia,14263,0.860092819,0.148099959,0.828827679,0.160605460
africa,ntl,SSD,7,South Sudan,19398,0.569301128,0.184586421,0.641234756,0.157563686
africa,ntl,TCD,7,Chad,43249,0.080964327,0.187844336,0.214889526,0.133937553
africa,ntl,TGO,7,Togo,19027,0.829506040,0.153020307,0.860725105,0.135659754
africa,ntl,TUN,7,Tunisia,25699,0.793853819,0.281277955,0.811754942,0.273391277
africa,ntl,TZA,7,United Republic of Tanzania,207978,0.883990049,0.164839119,0.891433656,0.148089051
africa,ntl,UGA,7,Uganda,256520,0.817723870,0.147134647,0.833501875,0.138117149
africa,ntl,ZAF,7,South Africa,147364,0.796488643,0.246905431,0.805634499,0.246317595
africa,ntl,ZMB,7,Zambia,36136,0.784613371,0.196320012,0.831611276,0.178793490
africa,ntl,ZWE,7,Zimbabwe,21342,0.779239118,0.270740986,0.773734033,0.264318436
africa,ntl,AGO,0,Angola,41736,0.509260297,0.193330318,0.547101021,0.180540934
africa,ntl,BDI,0,Burundi,65006,0.855781734,0.118069611,0.881479323,0.100268357
africa,ntl,BEN,0,Benin,29276,0.880113482,0.186770290,0.884858370,0.175976455
africa,ntl,BFA,0,Burkina Faso,59785,0.862452865,0.158302084,0.876576066,0.140948877
africa,ntl,BWA,0,Botswana,8742,0.828869343,0.265391409,0.832266986,0.265466332
africa,ntl,CAF,0,Central African Republic,12929,0.486619413,0.196152613,0.533589602,0.193070427
africa,ntl,CIV,0,Ivory Coast,50840,0.864369392,0.220424652,0.889976799,0.200659975
africa,ntl,CMR,0,Cameroon,48910,0.894255161,0.160999447,0.907272696,0.159427717
africa,ntl,COD,0,Democratic Republic of the Congo,187053,0.776956379,0.091133721,0.799769282,0.084278628
africa,ntl,DZA,0,Algeria,103373,0.546865940,0.145605758,0.596998215,0.130879581
africa,ntl,EGY,0,Egypt,160748,0.584391713,0.228469208,0.652577519,0.223253056
africa,ntl,ERI,0,Eritrea,8994,0.801998436,0.223106384,0.823386073,0.187259361
africa,ntl,ETH,0,Ethiopia,409642,0.815285683,0.090442315,0.782656968,0.077573173
africa,ntl,GHA,0,Ghana,59136,0.946464717,0.149036184,0.951304257,0.145713806
africa,ntl,GIN,0,Guinea,26794,0.849161386,0.133558422,0.882618666,0.115931690
africa,ntl,KEN,0,Kenya,210053,0.864257812,0.182640478,0.871397316,0.174982831
africa,ntl,LBR,0,Liberia,9795,0.789420247,0.180035010,0.810680866,0.166580915
africa,ntl,LBY,0,Libya,20348,0.457506776,0.173228756,0.488177598,0.165414527
africa,ntl,LSO,0,Lesotho,8600,0.804327726,0.234417737,0.783651292,0.241262108
africa,ntl,MAR,0,Morocco,76611,0.839883566,0.228682876,0.869240463,0.205470249
africa,ntl,MDG,0,Madagascar,83821,0.808524907,0.149517372,0.835966051,0.117416553
africa,ntl,MLI,0,Mali,56744,0.825397491,0.167365953,0.845478535,0.164126918
africa,ntl,MOZ,0,Mozambique,80725,0.851763964,0.142119944,0.891045988,0.127585724
africa,ntl,MRT,0,Mauritania,8666,0.784239531,0.142734081,0.894177675,0.114238128
africa,ntl,MWI,0,Malawi,101556,0.751757264,0.161425292,0.798600197,0.137092188
africa,ntl,NER,0,Niger,75359,0.862479746,0.105832577,0.855833650,0.132408142
africa,ntl,NGA,0,Nigeria,437737,0.033948302,0.097663991,-0.026464939,0.075331062
africa,ntl,RWA,0,Rwanda,69359,0.790006161,0.164646477,0.799688041,0.163920969
africa,ntl,SDN,0,Sudan,91033,0.653787494,0.209534734,0.744180560,0.189216986
africa,ntl,SEN,0,Senegal,32343,0.881327212,0.164542094,0.907988489,0.150576308
africa,ntl,SLE,0,Sierra Leone,18029,0.836200058,0.158174127,0.872206390,0.126678586
africa,ntl,SOM,0,Somalia,14263,0.883205652,0.163058996,0.904826283,0.151288107
africa,ntl,SSD,0,South Sudan,19398,0.676243722,0.152016640,0.688155532,0.143213540
africa,ntl,TCD,0,Chad,43249,0.194077790,0.076596782,0.271696270,0.058776207
africa,ntl,TGO,0,Togo,19027,0.828358412,0.157402635,0.861908019,0.143621013
africa,ntl,TUN,0,Tunisia,25699,0.806871533,0.286646843,0.826119423,0.273826152
africa,ntl,TZA,0,United Republic of Tanzania,207978,0.847838461,0.166748241,0.877313614,0.152434602
africa,ntl,UGA,0,Uganda,256520,0.814231873,0.137326166,0.821391046,0.125387624
africa,ntl,ZAF,0,South Africa,147364,0.801732481,0.261167884,0.802167356,0.253828436
africa,ntl,ZMB,0,Zambia,36136,0.794036686,0.182009101,0.839388728,0.174760789
africa,ntl,ZWE,0,Zimbabwe,21342,0.819117785,0.261410683,0.807433844,0.262207448
africa,ntl,AGO,100,Angola,41736,0.709772706,0.176810607,0.746073186,0.157057762
africa,ntl,BDI,100,Burundi,65006,0.853787005,0.110915840,0.860899150,0.099324122
africa,ntl,BEN,100,Benin,29276,0.843555272,0.188508242,0.877294362,0.177047342
africa,ntl,BFA,100,Burkina Faso,59785,0.868833899,0.144243807,0.880499303,0.142718077
africa,ntl,BWA,100,Botswana,8742,0.851294219,0.231765643,0.844280422,0.226728886
africa,ntl,CAF,100,Central African Republic,12929,0.438377917,0.209644482,0.413190126,0.177153409
africa,ntl,CIV,100,Ivory Coast,50840,0.851405323,0.209839985,0.867032111,0.201211348
africa,ntl,CMR,100,Cameroon,48910,0.897275209,0.153296024,0.911848545,0.142312750
africa,ntl,COD,100,Democratic Republic of the Congo,187053,0.823709011,0.099653408,0.849879324,0.084711134
africa,ntl,DZA,100,Algeria,103373,0.324365258,0.174015015,0.360561311,0.140421242
africa,ntl,EGY,100,Egypt,160748,0.603237510,0.222537771,0.637821794,0.215315148
africa,ntl,ERI,100,Eritrea,8994,0.603350639,0.248151585,0.778973579,0.195785508
africa,ntl,ETH,100,Ethiopia,409642,0.777268469,0.092751175,0.800501049,0.076209269
africa,ntl,GHA,100,Ghana,59136,0.941071272,0.151156291,0.947879910,0.139063880
africa,ntl,GIN,100,Guinea,26794,0.852498829,0.153695717,0.890626013,0.137550920
africa,ntl,KEN,100,Kenya,210053,0.858697772,0.173215881,0.882885695,0.168536961
africa,ntl,LBR,100,Liberia,9795,0.794886827,0.205940545,0.831651092,0.181112558
africa,ntl,LBY,100,Libya,20348,0.134995759,0.207082480,0.152742386,0.200339302
africa,ntl,LSO,100,Lesotho,8600,0.846283674,0.251319945,0.859134018,0.249006972
africa,ntl,MAR,100,Morocco,76611,0.850635350,0.229960784,0.873815954,0.208046243
africa,ntl,MDG,100,Madagascar,83821,0.674067616,0.165301234,0.680081367,0.140817940
africa,ntl,MLI,100,Mali,56744,0.819407225,0.170734882,0.841870606,0.170438603
africa,ntl,MOZ,100,Mozambique,80725,0.828113079,0.136184707,0.854667306,0.123255752
africa,ntl,MRT,100,Mauritania,8666,0.900454164,0.140909702,0.912491679,0.133767009
africa,ntl,MWI,100,Malawi,101556,0.836084068,0.171414077,0.850363016,0.164080650
africa,ntl,NER,100,Niger,75359,0.912153840,0.104922861,0.909688830,0.113511950
africa,ntl,NGA,100,Nigeria,437737,0.034430683,0.055747926,0.101103544,0.055940237
africa,ntl,RWA,100,Rwanda,69359,0.817025781,0.190722302,0.808669984,0.180002078
africa,ntl,SDN,100,Sudan,91033,0.505568385,0.227809593,0.674333453,0.181055501
africa,ntl,SEN,100,Senegal,32343,0.840335488,0.181674764,0.872183800,0.162968531
africa,ntl,SLE,100,Sierra Leone,18029,0.743075967,0.205686048,0.780841053,0.159402803
africa,ntl,SOM,100,Somalia,14263,0.882401705,0.119240850,0.878908277,0.109767795
africa,ntl,SSD,100,South Sudan,19398,0.433266938,0.182654381,0.539762139,0.154206440
africa,ntl,TCD,100,Chad,43249,0.071042657,0.159882635,0.155600548,0.134270519
africa,ntl,TGO,100,Togo,19027,0.850936770,0.197775528,0.912512720,0.176709503
africa,ntl,TUN,100,Tunisia,25699,0.828575134,0.280388415,0.844519734,0.266388178
africa,ntl,TZA,100,United Republic of Tanzania,207978,0.881537378,0.157851726,0.895156264,0.145053446
africa,ntl,UGA,100,Uganda,256520,0.840378404,0.129613757,0.844327748,0.128429592
africa,ntl,ZAF,100,South Africa,147364,0.782753646,0.253267586,0.790455461,0.249636620
africa,ntl,ZMB,100,Zambia,36136,0.818226635,0.216790721,0.869401217,0.187180474
africa,ntl,ZWE,100,Zimbabwe,21342,0.764602005,0.253081024,0.783114970,0.241591811
africa,pm25,AGO,42,Angola,7172,0.945245266,0.179926768,0.975052476,0.120954439
africa,pm25,BDI,42,Burundi,11210,0.960836709,0.145564243,0.970604360,0.124187574
africa,pm25,BEN,42,Benin,5072,0.957522810,0.158216253,0.977665782,0.116533436
africa,pm25,BFA,42,Burkina Faso,10405,0.916604221,0.217402041,0.955424666,0.158353224
africa,pm25,BWA,42,Botswana,1525,0.831093907,0.286111981,0.906975329,0.226268262
africa,pm25,CAF,42,Central African Republic,2268,0.812184632,0.318068683,0.869333684,0.268699110
africa,pm25,CIV,42,Ivory Coast,8804,0.944943905,0.181491986,0.967426121,0.139229342
africa,pm25,CMR,42,Cameroon,8479,0.964758635,0.134100780,0.976327956,0.107179165
africa,pm25,COD,42,Democratic Republic of the Congo,32332,0.957840323,0.155852169,0.970526934,0.129449114
africa,pm25,DZA,42,Algeria,17952,0.967161536,0.123659059,0.975184977,0.106265120
africa,pm25,EGY,42,Egypt,27893,0.942575634,0.171135038,0.948429465,0.158707798
africa,pm25,ERI,42,Eritrea,1549,0.950320899,0.156705543,0.953408420,0.154789791
africa,pm25,ETH,42,Ethiopia,70982,0.945683837,0.172034532,0.961516082,0.144707486
africa,pm25,GHA,42,Ghana,10224,0.945246756,0.176507026,0.962958336,0.145052031
africa,pm25,GIN,42,Guinea,4647,0.903214574,0.228687480,0.926496148,0.193458095
africa,pm25,KEN,42,Kenya,36361,0.977783203,0.107943088,0.982801437,0.095241271
africa,pm25,LBR,42,Liberia,1711,0.867981791,0.271159887,0.892341912,0.245540857
africa,pm25,LBY,42,Libya,3540,0.934263647,0.189821705,0.976832151,0.110644557
africa,pm25,LSO,42,Lesotho,1516,0.759104133,0.425218731,0.810646653,0.373475760
africa,pm25,MAR,42,Morocco,13289,0.926759481,0.206847131,0.955387890,0.159893453
africa,pm25,MDG,42,Madagascar,14544,0.944147170,0.182641953,0.967174172,0.136236444
africa,pm25,MLI,42,Mali,9841,0.861450434,0.266926229,0.898697019,0.222874686
africa,pm25,MOZ,42,Mozambique,14040,0.949711204,0.163998768,0.971407175,0.124747343
africa,pm25,MRT,42,Mauritania,1487,0.704500079,0.460540682,0.727529287,0.431270540
africa,pm25,MWI,42,Malawi,17602,0.882875800,0.250952244,0.898377240,0.231020078
africa,pm25,NER,42,Niger,12952,0.970924616,0.127855837,0.991945744,0.066533312
africa,pm25,NGA,42,Nigeria,76039,0.983462274,0.094649084,0.991734684,0.067106090
africa,pm25,RWA,42,Rwanda,11996,0.904988885,0.234025851,0.937982917,0.185610905
africa,pm25,SDN,42,Sudan,15774,0.894857407,0.241364926,0.914617121,0.215928540
africa,pm25,SEN,42,Senegal,5597,0.836178541,0.313459545,0.883792996,0.261128604
africa,pm25,SLE,42,Sierra Leone,3100,0.881913543,0.253886402,0.909067273,0.222674757
africa,pm25,SOM,42,Somalia,2492,0.942214310,0.137476355,0.974932849,0.100091152
africa,pm25,SSD,42,South Sudan,3409,0.929133177,0.199526951,0.952746809,0.163005576
africa,pm25,TCD,42,Chad,7474,0.961296320,0.133987784,0.970034659,0.118406028
africa,pm25,TGO,42,Togo,3335,0.952443779,0.167416677,0.967310548,0.136461750
africa,pm25,TUN,42,Tunisia,4482,0.881081343,0.270485908,0.904239595,0.236811548
africa,pm25,TZA,42,United Republic of Tanzania,35850,0.966498733,0.131100625,0.976579309,0.108210921
africa,pm25,UGA,42,Uganda,44468,0.975095868,0.115934193,0.981034517,0.101557955
africa,pm25,ZAF,42,South Africa,25440,0.941792667,0.156061172,0.962693334,0.120247856
africa,pm25,ZMB,42,Zambia,6191,0.932692587,0.199540660,0.964068294,0.142929986
africa,pm25,ZWE,42,Zimbabwe,3718,0.931338191,0.195679516,0.968052089,0.135742918
africa,pm25,AGO,24,Angola,7172,0.953595459,0.170279711,0.975754797,0.119002171
africa,pm25,BDI,24,Burundi,11210,0.956393957,0.151413381,0.969271600,0.124399275
africa,pm25,BEN,24,Benin,5072,0.955650508,0.161403179,0.976094246,0.115675002
africa,pm25,BFA,24,Burkina Faso,10405,0.913647711,0.214095324,0.957861781,0.153278187
africa,pm25,BWA,24,Botswana,1525,0.836558282,0.284002244,0.898669422,0.226052284
africa,pm25,CAF,24,Central African Republic,2268,0.814639091,0.335152894,0.873827279,0.264786005
africa,pm25,CIV,24,Ivory Coast,8804,0.943277359,0.177355319,0.966873765,0.138293728
africa,pm25,CMR,24,Cameroon,8479,0.963209569,0.139592171,0.979164898,0.103093006
africa,pm25,COD,24,Democratic Republic of the Congo,32332,0.951356173,0.163515851,0.970824897,0.126123279
africa,pm25,DZA,24,Algeria,17952,0.961553693,0.139551133,0.977159381,0.106740482
africa,pm25,EGY,24,Egypt,27893,0.949358642,0.162921995,0.960002244,0.143323645
africa,pm25,ERI,24,Eritrea,1549,0.963493884,0.142303005,0.962648273,0.144635528
africa,pm25,ETH,24,Ethiopia,70982,0.949227512,0.164767146,0.960100234,0.145529881
africa,pm25,GHA,24,Ghana,10224,0.949121475,0.168368995,0.961384296,0.146712542
africa,pm25,GIN,24,Guinea,4647,0.913565993,0.220590726,0.942437470,0.177973837
africa,pm25,KEN,24,Kenya,36361,0.979418039,0.106250279,0.982457876,0.096664615
africa,pm25,LBR,24,Liberia,1711,0.869673014,0.298834771,0.895078421,0.265518308
africa,pm25,LBY,24,Libya,3540,0.943713665,0.176975191,0.974494576,0.112478644
africa,pm25,LSO,24,Lesotho,1516,0.683605134,0.446773499,0.798233211,0.352068990
africa,pm25,MAR,24,Morocco,13289,0.928864360,0.205842957,0.951131642,0.167485088
africa,pm25,MDG,24,Madagascar,14544,0.948129058,0.172860593,0.965924978,0.140078634
africa,pm25,MLI,24,Mali,9841,0.877198577,0.249070331,0.905046999,0.210904002
africa,pm25,MOZ,24,Mozambique,14040,0.943569958,0.173219785,0.971379519,0.123892568
africa,pm25,MRT,24,Mauritania,1487,0.655642807,0.442443490,0.703611791,0.408340812
africa,pm25,MWI,24,Malawi,17602,0.885472775,0.251129925,0.914950550,0.213270500
africa,pm25,NER,24,Niger,12952,0.969938874,0.126982778,0.992015600,0.065949202
africa,pm25,NGA,24,Nigeria,76039,0.984154582,0.092773393,0.991806507,0.067688845
africa,pm25,RWA,24,Rwanda,11996,0.887792706,0.252377868,0.931514800,0.195776552
africa,pm25,SDN,24,Sudan,15774,0.898938537,0.239952490,0.918101072,0.214186579
africa,pm25,SEN,24,Senegal,5597,0.843844175,0.301560730,0.870007694,0.267910451
africa,pm25,SLE,24,Sierra Leone,3100,0.886684358,0.250391483,0.910694301,0.219644919
africa,pm25,SOM,24,Somalia,2492,0.948666990,0.135994971,0.963058889,0.113853827
africa,pm25,SSD,24,South Sudan,3409,0.921728313,0.216405794,0.946269453,0.176647142
africa,pm25,TCD,24,Chad,7474,0.946323276,0.144224241,0.974088907,0.110951781
africa,pm25,TGO,24,Togo,3335,0.951957583,0.170716479,0.965983510,0.144514158
africa,pm25,TUN,24,Tunisia,4482,0.879861653,0.257806659,0.910728812,0.220717803
africa,pm25,TZA,24,United Republic of Tanzania,35850,0.962843835,0.140936166,0.977073252,0.108236738
africa,pm25,UGA,24,Uganda,44468,0.974949002,0.115055420,0.980469048,0.101564020
africa,pm25,ZAF,24,South Africa,25440,0.943007112,0.153973579,0.964407802,0.119043171
africa,pm25,ZMB,24,Zambia,6191,0.931333601,0.191643983,0.960877836,0.143896878
africa,pm25,ZWE,24,Zimbabwe,3718,0.942059338,0.183309495,0.972425878,0.128865972
africa,pm25,AGO,7,Angola,7172,0.940325499,0.183005616,0.973813772,0.122010812
africa,pm25,BDI,7,Burundi,11210,0.962859213,0.148363218,0.969986796,0.127670392
africa,pm25,BEN,7,Benin,5072,0.956049263,0.156243294,0.976428509,0.115287997
africa,pm25,BFA,7,Burkina Faso,10405,0.918783844,0.217590719,0.953941762,0.161934718
africa,pm25,BWA,7,Botswana,1525,0.845260978,0.271879643,0.860051036,0.259049952
africa,pm25,CAF,7,Central African Republic,2268,0.797823548,0.324506342,0.880350351,0.247811109
africa,pm25,CIV,7,Ivory Coast,8804,0.949516833,0.175528884,0.970586360,0.133423582
africa,pm25,CMR,7,Cameroon,8479,0.966418266,0.138238385,0.980399609,0.104016393
africa,pm25,COD,7,Democratic Republic of the Congo,32332,0.956208944,0.157702222,0.968615592,0.133392185
africa,pm25,DZA,7,Algeria,17952,0.967395484,0.125389978,0.977206826,0.105932362
africa,pm25,EGY,7,Egypt,27893,0.939448714,0.172675192,0.958186448,0.140745074
africa,pm25,ERI,7,Eritrea,1549,0.963591933,0.141706392,0.955324888,0.158846572
africa,pm25,ETH,7,Ethiopia,70982,0.950907946,0.163963363,0.960733771,0.146204814
africa,pm25,GHA,7,Ghana,10224,0.947904110,0.172106087,0.962540329,0.144583285
africa,pm25,GIN,7,Guinea,4647,0.921023786,0.213415712,0.944225967,0.176440388
africa,pm25,KEN,7,Kenya,36361,0.978644371,0.107843168,0.982288361,0.096878864
africa,pm25,LBR,7,Liberia,1711,0.789924383,0.298917711,0.840717077,0.257176906
africa,pm25,LBY,7,Libya,3540,0.938176215,0.168969825,0.973866045,0.104962900
africa,pm25,LSO,7,Lesotho,1516,0.762924790,0.385417759,0.789506197,0.369406015
africa,pm25,MAR,7,Morocco,13289,0.930854023,0.202431574,0.951987624,0.164340839
africa,pm25,MDG,7,Madagascar,14544,0.943666518,0.183719933,0.963932872,0.145388499
africa,pm25,MLI,7,Mali,9841,0.868096709,0.263427615,0.900599599,0.224127486
africa,pm25,MOZ,7,Mozambique,14040,0.948725998,0.168211043,0.972764850,0.122922927
africa,pm25,MRT,7,Mauritania,1487,0.605163097,0.487445265,0.740472317,0.378685564
africa,pm25,MWI,7,Malawi,17602,0.869453490,0.264593750,0.900958776,0.232773006
africa,pm25,NER,7,Niger,12952,0.965543568,0.135478497,0.991712570,0.066635214
africa,pm25,NGA,7,Nigeria,76039,0.982738972,0.096951753,0.992035389,0.065933079
africa,pm25,RWA,7,Rwanda,11996,0.899963140,0.236488640,0.931737185,0.192658067
africa,pm25,SDN,7,Sudan,15774,0.892401934,0.239108115,0.911883354,0.214211270
africa,pm25,SEN,7,Senegal,5597,0.834428370,0.292710483,0.880659223,0.246446386
africa,pm25,SLE,7,Sierra Leone,3100,0.861796916,0.267294914,0.905429661,0.222616911
africa,pm25,SOM,7,Somalia,2492,0.940919518,0.163535848,0.962110043,0.133189321
africa,pm25,SSD,7,South Sudan,3409,0.905768871,0.228876516,0.940165937,0.186080754
africa,pm25,TCD,7,Chad,7474,0.952760816,0.138292715,0.972316384,0.111092001
africa,pm25,TGO,7,Togo,3335,0.945221245,0.178537816,0.962568402,0.147163704
africa,pm25,TUN,7,Tunisia,4482,0.889572322,0.255004495,0.916238844,0.217773169
africa,pm25,TZA,7,United Republic of Tanzania,35850,0.967122018,0.129859090,0.978991032,0.103450440
africa,pm25,UGA,7,Uganda,44468,0.974365056,0.115239508,0.980604589,0.100829057
africa,pm25,ZAF,7,South Africa,25440,0.941305697,0.156314671,0.962215364,0.120464846
africa,pm25,ZMB,7,Zambia,6191,0.934587359,0.188284129,0.962228835,0.138186187
africa,pm25,ZWE,7,Zimbabwe,3718,0.920107901,0.210594594,0.961657763,0.144476488
africa,pm25,AGO,0,Angola,7172,0.942239821,0.178651065,0.970799625,0.126793221
africa,pm25,BDI,0,Burundi,11210,0.962213278,0.145604685,0.972988963,0.120305061
africa,pm25,BEN,0,Benin,5072,0.945105731,0.179733902,0.976057112,0.118642144
africa,pm25,BFA,0,Burkina Faso,10405,0.915828347,0.214348465,0.958225131,0.151193231
africa,pm25,BWA,0,Botswana,1525,0.857980728,0.267800838,0.910222054,0.212350190
africa,pm25,CAF,0,Central African Republic,2268,0.803205729,0.341662616,0.888612390,0.248327211
africa,pm25,CIV,0,Ivory Coast,8804,0.949077189,0.171999305,0.968398094,0.136440650
africa,pm25,CMR,0,Cameroon,8479,0.965916574,0.136570111,0.981540680,0.101098195
africa,pm25,COD,0,Democratic Republic of the Congo,32332,0.949968874,0.170775250,0.960189879,0.153736800
africa,pm25,DZA,0,Algeria,17952,0.966043949,0.125572503,0.977054179,0.101662628
africa,pm25,EGY,0,Egypt,27893,0.945518315,0.166651770,0.960031867,0.144469082
africa,pm25,ERI,0,Eritrea,1549,0.969079614,0.163056880,0.968308330,0.163557023
africa,pm25,ETH,0,Ethiopia,70982,0.951717377,0.161342666,0.961016238,0.146757528
africa,pm25,GHA,0,Ghana,10224,0.942541838,0.176970780,0.962646604,0.144325078
africa,pm25,GIN,0,Guinea,4647,0.906846762,0.228236049,0.939214349,0.178960785
africa,pm25,KEN,0,Kenya,36361,0.978919625,0.107091494,0.983514309,0.093039081
africa,pm25,LBR,0,Liberia,1711,0.859741032,0.295101076,0.886771917,0.274208903
africa,pm25,LBY,0,Libya,3540,0.941132307,0.173193529,0.971869409,0.112864517
africa,pm25,LSO,0,Lesotho,1516,0.696765900,0.470531434,0.765479267,0.417651385
africa,pm25,MAR,0,Morocco,13289,0.923854113,0.204629287,0.948886752,0.166532487
africa,pm25,MDG,0,Madagascar,14544,0.944430709,0.182287022,0.966066599,0.139610812
africa,pm25,MLI,0,Mali,9841,0.855551720,0.272317708,0.896409094,0.227008045
africa,pm25,MOZ,0,Mozambique,14040,0.945536017,0.169187129,0.968222618,0.132562622
africa,pm25,MRT,0,Mauritania,1487,0.598638654,0.417757511,0.665457368,0.406914532
africa,pm25,MWI,0,Malawi,17602,0.878630936,0.256213725,0.886743903,0.248430982
africa,pm25,NER,0,Niger,12952,0.969791234,0.125756770,0.991856635,0.065618545
africa,pm25,NGA,0,Nigeria,76039,0.983891189,0.094717041,0.992330253,0.065151982
africa,pm25,RWA,0,Rwanda,11996,0.898498356,0.227941200,0.935456872,0.178331926
africa,pm25,SDN,0,Sudan,15774,0.895166457,0.239618450,0.915586591,0.210362121
africa,pm25,SEN,0,Senegal,5597,0.829660416,0.316781402,0.876939952,0.263214350
africa,pm25,SLE,0,Sierra Leone,3100,0.859450936,0.278410226,0.905705392,0.227638885
africa,pm25,SOM,0,Somalia,2492,0.951727092,0.138794243,0.975241363,0.096618652
africa,pm25,SSD,0,South Sudan,3409,0.917831302,0.213987380,0.939902902,0.183342934
africa,pm25,TCD,0,Chad,7474,0.962193727,0.133703470,0.967010260,0.117249988
africa,pm25,TGO,0,Togo,3335,0.953435957,0.167868569,0.964751422,0.143769026
africa,pm25,TUN,0,Tunisia,4482,0.874696910,0.264778256,0.902246118,0.227217704
africa,pm25,TZA,0,United Republic of Tanzania,35850,0.965987086,0.133050159,0.977353215,0.108092695
africa,pm25,UGA,0,Uganda,44468,0.973019481,0.121039771,0.980821013,0.101764262
africa,pm25,ZAF,0,South Africa,25440,0.941022396,0.157334939,0.964721978,0.121611089
africa,pm25,ZMB,0,Zambia,6191,0.931351542,0.197875842,0.963677049,0.142978877
africa,pm25,ZWE,0,Zimbabwe,3718,0.937096655,0.197745562,0.972565651,0.129614055
africa,pm25,AGO,100,Angola,7172,0.941020429,0.177555442,0.970381975,0.124895163
africa,pm25,BDI,100,Burundi,11210,0.963050842,0.150664121,0.973666847,0.127888978
africa,pm25,BEN,100,Benin,5072,0.955723524,0.164096385,0.976196468,0.118218012
africa,pm25,BFA,100,Burkina Faso,10405,0.922054648,0.218608275,0.958286762,0.157439947
africa,pm25,BWA,100,Botswana,1525,0.874308050,0.258419961,0.895839870,0.232152060
africa,pm25,CAF,100,Central African Republic,2268,0.839093983,0.311661243,0.886516988,0.264411539
africa,pm25,CIV,100,Ivory Coast,8804,0.942746937,0.184238449,0.965465069,0.142468706
africa,pm25,CMR,100,Cameroon,8479,0.963215828,0.137516469,0.977122843,0.109681830
africa,pm25,COD,100,Democratic Republic of the Congo,32332,0.960359454,0.150045022,0.968890131,0.134121120
africa,pm25,DZA,100,Algeria,17952,0.968196154,0.122293942,0.976483583,0.105325833
africa,pm25,EGY,100,Egypt,27893,0.950815141,0.156660721,0.957885444,0.143761814
africa,pm25,ERI,100,Eritrea,1549,0.961970508,0.154482827,0.961468458,0.159229949
africa,pm25,ETH,100,Ethiopia,70982,0.949475765,0.165964574,0.959274888,0.150235042
africa,pm25,GHA,100,Ghana,10224,0.943609297,0.177401185,0.963907957,0.142192483
africa,pm25,GIN,100,Guinea,4647,0.897895694,0.237866655,0.940350235,0.181132540
africa,pm25,KEN,100,Kenya,36361,0.975847602,0.112098068,0.982456326,0.094280921
africa,pm25,LBR,100,Liberia,1711,0.859984398,0.294797778,0.885737002,0.260596097
africa,pm25,LBY,100,Libya,3540,0.933378696,0.166795790,0.972994268,0.104596585
africa,pm25,LSO,100,Lesotho,1516,0.697593331,0.414843559,0.728204012,0.383884877
africa,pm25,MAR,100,Morocco,13289,0.933026433,0.196909860,0.954085767,0.162637115
africa,pm25,MDG,100,Madagascar,14544,0.945157230,0.176545516,0.965151191,0.138979316
africa,pm25,MLI,100,Mali,9841,0.850035489,0.274369687,0.884680629,0.233014584
africa,pm25,MOZ,100,Mozambique,14040,0.949418128,0.165121853,0.970143557,0.125792265
africa,pm25,MRT,100,Mauritania,1487,0.562785983,0.443885356,0.714271426,0.367081553
africa,pm25,MWI,100,Malawi,17602,0.876343548,0.264937848,0.910644770,0.220440611
africa,pm25,NER,100,Niger,12952,0.971798241,0.128135502,0.992608845,0.066229522
africa,pm25,NGA,100,Nigeria,76039,0.983541489,0.093942501,0.991989315,0.065860480
africa,pm25,RWA,100,Rwanda,11996,0.903873324,0.238153994,0.943587720,0.179514602
africa,pm25,SDN,100,Sudan,15774,0.902307272,0.239320964,0.923630655,0.209057838
africa,pm25,SEN,100,Senegal,5597,0.836375833,0.307095468,0.877708614,0.253111959
africa,pm25,SLE,100,Sierra Leone,3100,0.893541515,0.238181025,0.915536404,0.212198019
africa,pm25,SOM,100,Somalia,2492,0.924342990,0.156175748,0.950648725,0.130123839
africa,pm25,SSD,100,South Sudan,3409,0.912757516,0.226498723,0.942492485,0.185291290
africa,pm25,TCD,100,Chad,7474,0.925868034,0.149692267,0.964799523,0.110049240
africa,pm25,TGO,100,Togo,3335,0.942238986,0.175538555,0.948261261,0.163853467
africa,pm25,TUN,100,Tunisia,4482,0.890029073,0.254379928,0.918275893,0.219736025
africa,pm25,TZA,100,United Republic of Tanzania,35850,0.962967694,0.140519664,0.977597535,0.108280003
africa,pm25,UGA,100,Uganda,44468,0.975119948,0.114853762,0.981226027,0.098945610
africa,pm25,ZAF,100,South Africa,25440,0.942661524,0.153575554,0.960643351,0.125384346
africa,pm25,ZMB,100,Zambia,6191,0.940086424,0.185909852,0.967505515,0.134718001
africa,pm25,ZWE,100,Zimbabwe,3718,0.936168194,0.195098594,0.967552960,0.142035514
africa,lst,AGO,42,Angola,10290,0.933941364,0.199979424,0.938513398,0.188407451
africa,lst,BDI,42,Burundi,16293,0.942281246,0.189755917,0.945864260,0.182890370
africa,lst,BEN,42,Benin,7211,0.901551962,0.244327918,0.922358632,0.218517929
africa,lst,BFA,42,Burkina Faso,14896,0.722722113,0.378043652,0.759581089,0.354635954
africa,lst,BWA,42,Botswana,2169,0.891622782,0.246063739,0.895870149,0.236310974
africa,lst,CAF,42,Central African Republic,3203,0.923611224,0.207042456,0.928134143,0.201528683
africa,lst,CIV,42,Ivory Coast,12546,0.885374129,0.261244029,0.897447526,0.250683099
africa,lst,CMR,42,Cameroon,12164,0.980158329,0.103233799,0.981321037,0.099999957
africa,lst,COD,42,Democratic Republic of the Congo,46846,0.938067496,0.187926516,0.942085624,0.180592880
africa,lst,DZA,42,Algeria,25582,0.961014211,0.153340518,0.960588574,0.151039109
africa,lst,EGY,42,Egypt,39875,0.935573220,0.170965672,0.939688265,0.164043441
africa,lst,ERI,42,Eritrea,2232,0.970804214,0.139358640,0.971532106,0.137497768
africa,lst,ETH,42,Ethiopia,102436,0.978813052,0.109682098,0.978322446,0.110298865
africa,lst,GHA,42,Ghana,14555,0.962565303,0.147400096,0.964315653,0.143186241
africa,lst,GIN,42,Guinea,6652,0.920379579,0.222840130,0.923250079,0.219633967
africa,lst,KEN,42,Kenya,52427,0.984043181,0.087005690,0.984244525,0.084991194
africa,lst,LBR,42,Liberia,2459,0.916700423,0.222456992,0.921144605,0.217994571
africa,lst,LBY,42,Libya,4906,0.914799929,0.225424647,0.934546709,0.196297869
africa,lst,LSO,42,Lesotho,2120,0.701894522,0.410809010,0.725981891,0.392165929
africa,lst,MAR,42,Morocco,18867,0.929551661,0.199880391,0.933541059,0.194735199
africa,lst,MDG,42,Madagascar,20730,0.966065943,0.139238089,0.969026387,0.133091748
africa,lst,MLI,42,Mali,14172,0.838958502,0.286375076,0.829225659,0.292269498
africa,lst,MOZ,42,Mozambique,20097,0.902828217,0.226682633,0.914759040,0.215190858
africa,lst,MRT,42,Mauritania,2144,0.838303268,0.312088042,0.857421041,0.298039049
africa,lst,MWI,42,Malawi,25438,0.929134667,0.197257876,0.935265779,0.187918767
africa,lst,NER,42,Niger,18954,0.831546605,0.290656388,0.853169441,0.267778665
africa,lst,NGA,42,Nigeria,109422,0.933395743,0.192254379,0.948192298,0.170125023
africa,lst,RWA,42,Rwanda,17382,0.970579028,0.132459402,0.972602665,0.126435503
africa,lst,SDN,42,Sudan,22728,0.821928799,0.301005483,0.836451054,0.288406044
africa,lst,SEN,42,Senegal,8048,0.908208072,0.218283981,0.923713386,0.200348571
africa,lst,SLE,42,Sierra Leone,4453,0.887571573,0.257774919,0.896469831,0.248115301
africa,lst,SOM,42,Somalia,3569,0.893117547,0.258114696,0.893063128,0.250768065
africa,lst,SSD,42,South Sudan,4791,0.950410008,0.157911345,0.956447363,0.148493007
africa,lst,TCD,42,Chad,10830,0.800266623,0.324035943,0.834261537,0.291886240
africa,lst,TGO,42,Togo,4725,0.946194530,0.174818009,0.953860462,0.162187964
africa,lst,TUN,42,Tunisia,6266,0.893742681,0.250950933,0.911087751,0.230111510
africa,lst,TZA,42,United Republic of Tanzania,52085,0.944271624,0.173777506,0.945785046,0.170674637
africa,lst,UGA,42,Uganda,64243,0.957167447,0.154363587,0.960246921,0.146397650
africa,lst,ZAF,42,South Africa,36669,0.943987608,0.177000493,0.948251128,0.169839740
africa,lst,ZMB,42,Zambia,8904,0.933950007,0.193065971,0.945598662,0.175138697
africa,lst,ZWE,42,Zimbabwe,5371,0.917498887,0.206677228,0.932963729,0.183628261
africa,lst,AGO,24,Angola,10290,0.902315736,0.223538697,0.915302515,0.206057072
africa,lst,BDI,24,Burundi,16293,0.936219990,0.185406819,0.938173413,0.183014989
africa,lst,BEN,24,Benin,7211,0.895700395,0.254078895,0.919571817,0.224605501
africa,lst,BFA,24,Burkina Faso,14896,0.747938871,0.374322325,0.772843003,0.355567545
africa,lst,BWA,24,Botswana,2169,0.900446475,0.246976659,0.920518279,0.218643501
africa,lst,CAF,24,Central African Republic,3203,0.913286805,0.225462809,0.925572157,0.209794641
africa,lst,CIV,24,Ivory Coast,12546,0.878638148,0.255869448,0.892296255,0.242368892
africa,lst,CMR,24,Cameroon,12164,0.979964256,0.104255214,0.982112169,0.099884570
africa,lst,COD,24,Democratic Republic of the Congo,46846,0.941505253,0.185937569,0.944566786,0.179818407
africa,lst,DZA,24,Algeria,25582,0.956752956,0.154619783,0.960583389,0.148025662
africa,lst,EGY,24,Egypt,39875,0.926327169,0.181381896,0.934150934,0.167998701
africa,lst,ERI,24,Eritrea,2232,0.960753202,0.141479671,0.960851014,0.139158860
africa,lst,ETH,24,Ethiopia,102436,0.978860855,0.109892704,0.979425430,0.109096445
africa,lst,GHA,24,Ghana,14555,0.960524082,0.148994237,0.964006066,0.142796516
africa,lst,GIN,24,Guinea,6652,0.910551965,0.228446394,0.920415878,0.215017319
africa,lst,KEN,24,Kenya,52427,0.982164681,0.091582857,0.982706487,0.089148201
africa,lst,LBR,24,Liberia,2459,0.913986981,0.225628749,0.906125307,0.239872381
africa,lst,LBY,24,Libya,4906,0.908176780,0.228383183,0.929492354,0.198583335
africa,lst,LSO,24,Lesotho,2120,0.775871098,0.411289841,0.776230156,0.405706406
africa,lst,MAR,24,Morocco,18867,0.929668307,0.202591166,0.935960352,0.191019237
africa,lst,MDG,24,Madagascar,20730,0.969122350,0.134142131,0.970745802,0.130189389
africa,lst,MLI,24,Mali,14172,0.824669957,0.303934395,0.835731864,0.284762353
africa,lst,MOZ,24,Mozambique,20097,0.909915030,0.229553968,0.920367122,0.213812336
africa,lst,MRT,24,Mauritania,2144,0.811752558,0.352613896,0.847529709,0.309645802
africa,lst,MWI,24,Malawi,25438,0.928100824,0.200324759,0.930958569,0.195838556
africa,lst,NER,24,Niger,18954,0.832824230,0.288476408,0.847892761,0.270111024
africa,lst,NGA,24,Nigeria,109422,0.942434371,0.181578889,0.949063480,0.170025036
africa,lst,RWA,24,Rwanda,17382,0.969308794,0.134034589,0.972533882,0.126016647
africa,lst,SDN,24,Sudan,22728,0.812891126,0.303572059,0.832589269,0.283592492
africa,lst,SEN,24,Senegal,8048,0.918329835,0.206620008,0.926671624,0.195939034
africa,lst,SLE,24,Sierra Leone,4453,0.891851962,0.250107408,0.896806717,0.244253874
africa,lst,SOM,24,Somalia,3569,0.891467094,0.247813910,0.897419989,0.232850447
africa,lst,SSD,24,South Sudan,4791,0.955747783,0.156551510,0.956693292,0.155123502
africa,lst,TCD,24,Chad,10830,0.818895817,0.311239749,0.832030177,0.290276259
africa,lst,TGO,24,Togo,4725,0.953137815,0.167231724,0.958684921,0.154810444
africa,lst,TUN,24,Tunisia,6266,0.907376409,0.235669345,0.925057948,0.212920338
africa,lst,TZA,24,United Republic of Tanzania,52085,0.945290029,0.177412555,0.949686170,0.169133157
africa,lst,UGA,24,Uganda,64243,0.955502927,0.157188416,0.959074736,0.149131581
africa,lst,ZAF,24,South Africa,36669,0.947148085,0.173304632,0.950167537,0.168734342
africa,lst,ZMB,24,Zambia,8904,0.930505037,0.193080187,0.938805044,0.179080188
africa,lst,ZWE,24,Zimbabwe,5371,0.930691659,0.203868195,0.948118448,0.175216585
africa,lst,AGO,7,Angola,10290,0.927224278,0.203552872,0.930304766,0.196768045
africa,lst,BDI,7,Burundi,16293,0.939987481,0.184510425,0.943635643,0.178346902
africa,lst,BEN,7,Benin,7211,0.902911425,0.234276205,0.915993571,0.219846964
africa,lst,BFA,7,Burkina Faso,14896,0.741847396,0.377069682,0.750132918,0.369059056
africa,lst,BWA,7,Botswana,2169,0.908202708,0.216086149,0.903334856,0.221369594
africa,lst,CAF,7,Central African Republic,3203,0.920798779,0.220867127,0.930508435,0.210149363
africa,lst,CIV,7,Ivory Coast,12546,0.883008122,0.253722608,0.896016359,0.244066194
africa,lst,CMR,7,Cameroon,12164,0.977783024,0.108504884,0.980648160,0.104269214
africa,lst,COD,7,Democratic Republic of the Congo,46846,0.939177454,0.188041821,0.942822933,0.181339025
africa,lst,DZA,7,Algeria,25582,0.960251510,0.154540792,0.963355184,0.147291079
africa,lst,EGY,7,Egypt,39875,0.930543780,0.172953978,0.939700305,0.162705570
africa,lst,ERI,7,Eritrea,2232,0.966987193,0.133063883,0.967962027,0.129792318
africa,lst,ETH,7,Ethiopia,102436,0.978842199,0.111218594,0.979633510,0.108462170
africa,lst,GHA,7,Ghana,14555,0.962893128,0.150732532,0.967683792,0.139068872
africa,lst,GIN,7,Guinea,6652,0.917588413,0.217883289,0.919303656,0.215097532
africa,lst,KEN,7,Kenya,52427,0.983771324,0.088854298,0.985137284,0.083516672
africa,lst,LBR,7,Liberia,2459,0.881859481,0.247845173,0.883472264,0.243008643
africa,lst,LBY,7,Libya,4906,0.908589125,0.228182390,0.934140742,0.192975640
africa,lst,LSO,7,Lesotho,2120,0.619341612,0.432237476,0.678325057,0.412536770
africa,lst,MAR,7,Morocco,18867,0.927936614,0.205995113,0.934837461,0.195466489
africa,lst,MDG,7,Madagascar,20730,0.969102263,0.128433570,0.970561922,0.127102017
africa,lst,MLI,7,Mali,14172,0.810984254,0.300373703,0.809330821,0.298825204
africa,lst,MOZ,7,Mozambique,20097,0.909733474,0.220575079,0.916177511,0.209588632
africa,lst,MRT,7,Mauritania,2144,0.823208869,0.328132242,0.837501287,0.318743676
africa,lst,MWI,7,Malawi,25438,0.920912027,0.202160060,0.925738335,0.197012931
africa,lst,NER,7,Niger,18954,0.808978438,0.300254852,0.845191658,0.267404795
africa,lst,NGA,7,Nigeria,109422,0.938574195,0.187069610,0.948032916,0.171101332
africa,lst,RWA,7,Rwanda,17382,0.968597829,0.133448392,0.972507715,0.125638932
africa,lst,SDN,7,Sudan,22728,0.815052867,0.312534630,0.840345800,0.290996492
africa,lst,SEN,7,Senegal,8048,0.916819811,0.211116105,0.926995635,0.199150026
africa,lst,SLE,7,Sierra Leone,4453,0.888897657,0.253949404,0.896678925,0.244511828
africa,lst,SOM,7,Somalia,3569,0.896335602,0.249614984,0.894092202,0.248066708
africa,lst,SSD,7,South Sudan,4791,0.949549735,0.165964335,0.950988293,0.163291842
africa,lst,TCD,7,Chad,10830,0.812411427,0.328490019,0.849772215,0.293007314
africa,lst,TGO,7,Togo,4725,0.941201150,0.187391594,0.953309834,0.164168581
africa,lst,TUN,7,Tunisia,6266,0.890426278,0.248196423,0.909908772,0.224531993
africa,lst,TZA,7,United Republic of Tanzania,52085,0.944982290,0.177067623,0.945316434,0.177231416
africa,lst,UGA,7,Uganda,64243,0.952521861,0.160074979,0.958917260,0.148328751
africa,lst,ZAF,7,South Africa,36669,0.942155719,0.182061568,0.950844228,0.165428951
africa,lst,ZMB,7,Zambia,8904,0.931709111,0.186887875,0.942986846,0.173842192
africa,lst,ZWE,7,Zimbabwe,5371,0.929338455,0.199870273,0.941649795,0.175747484
africa,lst,AGO,0,Angola,10290,0.920660853,0.208008572,0.936027586,0.185826570
africa,lst,BDI,0,Burundi,16293,0.940234780,0.186229527,0.943841994,0.180460513
africa,lst,BEN,0,Benin,7211,0.909453511,0.227522001,0.921593428,0.216719791
africa,lst,BFA,0,Burkina Faso,14896,0.745954752,0.366996080,0.775960624,0.341729522
africa,lst,BWA,0,Botswana,2169,0.912714541,0.211932227,0.924455225,0.198240742
africa,lst,CAF,0,Central African Republic,3203,0.906385303,0.221816823,0.923526406,0.199397892
africa,lst,CIV,0,Ivory Coast,12546,0.883800507,0.257846326,0.893689454,0.248826221
africa,lst,CMR,0,Cameroon,12164,0.980266750,0.104416162,0.980879426,0.103235051
africa,lst,COD,0,Democratic Republic of the Congo,46846,0.934986055,0.186533362,0.941223204,0.177794963
africa,lst,DZA,0,Algeria,25582,0.957560420,0.157742053,0.960548759,0.151252910
africa,lst,EGY,0,Egypt,39875,0.936036408,0.165880680,0.941217661,0.158933789
africa,lst,ERI,0,Eritrea,2232,0.966672242,0.136725068,0.963646591,0.138708949
africa,lst,ETH,0,Ethiopia,102436,0.978335619,0.110904880,0.978686988,0.109865345
africa,lst,GHA,0,Ghana,14555,0.958999872,0.152842328,0.963215888,0.144668251
africa,lst,GIN,0,Guinea,6652,0.920958161,0.220695898,0.919045091,0.224927291
africa,lst,KEN,0,Kenya,52427,0.985331118,0.085378408,0.984261990,0.087077312
africa,lst,LBR,0,Liberia,2459,0.906018198,0.230486363,0.905108392,0.233344555
africa,lst,LBY,0,Libya,4906,0.895614624,0.243364513,0.923556685,0.206807762
africa,lst,LSO,0,Lesotho,2120,0.639339328,0.439906150,0.660464823,0.418503106
africa,lst,MAR,0,Morocco,18867,0.928003252,0.208018169,0.934483469,0.196287513
africa,lst,MDG,0,Madagascar,20730,0.967747211,0.131117865,0.968885899,0.130215511
africa,lst,MLI,0,Mali,14172,0.824039698,0.307913333,0.830769718,0.296410352
africa,lst,MOZ,0,Mozambique,20097,0.914449215,0.214034691,0.918763638,0.202287987
africa,lst,MRT,0,Mauritania,2144,0.784578681,0.311085641,0.786226153,0.313275307
africa,lst,MWI,0,Malawi,25438,0.929528713,0.195041329,0.934577823,0.190246731
africa,lst,NER,0,Niger,18954,0.832769692,0.292324364,0.843996525,0.281251222
africa,lst,NGA,0,Nigeria,109422,0.936605811,0.186744228,0.944902837,0.173165560
africa,lst,RWA,0,Rwanda,17382,0.971612394,0.127178892,0.974650741,0.119298801
africa,lst,SDN,0,Sudan,22728,0.801159680,0.304817438,0.828806579,0.282827616
africa,lst,SEN,0,Senegal,8048,0.917739868,0.205444425,0.923434973,0.196564347
africa,lst,SLE,0,Sierra Leone,4453,0.897032022,0.250368923,0.897742093,0.249934837
africa,lst,SOM,0,Somalia,3569,0.848685563,0.300891399,0.885858417,0.254337549
africa,lst,SSD,0,South Sudan,4791,0.951929986,0.158573359,0.955755115,0.152702644
africa,lst,TCD,0,Chad,10830,0.813084245,0.306564927,0.853757918,0.269790262
africa,lst,TGO,0,Togo,4725,0.943014085,0.183775082,0.945389628,0.176605165
africa,lst,TUN,0,Tunisia,6266,0.896951318,0.239968196,0.906690061,0.227517217
africa,lst,TZA,0,United Republic of Tanzania,52085,0.944953620,0.173280239,0.945170403,0.171935275
africa,lst,UGA,0,Uganda,64243,0.952682972,0.159848288,0.958158970,0.150044337
africa,lst,ZAF,0,South Africa,36669,0.947485507,0.172411278,0.949022114,0.168859065
africa,lst,ZMB,0,Zambia,8904,0.933622479,0.193491787,0.947362125,0.174759179
africa,lst,ZWE,0,Zimbabwe,5371,0.923191786,0.210944697,0.931979120,0.195201144
africa,lst,AGO,100,Angola,10290,0.916764438,0.203050181,0.922832370,0.192243993
africa,lst,BDI,100,Burundi,16293,0.940155149,0.183273897,0.941385388,0.180636987
africa,lst,BEN,100,Benin,7211,0.903172255,0.233127043,0.917917252,0.216925144
africa,lst,BFA,100,Burkina Faso,14896,0.730990052,0.371061802,0.757875443,0.351658493
africa,lst,BWA,100,Botswana,2169,0.915046394,0.223063290,0.917783320,0.216235265
africa,lst,CAF,100,Central African Republic,3203,0.918091178,0.218256176,0.924991369,0.210337102
africa,lst,CIV,100,Ivory Coast,12546,0.875505984,0.254528940,0.890024424,0.243022576
africa,lst,CMR,100,Cameroon,12164,0.977023005,0.109824337,0.978482842,0.105477661
africa,lst,COD,100,Democratic Republic of the Congo,46846,0.935620904,0.196158379,0.943582356,0.183650687
africa,lst,DZA,100,Algeria,25582,0.956807911,0.159225553,0.959511638,0.154463068
africa,lst,EGY,100,Egypt,39875,0.934276342,0.171774909,0.940037787,0.164123312
africa,lst,ERI,100,Eritrea,2232,0.954567075,0.146419078,0.961531281,0.137151733
africa,lst,ETH,100,Ethiopia,102436,0.977849364,0.112910263,0.979556322,0.107570283
africa,lst,GHA,100,Ghana,14555,0.958925664,0.156146914,0.966636539,0.140944600
africa,lst,GIN,100,Guinea,6652,0.923996687,0.218234926,0.929133236,0.211355418
africa,lst,KEN,100,Kenya,52427,0.984750390,0.088023305,0.984118760,0.088376991
africa,lst,LBR,100,Liberia,2459,0.891659200,0.247328877,0.908977151,0.229161412
africa,lst,LBY,100,Libya,4906,0.907926440,0.226478726,0.926933944,0.200894862
africa,lst,LSO,100,Lesotho,2120,0.680586457,0.438709825,0.719714522,0.409765899
africa,lst,MAR,100,Morocco,18867,0.924452484,0.213017687,0.936691225,0.192843571
africa,lst,MDG,100,Madagascar,20730,0.970375657,0.128905639,0.972399175,0.125655189
africa,lst,MLI,100,Mali,14172,0.820645154,0.314493895,0.845383525,0.289101779
africa,lst,MOZ,100,Mozambique,20097,0.905952275,0.224435776,0.915758789,0.208646640
africa,lst,MRT,100,Mauritania,2144,0.820373237,0.317791283,0.852119982,0.293510556
africa,lst,MWI,100,Malawi,25438,0.918330610,0.202265814,0.926851153,0.192885697
africa,lst,NER,100,Niger,18954,0.820280254,0.295887142,0.834030747,0.275582701
africa,lst,NGA,100,Nigeria,109422,0.939807713,0.183412135,0.948400438,0.168070301
africa,lst,RWA,100,Rwanda,17382,0.968227327,0.131404281,0.970482647,0.125491083
africa,lst,SDN,100,Sudan,22728,0.819838047,0.298667789,0.842226624,0.278112799
africa,lst,SEN,100,Senegal,8048,0.901411772,0.223330885,0.915018618,0.208146334
africa,lst,SLE,100,Sierra Leone,4453,0.891050518,0.255021483,0.896028638,0.248973995
africa,lst,SOM,100,Somalia,3569,0.856215119,0.280504107,0.871410012,0.260361940
africa,lst,SSD,100,South Sudan,4791,0.952497959,0.162933335,0.958650589,0.154219314
africa,lst,TCD,100,Chad,10830,0.813243508,0.315365702,0.846444845,0.283743113
africa,lst,TGO,100,Togo,4725,0.944714069,0.180069610,0.954630733,0.160561368
africa,lst,TUN,100,Tunisia,6266,0.889070630,0.252567261,0.903369606,0.233606264
africa,lst,TZA,100,United Republic of Tanzania,52085,0.946308076,0.173457682,0.946025968,0.174302205
africa,lst,UGA,100,Uganda,64243,0.954064548,0.154107749,0.956786394,0.147609457
africa,lst,ZAF,100,South Africa,36669,0.948324263,0.170279533,0.950631678,0.167713970
africa,lst,ZMB,100,Zambia,8904,0.923829317,0.198978886,0.940655172,0.176914543
africa,lst,ZWE,100,Zimbabwe,5371,0.928873897,0.207961574,0.941808224,0.184184447
us,gdp,USA,42,United States of America,324854,0.841389835,0.197268352,0.881244123,0.181476504
us,gdp,USA,24,United States of America,324854,0.829667866,0.193369806,0.869763553,0.177316561
us,gdp,USA,7,United States of America,324854,0.835174441,0.192721441,0.867471218,0.176718414
us,gdp,USA,0,United States of America,324854,0.838314652,0.196619973,0.879993141,0.172730088
us,gdp,USA,100,United States of America,324854,0.839037061,0.191130847,0.875740945,0.171044305
us,pop,USA,42,United States of America,31734459,0.708325982,0.258864254,0.730379820,0.249284416
us,pop,USA,24,United States of America,31734459,0.735803068,0.252398342,0.746770203,0.248376101
us,pop,USA,7,United States of America,31734459,0.722402453,0.255555421,0.737575769,0.248444885
us,pop,USA,0,United States of America,31734459,0.698925018,0.261368394,0.737360597,0.244476065
us,pop,USA,100,United States of America,31734459,0.721061707,0.253329217,0.741525650,0.245133191
us,ntl,USA,42,United States of America,1299753,0.711037755,0.273544818,0.727845252,0.263272047
us,ntl,USA,24,United States of America,1299753,0.735522151,0.274731249,0.744148850,0.266087741
us,ntl,USA,7,United States of America,1299753,0.540804505,0.282624990,0.570515871,0.285241097
us,ntl,USA,0,United States of America,1299753,0.656681061,0.296109796,0.613530040,0.335224271
us,ntl,USA,100,United States of America,1299753,0.716033578,0.274208933,0.716674507,0.266508281
us,pm25,USA,42,United States of America,225064,0.889662445,0.241191119,0.910544336,0.219765812
us,pm25,USA,24,United States of America,225064,0.887096345,0.248666391,0.912321687,0.219898358
us,pm25,USA,7,United States of America,225064,0.892538786,0.244658425,0.912682176,0.220850766
us,pm25,USA,0,United States of America,225064,0.887311876,0.249594182,0.913536072,0.218540564
us,pm25,USA,100,United States of America,225064,0.886950135,0.248261005,0.910290718,0.221833915
us,lst,USA,42,United States of America,323004,0.967769742,0.136754096,0.969338179,0.133451551
us,lst,USA,24,United States of America,323004,0.967144608,0.138600916,0.969729662,0.133665353
us,lst,USA,7,United States of America,323004,0.967729986,0.137265578,0.969574511,0.133589357
us,lst,USA,0,United States of America,323004,0.968544543,0.136348650,0.970404446,0.132909939
us,lst,USA,100,United States of America,323004,0.966252208,0.140065983,0.969162285,0.134125724
oceania,gdp,AUS,42,Australia,20885,0.779343307,0.261213243,0.845902443,0.219078183
oceania,gdp,NZL,42,New Zealand,4065,0.869445384,0.210387528,0.884524286,0.201217011
oceania,gdp,PNG,42,Papua New Guinea,8113,0.876907229,0.175412372,0.911633432,0.159632370
oceania,gdp,AUS,24,Australia,20885,0.755936742,0.245336443,0.828581989,0.209184438
oceania,gdp,NZL,24,New Zealand,4065,0.847440481,0.249250948,0.899022639,0.193838775
oceania,gdp,PNG,24,Papua New Guinea,8113,0.701379001,0.146780744,0.732573628,0.163387612
oceania,gdp,AUS,7,Australia,20885,0.800707102,0.237064019,0.838306904,0.208365068
oceania,gdp,NZL,7,New Zealand,4065,0.855336308,0.222324133,0.861826599,0.220072225
oceania,gdp,PNG,7,Papua New Guinea,8113,0.839480996,0.149514362,0.845537007,0.150180489
oceania,gdp,AUS,0,Australia,20885,0.782125115,0.250372291,0.849454224,0.211554095
oceania,gdp,NZL,0,New Zealand,4065,0.801923990,0.260972589,0.875057697,0.215235740
oceania,gdp,PNG,0,Papua New Guinea,8113,0.796378732,0.145549044,0.796948195,0.151158139
oceania,gdp,AUS,100,Australia,20885,0.785491228,0.237957433,0.835157871,0.206700370
oceania,gdp,NZL,100,New Zealand,4065,0.855808377,0.231964409,0.899842143,0.198577657
oceania,gdp,PNG,100,Papua New Guinea,8113,0.799104452,0.176883921,0.875083745,0.165116847
oceania,pop,AUS,42,Australia,1978759,0.538730383,0.310895711,0.555988789,0.314116120
oceania,pop,NZL,42,New Zealand,368594,0.692563415,0.295421690,0.697918773,0.296869218
oceania,pop,PNG,42,Papua New Guinea,767052,0.649647236,0.284826815,0.657217145,0.279900521
oceania,pop,AUS,24,Australia,1978759,0.558290839,0.303455979,0.572351575,0.306160063
oceania,pop,NZL,24,New Zealand,368594,0.649855614,0.312353462,0.649317145,0.310108960
oceania,pop,PNG,24,Papua New Guinea,767052,0.630807161,0.349030107,0.644599020,0.343311965
oceania,pop,AUS,7,Australia,1978759,0.614694953,0.292681217,0.614980817,0.297186196
oceania,pop,NZL,7,New Zealand,368594,0.697598577,0.296599746,0.704243422,0.295881867
oceania,pop,PNG,7,Papua New Guinea,767052,0.667944908,0.323468894,0.681531906,0.316081256
oceania,pop,AUS,0,Australia,1978759,0.552660227,0.304541677,0.562514126,0.300089329
oceania,pop,NZL,0,New Zealand,368594,0.693197608,0.290585965,0.707300067,0.284686297
oceania,pop,PNG,0,Papua New Guinea,767052,0.585272551,0.348696411,0.606594801,0.344226152
oceania,pop,AUS,100,Australia,1978759,0.547486186,0.310420066,0.550095081,0.305851281
oceania,pop,NZL,100,New Zealand,368594,0.703519106,0.294320732,0.725438058,0.288629323
oceania,pop,PNG,100,Papua New Guinea,767052,0.593867600,0.305578500,0.591372609,0.306199491
oceania,ntl,AUS,42,Australia,83560,0.711015880,0.292612970,0.732758760,0.295941412
oceania,ntl,NZL,42,New Zealand,16273,0.745743036,0.329066306,0.776252627,0.303724885
oceania,ntl,PNG,42,Papua New Guinea,32631,0.616887927,0.116515368,0.677909553,0.123792015
oceania,ntl,AUS,24,Australia,83560,0.716214418,0.301146835,0.727086067,0.296227574
oceania,ntl,NZL,24,New Zealand,16273,0.667422414,0.299147815,0.689944386,0.280878574
oceania,ntl,PNG,24,Papua New Guinea,32631,0.285506070,0.195352703,0.369695842,0.174714550
oceania,ntl,AUS,7,Australia,83560,0.734889746,0.303367555,0.746745229,0.292485952
oceania,ntl,NZL,7,New Zealand,16273,0.724213243,0.301449656,0.752156496,0.290185899
oceania,ntl,PNG,7,Papua New Guinea,32631,0.560227692,0.135765001,0.551256180,0.110604741
oceania,ntl,AUS,0,Australia,83560,0.719870925,0.319274694,0.722949862,0.319066793
oceania,ntl,NZL,0,New Zealand,16273,0.704340935,0.297801167,0.744717956,0.278122127
oceania,ntl,PNG,0,Papua New Guinea,32631,0.373636305,0.163184628,0.468836129,0.164754003
oceania,ntl,AUS,100,Australia,83560,0.730078697,0.304152250,0.747122049,0.290924489
oceania,ntl,NZL,100,New Zealand,16273,0.747028351,0.277089328,0.757016957,0.275379896
oceania,ntl,PNG,100,Papua New Guinea,32631,0.305249691,0.174820140,0.402934194,0.156892598
oceania,pm25,AUS,42,Australia,14311,0.908344388,0.220524862,0.921468735,0.200096920
oceania,pm25,NZL,42,New Zealand,2737,0.909861147,0.232846946,0.939381540,0.194212466
oceania,pm25,PNG,42,Papua New Guinea,5618,0.938001156,0.185201734,0.956019878,0.154951200
oceania,pm25,AUS,24,Australia,14311,0.908194184,0.228623062,0.925972044,0.203768924
oceania,pm25,NZL,24,New Zealand,2737,0.888958752,0.259629905,0.919820309,0.215960801
oceania,pm25,PNG,24,Papua New Guinea,5618,0.931752622,0.192744195,0.954027295,0.154237390
oceania,pm25,AUS,7,Australia,14311,0.906693637,0.226310462,0.926276922,0.201549560
oceania,pm25,NZL,7,New Zealand,2737,0.890741646,0.239818648,0.895967126,0.239782482
oceania,pm25,PNG,7,Papua New Guinea,5618,0.925903201,0.197716221,0.955190122,0.154784918
oceania,pm25,AUS,0,Australia,14311,0.904119253,0.222460747,0.921278536,0.200670362
oceania,pm25,NZL,0,New Zealand,2737,0.913219452,0.228016719,0.940520406,0.187111020
oceania,pm25,PNG,0,Papua New Guinea,5618,0.930314660,0.191586018,0.952687860,0.155660555
oceania,pm25,AUS,100,Australia,14311,0.904829383,0.226986632,0.920322180,0.202153683
oceania,pm25,NZL,100,New Zealand,2737,0.888671100,0.244532809,0.921744585,0.205665514
oceania,pm25,PNG,100,Papua New Guinea,5618,0.929650545,0.195241660,0.938425720,0.180299953
oceania,lst,AUS,42,Australia,19931,0.951819718,0.162669346,0.960260987,0.146223128
oceania,lst,NZL,42,New Zealand,3781,0.921216846,0.217446700,0.943270802,0.181671366
oceania,lst,PNG,42,Papua New Guinea,7642,0.968222857,0.131503597,0.968442440,0.130490750
oceania,lst,AUS,24,Australia,19931,0.959146798,0.158985645,0.965663552,0.144605905
oceania,lst,NZL,24,New Zealand,3781,0.922916651,0.221829519,0.937704146,0.193029821
oceania,lst,PNG,24,Papua New Guinea,7642,0.973836422,0.122758523,0.973503530,0.123424813
oceania,lst,AUS,7,Australia,19931,0.957390130,0.160089731,0.962904513,0.151455760
oceania,lst,NZL,7,New Zealand,3781,0.922402143,0.217009231,0.943741500,0.184258968
oceania,lst,PNG,7,Papua New Guinea,7642,0.974067211,0.120815270,0.973354280,0.123685010
oceania,lst,AUS,0,Australia,19931,0.957978368,0.159138128,0.965954065,0.142220020
oceania,lst,NZL,0,New Zealand,3781,0.924377620,0.217870012,0.944484472,0.180711880
oceania,lst,PNG,0,Papua New Guinea,7642,0.971908510,0.128741741,0.974438250,0.123269357
oceania,lst,AUS,100,Australia,19931,0.961187363,0.156668171,0.966675222,0.145342574
oceania,lst,NZL,100,New Zealand,3781,0.928531170,0.220031619,0.939566195,0.195485786
oceania,lst,PNG,100,Papua New Guinea,7642,0.971611321,0.124194309,0.973225474,0.123112403
canada_north_america_other,gdp,CAN,42,Canada,31800,0.794691980,0.235397443,0.837945104,0.207961008
canada_north_america_other,gdp,CAN,24,Canada,31800,0.794964314,0.243116990,0.856384754,0.205268338
canada_north_america_other,gdp,CAN,7,Canada,31800,0.786708236,0.238703385,0.842550933,0.207825944
canada_north_america_other,gdp,CAN,0,Canada,31800,0.804796457,0.251139253,0.854002416,0.211413443
canada_north_america_other,gdp,CAN,100,Canada,31800,0.804671347,0.244460225,0.854801178,0.212586835
canada_north_america_other,pop,CAN,42,Canada,2954932,0.871804118,0.237951845,0.874446392,0.235858157
canada_north_america_other,pop,CAN,24,Canada,2954932,0.865374863,0.239727765,0.865414143,0.239762127
canada_north_america_other,pop,CAN,7,Canada,2954932,0.869676471,0.230295032,0.870124996,0.228599459
canada_north_america_other,pop,CAN,0,Canada,2954932,0.865290046,0.236785367,0.869928598,0.231856033
canada_north_america_other,pop,CAN,100,Canada,2954932,0.861956835,0.236016288,0.869016469,0.229343876
canada_north_america_other,ntl,CAN,42,Canada,127021,0.738684654,0.318984270,0.758005023,0.322478086
canada_north_america_other,ntl,CAN,24,Canada,127021,0.713505745,0.298923731,0.760731220,0.291359872
canada_north_america_other,ntl,CAN,7,Canada,127021,0.770673513,0.291684449,0.781034052,0.288819134
canada_north_america_other,ntl,CAN,0,Canada,127021,0.672772169,0.300999522,0.720870793,0.302169144
canada_north_america_other,ntl,CAN,100,Canada,127021,0.737275958,0.287961721,0.764272392,0.274387389
canada_north_america_other,pm25,CAN,42,Canada,21865,0.916100621,0.215743199,0.946104765,0.169448033
canada_north_america_other,pm25,CAN,24,Canada,21865,0.914897859,0.217719868,0.944437802,0.174020484
canada_north_america_other,pm25,CAN,7,Canada,21865,0.905419707,0.230585575,0.946564078,0.171046779
canada_north_america_other,pm25,CAN,0,Canada,21865,0.917157471,0.214350611,0.949930191,0.164950892
canada_north_america_other,pm25,CAN,100,Canada,21865,0.909898818,0.223487854,0.946254194,0.172503725
canada_north_america_other,lst,CAN,42,Canada,31327,0.911753893,0.229153708,0.922649622,0.213526964
canada_north_america_other,lst,CAN,24,Canada,31327,0.903256655,0.229010195,0.913937151,0.214674696
canada_north_america_other,lst,CAN,7,Canada,31327,0.913591206,0.233064160,0.925829053,0.212648451
canada_north_america_other,lst,CAN,0,Canada,31327,0.919633627,0.218027741,0.925571084,0.209593713
canada_north_america_other,lst,CAN,100,Canada,31327,0.913667321,0.225296482,0.922473669,0.213273525
southern_asia,gdp,AFG,42,Afghanistan,24608,0.734356880,0.176225632,0.756643414,0.162715659
southern_asia,gdp,BGD,42,Bangladesh,120505,0.807550609,0.111210294,0.850771785,0.118383355
southern_asia,gdp,IND,42,India,1053886,0.717183113,0.108313337,0.794896364,0.092417307
southern_asia,gdp,IRN,42,Iran,37407,0.472694218,0.212054282,0.555162489,0.206981242
southern_asia,gdp,LKA,42,Sri Lanka,21207,0.774267673,0.143573090,0.865586042,0.139943287
southern_asia,gdp,NPL,42,Nepal,31748,0.587833822,0.141973853,0.639850557,0.139852434
southern_asia,gdp,PAK,42,Pakistan,181998,0.921122491,0.102603480,0.947302759,0.085917547
southern_asia,gdp,AFG,24,Afghanistan,24608,0.751358032,0.194918528,0.775986791,0.182884201
southern_asia,gdp,BGD,24,Bangladesh,120505,0.828275025,0.110366963,0.849449992,0.101570480
southern_asia,gdp,IND,24,India,1053886,0.727176368,0.104404226,0.829471886,0.086170398
southern_asia,gdp,IRN,24,Iran,37407,0.380270541,0.267718256,0.444377422,0.255559653
southern_asia,gdp,LKA,24,Sri Lanka,21207,0.677720308,0.190550670,0.840610385,0.138911158
southern_asia,gdp,NPL,24,Nepal,31748,0.738854647,0.161635429,0.765142083,0.152516842
southern_asia,gdp,PAK,24,Pakistan,181998,0.908013225,0.094741464,0.920623779,0.086028092
southern_asia,gdp,AFG,7,Afghanistan,24608,0.805821896,0.176297665,0.838156581,0.163905933
southern_asia,gdp,BGD,7,Bangladesh,120505,0.760367751,0.125404269,0.783193350,0.111566186
southern_asia,gdp,IND,7,India,1053886,0.638678074,0.110113487,0.819635689,0.093985364
southern_asia,gdp,IRN,7,Iran,37407,0.324135303,0.264531970,0.372149587,0.245631337
southern_asia,gdp,LKA,7,Sri Lanka,21207,0.757649422,0.154705361,0.833361506,0.142324641
southern_asia,gdp,NPL,7,Nepal,31748,0.738196254,0.161953002,0.780574620,0.147627518
southern_asia,gdp,PAK,7,Pakistan,181998,0.921664178,0.097485669,0.933951020,0.087423280
southern_asia,gdp,AFG,0,Afghanistan,24608,0.818544388,0.182636634,0.841214955,0.166106954
southern_asia,gdp,BGD,0,Bangladesh,120505,0.778043568,0.136161327,0.804171741,0.112740740
southern_asia,gdp,IND,0,India,1053886,0.715319037,0.102650829,0.849495053,0.089175612
southern_asia,gdp,IRN,0,Iran,37407,0.507201672,0.213608682,0.502135575,0.201376468
southern_asia,gdp,LKA,0,Sri Lanka,21207,0.831525087,0.146026582,0.850206733,0.134829476
southern_asia,gdp,NPL,0,Nepal,31748,0.807630181,0.147366375,0.845816731,0.137524948
southern_asia,gdp,PAK,0,Pakistan,181998,0.910222530,0.099500947,0.942841530,0.082421809
southern_asia,gdp,AFG,100,Afghanistan,24608,0.805015326,0.186999753,0.818818450,0.169147611
southern_asia,gdp,BGD,100,Bangladesh,120505,0.759852529,0.123617254,0.800903440,0.106588028
southern_asia,gdp,IND,100,India,1053886,0.753956437,0.106207892,0.833979487,0.089410849
southern_asia,gdp,IRN,100,Iran,37407,0.547829270,0.230679333,0.613861322,0.215668544
southern_asia,gdp,LKA,100,Sri Lanka,21207,0.778051794,0.160376713,0.869313955,0.132052571
southern_asia,gdp,NPL,100,Nepal,31748,0.626390398,0.182548642,0.664222240,0.172350034
southern_asia,gdp,PAK,100,Pakistan,181998,0.913555622,0.094997182,0.936627626,0.084400162
southern_asia,pop,AFG,42,Afghanistan,2447814,0.849299133,0.165112451,0.866561949,0.154597715
southern_asia,pop,BGD,42,Bangladesh,11694404,0.843835890,0.223199263,0.848455548,0.220454365
southern_asia,pop,IND,42,India,104609472,0.813074350,0.247981265,0.829645634,0.243885934
southern_asia,pop,IRN,42,Iran,3696662,0.848643124,0.215052515,0.854456782,0.206840113
southern_asia,pop,LKA,42,Sri Lanka,2082535,0.574232399,0.250693470,0.577933311,0.253098369
southern_asia,pop,NPL,42,Nepal,3156381,0.866977274,0.196281940,0.868559122,0.196495593
southern_asia,pop,PAK,42,Pakistan,18106851,0.706471920,0.122819662,0.734382629,0.108583599
southern_asia,pop,AFG,24,Afghanistan,2447814,0.870786309,0.174336016,0.888965130,0.164764270
southern_asia,pop,BGD,24,Bangladesh,11694404,0.838192225,0.220617026,0.839006960,0.221258521
southern_asia,pop,IND,24,India,104609472,0.816774428,0.254854411,0.840357304,0.243470296
southern_asia,pop,IRN,24,Iran,3696662,0.850828767,0.212954909,0.859399319,0.203212872
southern_asia,pop,LKA,24,Sri Lanka,2082535,0.615743876,0.249536231,0.609544098,0.249606788
southern_asia,pop,NPL,24,Nepal,3156381,0.874005437,0.197270587,0.874025583,0.196967676
southern_asia,pop,PAK,24,Pakistan,18106851,0.357288778,0.125328943,0.398802280,0.117067620
southern_asia,pop,AFG,7,Afghanistan,2447814,0.879248500,0.164934397,0.881789804,0.163331389
southern_asia,pop,BGD,7,Bangladesh,11694404,0.838848829,0.225317329,0.843147695,0.216899917
southern_asia,pop,IND,7,India,104609472,0.806660175,0.254257560,0.836136103,0.244555146
southern_asia,pop,IRN,7,Iran,3696662,0.856151640,0.211204931,0.865264058,0.204803616
southern_asia,pop,LKA,7,Sri Lanka,2082535,0.640838623,0.223000020,0.644769192,0.227259055
southern_asia,pop,NPL,7,Nepal,3156381,0.872287810,0.200854331,0.874277890,0.200475052
southern_asia,pop,PAK,7,Pakistan,18106851,0.481817245,0.120118923,0.568959355,0.114024393
southern_asia,pop,AFG,0,Afghanistan,2447814,0.844605446,0.179408729,0.869676590,0.163860485
southern_asia,pop,BGD,0,Bangladesh,11694404,0.835211217,0.219027385,0.839081228,0.218447074
southern_asia,pop,IND,0,India,104609472,0.818028390,0.251961797,0.840047121,0.243670195
southern_asia,pop,IRN,0,Iran,3696662,0.854519248,0.222071379,0.864518940,0.211842954
southern_asia,pop,LKA,0,Sri Lanka,2082535,0.650673747,0.240335941,0.636182964,0.249178708
southern_asia,pop,NPL,0,Nepal,3156381,0.858549953,0.195735708,0.861685812,0.197287589
southern_asia,pop,PAK,0,Pakistan,18106851,0.600000679,0.117748886,0.677918315,0.113149315
southern_asia,pop,AFG,100,Afghanistan,2447814,0.857600868,0.166959077,0.870851874,0.158361390
southern_asia,pop,BGD,100,Bangladesh,11694404,0.845151186,0.219622716,0.851387680,0.215895087
southern_asia,pop,IND,100,India,104609472,0.805672646,0.254624963,0.838940978,0.241251320
southern_asia,pop,IRN,100,Iran,3696662,0.852365732,0.211075410,0.858707726,0.202931359
southern_asia,pop,LKA,100,Sri Lanka,2082535,0.632097125,0.237018585,0.617094159,0.244141921
southern_asia,pop,NPL,100,Nepal,3156381,0.858108461,0.196320787,0.858326435,0.193477452
southern_asia,pop,PAK,100,Pakistan,18106851,0.246076822,0.148292288,0.332286537,0.131381258
southern_asia,ntl,AFG,42,Afghanistan,98202,0.833367825,0.181762174,0.850504637,0.164090976
southern_asia,ntl,BGD,42,Bangladesh,482219,0.747214079,0.253964812,0.777434826,0.233205691
southern_asia,ntl,IND,42,India,4217215,0.753744125,0.189754531,0.775797784,0.183306947
southern_asia,ntl,IRN,42,Iran,149288,0.500735044,0.109524526,0.406741619,0.097374745
southern_asia,ntl,LKA,42,Sri Lanka,84980,0.716020644,0.227349907,0.793519557,0.188447461
southern_asia,ntl,NPL,42,Nepal,126596,0.824051738,0.223933771,0.857813716,0.213038996
southern_asia,ntl,PAK,42,Pakistan,727911,0.785711646,0.166344136,0.785007834,0.153890789
southern_asia,ntl,AFG,24,Afghanistan,98202,0.815866709,0.191884547,0.840886414,0.170353204
southern_asia,ntl,BGD,24,Bangladesh,482219,0.746080399,0.248455495,0.800773084,0.217265889
southern_asia,ntl,IND,24,India,4217215,0.745828032,0.185664937,0.768445373,0.183289394
southern_asia,ntl,IRN,24,Iran,149288,0.278181851,0.091774441,0.241969109,0.091614664
southern_asia,ntl,LKA,24,Sri Lanka,84980,0.795311928,0.191876382,0.818466187,0.185869724
southern_asia,ntl,NPL,24,Nepal,126596,0.816908538,0.245871857,0.843291163,0.230874032
southern_asia,ntl,PAK,24,Pakistan,727911,0.692761302,0.160005271,0.713958144,0.147944555
southern_asia,ntl,AFG,7,Afghanistan,98202,0.795615911,0.190296441,0.840738595,0.165200531
southern_asia,ntl,BGD,7,Bangladesh,482219,0.753295183,0.236402288,0.792012870,0.231482878
southern_asia,ntl,IND,7,India,4217215,0.780748248,0.182364702,0.797520995,0.178797424
southern_asia,ntl,IRN,7,Iran,149288,0.347795904,0.163448200,0.448356032,0.135284305
southern_asia,ntl,LKA,7,Sri Lanka,84980,0.679189086,0.200111836,0.714244127,0.193698928
southern_asia,ntl,NPL,7,Nepal,126596,0.855856538,0.227758825,0.861977756,0.224521488
southern_asia,ntl,PAK,7,Pakistan,727911,0.579205155,0.167880923,0.611260891,0.153766155
southern_asia,ntl,AFG,0,Afghanistan,98202,0.806192398,0.179132596,0.835129261,0.157682389
southern_asia,ntl,BGD,0,Bangladesh,482219,0.698422074,0.236281723,0.745749116,0.232993424
southern_asia,ntl,IND,0,India,4217215,0.796951532,0.184816673,0.818079293,0.174765810
southern_asia,ntl,IRN,0,Iran,149288,0.096510649,0.136504695,0.413842916,0.113230713
southern_asia,ntl,LKA,0,Sri Lanka,84980,0.835658908,0.192548186,0.840707541,0.184020370
southern_asia,ntl,NPL,0,Nepal,126596,0.820022225,0.233551040,0.862581611,0.213946626
southern_asia,ntl,PAK,0,Pakistan,727911,0.702673554,0.167106077,0.740958512,0.155181721
southern_asia,ntl,AFG,100,Afghanistan,98202,0.814174533,0.189795360,0.840975881,0.172628209
southern_asia,ntl,BGD,100,Bangladesh,482219,0.733759284,0.237574637,0.772249579,0.221914023
southern_asia,ntl,IND,100,India,4217215,0.750469625,0.185989842,0.773179293,0.177514479
southern_asia,ntl,IRN,100,Iran,149288,-0.038524389,0.100578882,-0.007583499,0.089053251
southern_asia,ntl,LKA,100,Sri Lanka,84980,0.762212038,0.210313499,0.745072603,0.203591213
southern_asia,ntl,NPL,100,Nepal,126596,0.842168868,0.218791083,0.851087928,0.213692799
southern_asia,ntl,PAK,100,Pakistan,727911,0.644363284,0.176020235,0.650342822,0.159254372
southern_asia,pm25,AFG,42,Afghanistan,17016,0.974609494,0.119804353,0.980785608,0.102675721
southern_asia,pm25,BGD,42,Bangladesh,83402,0.941131592,0.181257531,0.972692251,0.120072879
southern_asia,pm25,IND,42,India,731687,0.986181676,0.086692058,0.992059112,0.066028997
southern_asia,pm25,IRN,42,Iran,25809,0.961878836,0.143474966,0.975491643,0.112855896
southern_asia,pm25,LKA,42,Sri Lanka,14732,0.948753715,0.173240274,0.960924447,0.147616565
southern_asia,pm25,NPL,42,Nepal,21936,0.988762200,0.078814365,0.991983950,0.065227963
southern_asia,pm25,PAK,42,Pakistan,126093,0.975569367,0.116037488,0.983236790,0.093810163
southern_asia,pm25,AFG,24,Afghanistan,17016,0.971760035,0.120210290,0.979627550,0.100538090
southern_asia,pm25,BGD,24,Bangladesh,83402,0.947329104,0.172212154,0.975185573,0.115786828
southern_asia,pm25,IND,24,India,731687,0.986563385,0.086793765,0.991788566,0.067543074
southern_asia,pm25,IRN,24,Iran,25809,0.960249186,0.145066306,0.975558162,0.112879395
southern_asia,pm25,LKA,24,Sri Lanka,14732,0.947104096,0.170298412,0.956287384,0.153493360
southern_asia,pm25,NPL,24,Nepal,21936,0.987154007,0.085057892,0.992040157,0.065999351
southern_asia,pm25,PAK,24,Pakistan,126093,0.973934114,0.120310880,0.984112859,0.091370262
southern_asia,pm25,AFG,7,Afghanistan,17016,0.969717026,0.127627507,0.979941964,0.101993956
southern_asia,pm25,BGD,7,Bangladesh,83402,0.948308587,0.169644192,0.974329889,0.117358685
southern_asia,pm25,IND,7,India,731687,0.986222863,0.086876720,0.991839707,0.067561083
southern_asia,pm25,IRN,7,Iran,25809,0.963261306,0.140642136,0.976427376,0.110500634
southern_asia,pm25,LKA,7,Sri Lanka,14732,0.943595171,0.176362932,0.954599619,0.158768326
southern_asia,pm25,NPL,7,Nepal,21936,0.988750637,0.078569666,0.990437031,0.070658758
southern_asia,pm25,PAK,7,Pakistan,126093,0.975744724,0.113977507,0.982971370,0.095120192
southern_asia,pm25,AFG,0,Afghanistan,17016,0.970868528,0.119262643,0.979369998,0.100564159
southern_asia,pm25,BGD,0,Bangladesh,83402,0.946144700,0.172729790,0.975766003,0.113774091
southern_asia,pm25,IND,0,India,731687,0.986742735,0.085169755,0.991910875,0.066576727
southern_asia,pm25,IRN,0,Iran,25809,0.964956164,0.139156535,0.975515187,0.114235535
southern_asia,pm25,LKA,0,Sri Lanka,14732,0.943730354,0.176050395,0.952758431,0.158521846
southern_asia,pm25,NPL,0,Nepal,21936,0.989759564,0.076214954,0.992121458,0.066022813
southern_asia,pm25,PAK,0,Pakistan,126093,0.974417508,0.118957631,0.983230829,0.094577059
southern_asia,pm25,AFG,100,Afghanistan,17016,0.973087013,0.118832074,0.978983700,0.102749638
southern_asia,pm25,BGD,100,Bangladesh,83402,0.949277043,0.168654293,0.975741863,0.115439825
southern_asia,pm25,IND,100,India,731687,0.986069739,0.086983249,0.992100477,0.065820940
southern_asia,pm25,IRN,100,Iran,25809,0.963023901,0.137342453,0.975295842,0.111247614
southern_asia,pm25,LKA,100,Sri Lanka,14732,0.945446670,0.173408404,0.952725112,0.156612501
southern_asia,pm25,NPL,100,Nepal,21936,0.988603532,0.080061436,0.992334127,0.064767577
southern_asia,pm25,PAK,100,Pakistan,126093,0.971195459,0.124874927,0.982913077,0.093995497
southern_asia,lst,AFG,42,Afghanistan,24633,0.970485449,0.128181458,0.969065547,0.130698115
southern_asia,lst,BGD,42,Bangladesh,120333,0.795056403,0.348305970,0.827914655,0.318920732
southern_asia,lst,IND,42,India,1053024,0.971642137,0.128299683,0.974446654,0.121015243
southern_asia,lst,IRN,42,Iran,37286,0.974042237,0.123829275,0.974546194,0.123725459
southern_asia,lst,LKA,42,Sri Lanka,20876,0.942354500,0.179356784,0.943533003,0.179294571
southern_asia,lst,NPL,42,Nepal,31759,0.982202709,0.099977486,0.983898520,0.095041849
southern_asia,lst,PAK,42,Pakistan,182065,0.979947865,0.103664391,0.980964065,0.099878356
southern_asia,lst,AFG,24,Afghanistan,24633,0.970654666,0.132225841,0.969640374,0.134486392
southern_asia,lst,BGD,24,Bangladesh,120333,0.790401876,0.352990806,0.827442467,0.319999367
southern_asia,lst,IND,24,India,1053024,0.970213532,0.131534144,0.974773169,0.119626775
southern_asia,lst,IRN,24,Iran,37286,0.971943915,0.127380878,0.973404109,0.123200163
southern_asia,lst,LKA,24,Sri Lanka,20876,0.939775467,0.181634471,0.942618489,0.177171752
southern_asia,lst,NPL,24,Nepal,31759,0.982114553,0.102544680,0.983850658,0.096570946
southern_asia,lst,PAK,24,Pakistan,182065,0.979745090,0.103379801,0.980549395,0.100019619
southern_asia,lst,AFG,7,Afghanistan,24633,0.965003908,0.137279421,0.967083395,0.131054908
southern_asia,lst,BGD,7,Bangladesh,120333,0.797687113,0.345804006,0.827175140,0.320342481
southern_asia,lst,IND,7,India,1053024,0.971394420,0.128747866,0.974048376,0.121457539
southern_asia,lst,IRN,7,Iran,37286,0.973020673,0.124407507,0.972388089,0.125996470
southern_asia,lst,LKA,7,Sri Lanka,20876,0.937139094,0.187677741,0.942349374,0.180267528
southern_asia,lst,NPL,7,Nepal,31759,0.981511712,0.102030016,0.983240128,0.096378811
southern_asia,lst,PAK,7,Pakistan,182065,0.980029166,0.104121491,0.981445968,0.099045984
southern_asia,lst,AFG,0,Afghanistan,24633,0.969128788,0.135353640,0.967278481,0.137822807
southern_asia,lst,BGD,0,Bangladesh,120333,0.795007586,0.349513918,0.823293805,0.321472257
southern_asia,lst,IND,0,India,1053024,0.970989883,0.128882498,0.974317789,0.120797604
southern_asia,lst,IRN,0,Iran,37286,0.971461654,0.127671421,0.972606003,0.125335515
southern_asia,lst,LKA,0,Sri Lanka,20876,0.944845617,0.181549698,0.946174026,0.178297192
southern_asia,lst,NPL,0,Nepal,31759,0.982145309,0.101611666,0.984088421,0.095065683
southern_asia,lst,PAK,0,Pakistan,182065,0.979334533,0.104131699,0.981063962,0.099481955
southern_asia,lst,AFG,100,Afghanistan,24633,0.968819022,0.133206770,0.966648579,0.137185693
southern_asia,lst,BGD,100,Bangladesh,120333,0.791097522,0.342449337,0.819301963,0.316976935
southern_asia,lst,IND,100,India,1053024,0.971445858,0.127406016,0.973947763,0.121564373
southern_asia,lst,IRN,100,Iran,37286,0.971715212,0.128452495,0.972948968,0.124871001
southern_asia,lst,LKA,100,Sri Lanka,20876,0.939678550,0.182797775,0.943959415,0.177449882
southern_asia,lst,NPL,100,Nepal,31759,0.981869221,0.101365492,0.983193338,0.098412648
southern_asia,lst,PAK,100,Pakistan,182065,0.978047550,0.107414484,0.979977489,0.102148466
eastern_asia_ex_china,gdp,JPN,42,Japan,72335,0.844854474,0.165445298,0.898522019,0.134117737
eastern_asia_ex_china,gdp,KOR,42,South Korea,19627,0.851034403,0.190485805,0.885059595,0.168735683
eastern_asia_ex_china,gdp,MNG,42,Mongolia,2304,0.803211451,0.250308663,0.852834702,0.211135015
eastern_asia_ex_china,gdp,PRK,42,North Korea,11555,0.628085732,0.208178073,0.687405467,0.180401459
eastern_asia_ex_china,gdp,JPN,24,Japan,72335,0.853529692,0.157025948,0.905594230,0.134067118
eastern_asia_ex_china,gdp,KOR,24,South Korea,19627,0.838124156,0.190526694,0.873464942,0.170565397
eastern_asia_ex_china,gdp,MNG,24,Mongolia,2304,0.841173530,0.237899750,0.848155439,0.236388072
eastern_asia_ex_china,gdp,PRK,24,North Korea,11555,0.578979850,0.249368563,0.597503066,0.220140681
eastern_asia_ex_china,gdp,JPN,7,Japan,72335,0.863256097,0.161040068,0.918227673,0.133481473
eastern_asia_ex_china,gdp,KOR,7,South Korea,19627,0.820017099,0.193879396,0.879247844,0.163264945
eastern_asia_ex_china,gdp,MNG,7,Mongolia,2304,0.843356013,0.180119723,0.901472569,0.161430404
eastern_asia_ex_china,gdp,PRK,7,North Korea,11555,0.669895172,0.214963257,0.716518760,0.187914491
eastern_asia_ex_china,gdp,JPN,0,Japan,72335,0.854390740,0.156404749,0.911587179,0.125403956
eastern_asia_ex_china,gdp,KOR,0,South Korea,19627,0.851679683,0.173658490,0.879631817,0.159514204
eastern_asia_ex_china,gdp,MNG,0,Mongolia,2304,0.870289028,0.221570253,0.912659943,0.192009076
eastern_asia_ex_china,gdp,PRK,0,North Korea,11555,0.767399967,0.174638003,0.783062100,0.159447044
eastern_asia_ex_china,gdp,JPN,100,Japan,72335,0.841911316,0.160831228,0.897641063,0.130052894
eastern_asia_ex_china,gdp,KOR,100,South Korea,19627,0.844724536,0.205351666,0.888654828,0.176654220
eastern_asia_ex_china,gdp,MNG,100,Mongolia,2304,0.785006225,0.230539307,0.852713883,0.185443893
eastern_asia_ex_china,gdp,PRK,100,North Korea,11555,0.689001977,0.195415527,0.676107407,0.204766750
eastern_asia_ex_china,pop,JPN,42,Japan,7004977,0.894902110,0.173977613,0.895714462,0.173436090
eastern_asia_ex_china,pop,KOR,42,South Korea,1911436,0.806966543,0.213217795,0.808470905,0.211305916
eastern_asia_ex_china,pop,MNG,42,Mongolia,226247,0.857657909,0.231994286,0.869154334,0.214073524
eastern_asia_ex_china,pop,PRK,42,North Korea,1118331,0.784170508,0.264332205,0.795990646,0.257091701
eastern_asia_ex_china,pop,JPN,24,Japan,7004977,0.895208597,0.171673551,0.894090652,0.174452543
eastern_asia_ex_china,pop,KOR,24,South Korea,1911436,0.807711899,0.222822681,0.806360364,0.221690521
eastern_asia_ex_china,pop,MNG,24,Mongolia,226247,0.878760993,0.231924847,0.889152944,0.219613373
eastern_asia_ex_china,pop,PRK,24,North Korea,1118331,0.787039161,0.268349588,0.802142918,0.262098789
eastern_asia_ex_china,pop,JPN,7,Japan,7004977,0.898943067,0.177358851,0.898773432,0.177611694
eastern_asia_ex_china,pop,KOR,7,South Korea,1911436,0.816867650,0.224342450,0.818509817,0.226275742
eastern_asia_ex_china,pop,MNG,7,Mongolia,226247,0.856804013,0.224651009,0.867973447,0.205437481
eastern_asia_ex_china,pop,PRK,7,North Korea,1118331,0.819328845,0.257789612,0.828309119,0.252938926
eastern_asia_ex_china,pop,JPN,0,Japan,7004977,0.892931998,0.174665198,0.895183325,0.172214940
eastern_asia_ex_china,pop,KOR,0,South Korea,1911436,0.806692541,0.211058974,0.807991207,0.210164040
eastern_asia_ex_china,pop,MNG,0,Mongolia,226247,0.863444328,0.198210791,0.885533333,0.178895980
eastern_asia_ex_china,pop,PRK,0,North Korea,1118331,0.784722865,0.272982478,0.801694810,0.263406366
eastern_asia_ex_china,pop,JPN,100,Japan,7004977,0.891819715,0.171886325,0.892750263,0.171819866
eastern_asia_ex_china,pop,KOR,100,South Korea,1911436,0.805217624,0.228819713,0.805867553,0.225952059
eastern_asia_ex_china,pop,MNG,100,Mongolia,226247,0.861054063,0.192514777,0.870637238,0.177383989
eastern_asia_ex_china,pop,PRK,100,North Korea,1118331,0.787598610,0.264640450,0.799867034,0.259847492
eastern_asia_ex_china,ntl,JPN,42,Japan,289875,0.818657815,0.210503638,0.832063556,0.206165984
eastern_asia_ex_china,ntl,KOR,42,South Korea,78715,0.808055997,0.270106584,0.830542862,0.257983625
eastern_asia_ex_china,ntl,MNG,42,Mongolia,9073,0.841546178,0.221387878,0.875727057,0.199715868
eastern_asia_ex_china,ntl,PRK,42,North Korea,46290,0.651793122,0.264666229,0.685084641,0.241311163
eastern_asia_ex_china,ntl,JPN,24,Japan,289875,0.803764284,0.218898624,0.820456386,0.221363768
eastern_asia_ex_china,ntl,KOR,24,South Korea,78715,0.762472630,0.273729742,0.773527861,0.266430229
eastern_asia_ex_china,ntl,MNG,24,Mongolia,9073,0.877846837,0.198193148,0.891559541,0.186790928
eastern_asia_ex_china,ntl,PRK,24,North Korea,46290,0.539671242,0.283621788,0.659327507,0.254174650
eastern_asia_ex_china,ntl,JPN,7,Japan,289875,0.807843089,0.213776737,0.819321275,0.205432191
eastern_asia_ex_china,ntl,KOR,7,South Korea,78715,0.804839849,0.260700285,0.841502964,0.241890416
eastern_asia_ex_china,ntl,MNG,7,Mongolia,9073,0.872639120,0.199179366,0.876635551,0.191751882
eastern_asia_ex_china,ntl,PRK,7,North Korea,46290,0.654567480,0.232305706,0.616068065,0.223525301
eastern_asia_ex_china,ntl,JPN,0,Japan,289875,0.804831147,0.208955750,0.832247376,0.204571649
eastern_asia_ex_china,ntl,KOR,0,South Korea,78715,0.773289561,0.270775527,0.801027179,0.256255120
eastern_asia_ex_china,ntl,MNG,0,Mongolia,9073,0.855331063,0.210927695,0.869337440,0.191969946
eastern_asia_ex_china,ntl,PRK,0,North Korea,46290,0.481896162,0.285111219,0.535368562,0.277255625
eastern_asia_ex_china,ntl,JPN,100,Japan,289875,0.819895387,0.216194794,0.822090745,0.216639340
eastern_asia_ex_china,ntl,KOR,100,South Korea,78715,0.804176271,0.253496021,0.810431838,0.253874868
eastern_asia_ex_china,ntl,MNG,100,Mongolia,9073,0.853207350,0.199216589,0.861469984,0.183476835
eastern_asia_ex_china,ntl,PRK,100,North Korea,46290,0.575961471,0.277185649,0.614326179,0.256563544
eastern_asia_ex_china,pm25,JPN,42,Japan,49655,0.927549064,0.200760052,0.947503805,0.172612190
eastern_asia_ex_china,pm25,KOR,42,South Korea,13551,0.902774036,0.243551612,0.922614694,0.217155144
eastern_asia_ex_china,pm25,MNG,42,Mongolia,1593,0.971309125,0.122539870,0.983787537,0.093332164
eastern_asia_ex_china,pm25,PRK,42,North Korea,8022,0.921612918,0.213512376,0.946208298,0.176104978
eastern_asia_ex_china,pm25,JPN,24,Japan,49655,0.930809915,0.197760671,0.947829962,0.171899408
eastern_asia_ex_china,pm25,KOR,24,South Korea,13551,0.893672049,0.253012061,0.924134731,0.211513370
eastern_asia_ex_china,pm25,MNG,24,Mongolia,1593,0.972385168,0.123672761,0.984929323,0.091747463
eastern_asia_ex_china,pm25,PRK,24,North Korea,8022,0.921034575,0.216027334,0.945830822,0.176542848
eastern_asia_ex_china,pm25,JPN,7,Japan,49655,0.929867983,0.194862157,0.947362781,0.170651913
eastern_asia_ex_china,pm25,KOR,7,South Korea,13551,0.878381014,0.263654381,0.910255492,0.228285298
eastern_asia_ex_china,pm25,MNG,7,Mongolia,1593,0.968209386,0.130400985,0.984101593,0.090430439
eastern_asia_ex_china,pm25,PRK,7,North Korea,8022,0.919633985,0.217260018,0.943752050,0.176072016
eastern_asia_ex_china,pm25,JPN,0,Japan,49655,0.925347209,0.203914806,0.946906209,0.171821594
eastern_asia_ex_china,pm25,KOR,0,South Korea,13551,0.891793132,0.252129674,0.918508053,0.219108015
eastern_asia_ex_china,pm25,MNG,0,Mongolia,1593,0.967738867,0.141851261,0.983396947,0.097861439
eastern_asia_ex_china,pm25,PRK,0,North Korea,8022,0.924629271,0.212097794,0.947921395,0.173906296
eastern_asia_ex_china,pm25,JPN,100,Japan,49655,0.931356966,0.197239488,0.947325826,0.173812553
eastern_asia_ex_china,pm25,KOR,100,South Korea,13551,0.892261505,0.259976476,0.924607813,0.215786532
eastern_asia_ex_china,pm25,MNG,100,Mongolia,1593,0.971043766,0.126018018,0.985639513,0.086717524
eastern_asia_ex_china,pm25,PRK,100,North Korea,8022,0.925288498,0.207297817,0.948314548,0.173592433
eastern_asia_ex_china,lst,JPN,42,Japan,70422,0.938785970,0.193868771,0.943439126,0.186072171
eastern_asia_ex_china,lst,KOR,42,South Korea,19187,0.886622310,0.267564356,0.899322450,0.251380354
eastern_asia_ex_china,lst,MNG,42,Mongolia,2282,0.880894184,0.232831538,0.890407324,0.228928432
eastern_asia_ex_china,lst,PRK,42,North Korea,11248,0.926048040,0.208399892,0.934752941,0.194625527
eastern_asia_ex_china,lst,JPN,24,Japan,70422,0.938778877,0.189438879,0.943807423,0.182159647
eastern_asia_ex_china,lst,KOR,24,South Korea,19187,0.883952677,0.268001825,0.894354045,0.255502790
eastern_asia_ex_china,lst,MNG,24,Mongolia,2282,0.881206572,0.234706849,0.877239645,0.240186751
eastern_asia_ex_china,lst,PRK,24,North Korea,11248,0.918288767,0.215727329,0.934660733,0.192018151
eastern_asia_ex_china,lst,JPN,7,Japan,70422,0.936457753,0.193598032,0.943582416,0.182657942
eastern_asia_ex_china,lst,KOR,7,South Korea,19187,0.881880164,0.273167193,0.895669281,0.256788284
eastern_asia_ex_china,lst,MNG,7,Mongolia,2282,0.894927561,0.224323004,0.902140439,0.206854001
eastern_asia_ex_china,lst,PRK,7,North Korea,11248,0.931008756,0.199440852,0.943816066,0.178236023
eastern_asia_ex_china,lst,JPN,0,Japan,70422,0.939179718,0.190046087,0.943908989,0.181498453
eastern_asia_ex_china,lst,KOR,0,South Korea,19187,0.877182484,0.266878754,0.892892957,0.250719130
eastern_asia_ex_china,lst,MNG,0,Mongolia,2282,0.911551476,0.222872287,0.907232285,0.231367797
eastern_asia_ex_china,lst,PRK,0,North Korea,11248,0.929121017,0.211496860,0.932019711,0.205355778
eastern_asia_ex_china,lst,JPN,100,Japan,70422,0.938435793,0.191079244,0.942869484,0.184574112
eastern_asia_ex_china,lst,KOR,100,South Korea,19187,0.881916761,0.267899662,0.893344402,0.254286915
eastern_asia_ex_china,lst,MNG,100,Mongolia,2282,0.896061659,0.237045303,0.923144281,0.201718718
eastern_asia_ex_china,lst,PRK,100,North Korea,11248,0.927117169,0.205565214,0.938042343,0.189895123
europe_ex_russia,gdp,ALB,42,Albania,1717,0.219472945,0.530363977,0.428801715,0.466672719
europe_ex_russia,gdp,AUT,42,Austria,7670,0.902888596,0.153233558,0.938840389,0.124441847
europe_ex_russia,gdp,BEL,42,Belgium,14464,0.862835646,0.154496923,0.914929271,0.126419574
europe_ex_russia,gdp,BGR,42,Bulgaria,5149,0.762915492,0.226836592,0.795016706,0.200160578
europe_ex_russia,gdp,BIH,42,Bosnia and Herzegovina,2705,0.536294937,0.357160836,0.709541202,0.312776148
europe_ex_russia,gdp,BLR,42,Belarus,5735,0.740956008,0.234684020,0.805870891,0.199238151
europe_ex_russia,gdp,CHE,42,Switzerland,9024,0.846733928,0.192184269,0.896239460,0.159816936
europe_ex_russia,gdp,CZE,42,Czechia,10558,0.824718356,0.172008097,0.879541457,0.147961304
europe_ex_russia,gdp,DEU,42,Germany,86555,0.853469551,0.184671074,0.897355378,0.160622239
europe_ex_russia,gdp,DNK,42,Denmark,6374,0.713577032,0.212172076,0.829343021,0.174569741
europe_ex_russia,gdp,ESP,42,Spain,26102,0.904093325,0.152268648,0.930797398,0.136212081
europe_ex_russia,gdp,FIN,42,Finland,8425,0.880620360,0.209270015,0.902130723,0.196323588
europe_ex_russia,gdp,FRA,42,France,56179,0.887067735,0.101036191,0.916299224,0.091002241
europe_ex_russia,gdp,GBR,42,United Kingdom,52564,0.800918758,0.190212131,0.864651561,0.157890216
europe_ex_russia,gdp,GRC,42,Greece,5066,0.925127983,0.152951017,0.943431258,0.130087063
europe_ex_russia,gdp,HRV,42,Croatia,2939,0.807053804,0.209277391,0.841861665,0.167766854
europe_ex_russia,gdp,HUN,42,Hungary,10600,0.876964748,0.150657624,0.938483477,0.106700614
europe_ex_russia,gdp,IRL,42,Ireland,3677,0.786011219,0.318261355,0.873307884,0.251068234
europe_ex_russia,gdp,ITA,42,Italy,48094,0.821020007,0.192789674,0.860607564,0.170207098
europe_ex_russia,gdp,KOS,42,Kosovo,1611,0.887349725,0.221520796,0.927830040,0.184484020
europe_ex_russia,gdp,LTU,42,Lithuania,2453,0.807826579,0.325387180,0.825738609,0.305439472
europe_ex_russia,gdp,LVA,42,Latvia,1645,0.851910114,0.193471968,0.904631019,0.148716003
europe_ex_russia,gdp,MDA,42,Moldova,3800,0.892414212,0.199409828,0.920148253,0.166433766
europe_ex_russia,gdp,MKD,42,North Macedonia,1624,0.789136708,0.224710733,0.587114811,0.312604100
europe_ex_russia,gdp,NLD,42,Netherlands,16078,0.732015133,0.287685424,0.829428554,0.247911841
europe_ex_russia,gdp,NOR,42,Norway,7542,0.857768297,0.188804314,0.877531171,0.170872808
europe_ex_russia,gdp,POL,42,Poland,35604,0.865805864,0.156914279,0.902087390,0.139627486
europe_ex_russia,gdp,PRT,42,Portugal,8374,0.802857280,0.211849779,0.848035097,0.185697109
europe_ex_russia,gdp,ROU,42,Romania,17342,0.910345972,0.114155956,0.929230690,0.101720974
europe_ex_russia,gdp,SRB,42,Republic of Serbia,5538,0.790813923,0.216081128,0.883200347,0.143767431
europe_ex_russia,gdp,SVK,42,Slovakia,6606,0.589829624,0.241938025,0.810535073,0.191294104
europe_ex_russia,gdp,SVN,42,Slovenia,1997,0.765671134,0.249140993,0.878906846,0.189818427
europe_ex_russia,gdp,SWE,42,Sweden,12677,0.769880891,0.238370836,0.822050035,0.222691804
europe_ex_russia,gdp,UKR,42,Ukraine,29719,0.831661940,0.183496222,0.859520853,0.163326576
europe_ex_russia,gdp,ALB,24,Albania,1717,0.040570438,0.579477847,0.079509079,0.557519019
europe_ex_russia,gdp,AUT,24,Austria,7670,0.935783982,0.142882586,0.955621660,0.120510250
europe_ex_russia,gdp,BEL,24,Belgium,14464,0.900022984,0.159734488,0.932142556,0.137663990
europe_ex_russia,gdp,BGR,24,Bulgaria,5149,0.776795268,0.258053899,0.841374040,0.217566073
europe_ex_russia,gdp,BIH,24,Bosnia and Herzegovina,2705,0.518284082,0.278286934,0.644671857,0.230485305
europe_ex_russia,gdp,BLR,24,Belarus,5735,0.832298160,0.234253004,0.855416834,0.213889897
europe_ex_russia,gdp,CHE,24,Switzerland,9024,0.846083641,0.190663353,0.897551060,0.165426269
europe_ex_russia,gdp,CZE,24,Czechia,10558,0.830968559,0.202101782,0.865985572,0.187223524
europe_ex_russia,gdp,DEU,24,Germany,86555,0.850503981,0.179200515,0.888151646,0.160797462
europe_ex_russia,gdp,DNK,24,Denmark,6374,0.800858617,0.236661345,0.901471317,0.201226592
europe_ex_russia,gdp,ESP,24,Spain,26102,0.917871118,0.149092287,0.927278757,0.138846457
europe_ex_russia,gdp,FIN,24,Finland,8425,0.864166141,0.226161733,0.909906209,0.202054471
europe_ex_russia,gdp,FRA,24,France,56179,0.871312380,0.117286988,0.930411220,0.086495101
europe_ex_russia,gdp,GBR,24,United Kingdom,52564,0.814560711,0.185979456,0.881394625,0.163538814
europe_ex_russia,gdp,GRC,24,Greece,5066,0.893619776,0.142031983,0.917336047,0.137011275
europe_ex_russia,gdp,HRV,24,Croatia,2939,0.762206912,0.183186442,0.809696138,0.150634483
europe_ex_russia,gdp,HUN,24,Hungary,10600,0.789591014,0.211644337,0.932806194,0.123169608
europe_ex_russia,gdp,IRL,24,Ireland,3677,0.753250420,0.241354793,0.825605631,0.212494850
europe_ex_russia,gdp,ITA,24,Italy,48094,0.827955842,0.211052433,0.875415027,0.180765539
europe_ex_russia,gdp,KOS,24,Kosovo,1611,0.737792492,0.252468675,0.767024279,0.243960008
europe_ex_russia,gdp,LTU,24,Lithuania,2453,0.819838762,0.301529050,0.863855541,0.247724250
europe_ex_russia,gdp,LVA,24,Latvia,1645,0.829397261,0.238330364,0.780366123,0.265309125
europe_ex_russia,gdp,MDA,24,Moldova,3800,0.798311889,0.165820912,0.851390839,0.143716678
europe_ex_russia,gdp,MKD,24,North Macedonia,1624,0.800131023,0.213628605,0.871034026,0.186210290
europe_ex_russia,gdp,NLD,24,Netherlands,16078,0.748389006,0.257056773,0.835240483,0.219439641
europe_ex_russia,gdp,NOR,24,Norway,7542,0.830453157,0.220753640,0.878314674,0.189778671
europe_ex_russia,gdp,POL,24,Poland,35604,0.845741332,0.190234184,0.905479908,0.159236476
europe_ex_russia,gdp,PRT,24,Portugal,8374,0.826414347,0.194574624,0.847370863,0.170051366
europe_ex_russia,gdp,ROU,24,Romania,17342,0.915263355,0.137553066,0.938845813,0.113383196
europe_ex_russia,gdp,SRB,24,Republic of Serbia,5538,0.808534205,0.172416076,0.870025635,0.148155436
europe_ex_russia,gdp,SVK,24,Slovakia,6606,0.702162266,0.200264215,0.789674461,0.176786870
europe_ex_russia,gdp,SVN,24,Slovenia,1997,0.866120756,0.159364507,0.888842642,0.156970963
europe_ex_russia,gdp,SWE,24,Sweden,12677,0.782537818,0.212455973,0.842654586,0.192465559
europe_ex_russia,gdp,UKR,24,Ukraine,29719,0.818497300,0.152432248,0.864779532,0.139378220
europe_ex_russia,gdp,ALB,7,Albania,1717,0.135564566,0.430861771,0.344117463,0.388839543
europe_ex_russia,gdp,AUT,7,Austria,7670,0.934358597,0.135965511,0.947660685,0.116563685
europe_ex_russia,gdp,BEL,7,Belgium,14464,0.795874000,0.143581450,0.900516748,0.111186780
europe_ex_russia,gdp,BGR,7,Bulgaria,5149,0.784239650,0.230599225,0.828823447,0.195159942
europe_ex_russia,gdp,BIH,7,Bosnia and Herzegovina,2705,0.502626777,0.337180227,0.632354259,0.294310212
europe_ex_russia,gdp,BLR,7,Belarus,5735,0.807148993,0.217147380,0.856152177,0.186965033
europe_ex_russia,gdp,CHE,7,Switzerland,9024,0.851390243,0.202913076,0.896623135,0.173840895
europe_ex_russia,gdp,CZE,7,Czechia,10558,0.866229773,0.198883519,0.872227073,0.191360146
europe_ex_russia,gdp,DEU,7,Germany,86555,0.858404994,0.180795148,0.895030379,0.161742494
europe_ex_russia,gdp,DNK,7,Denmark,6374,0.783851326,0.281092107,0.866661668,0.213636309
europe_ex_russia,gdp,ESP,7,Spain,26102,0.909455597,0.155047417,0.931780100,0.139886945
europe_ex_russia,gdp,FIN,7,Finland,8425,0.844783664,0.216021419,0.874114513,0.193089798
europe_ex_russia,gdp,FRA,7,France,56179,0.898530781,0.097336389,0.895081520,0.090041451
europe_ex_russia,gdp,GBR,7,United Kingdom,52564,0.836572587,0.181236729,0.916487575,0.150892258
europe_ex_russia,gdp,GRC,7,Greece,5066,0.903587520,0.149597064,0.937477529,0.126258612
europe_ex_russia,gdp,HRV,7,Croatia,2939,0.820437431,0.181351915,0.823328912,0.171815395
europe_ex_russia,gdp,HUN,7,Hungary,10600,0.920814514,0.123126596,0.951487422,0.107176594
europe_ex_russia,gdp,IRL,7,Ireland,3677,0.789629221,0.288536757,0.827251494,0.264609843
europe_ex_russia,gdp,ITA,7,Italy,48094,0.832804799,0.202089772,0.881852150,0.168163955
europe_ex_russia,gdp,KOS,7,Kosovo,1611,0.919341207,0.133561999,0.948711753,0.119567119
europe_ex_russia,gdp,LTU,7,Lithuania,2453,0.826145411,0.298003078,0.881052494,0.249683678
europe_ex_russia,gdp,LVA,7,Latvia,1645,0.821223080,0.203773826,0.896830797,0.169032916
europe_ex_russia,gdp,MDA,7,Moldova,3800,0.847859740,0.209097564,0.909713805,0.157846689
europe_ex_russia,gdp,MKD,7,North Macedonia,1624,0.765303135,0.215816274,0.792101622,0.204050004
europe_ex_russia,gdp,NLD,7,Netherlands,16078,0.756715834,0.266581893,0.863964975,0.210000068
europe_ex_russia,gdp,NOR,7,Norway,7542,0.873155236,0.185989633,0.875259519,0.183850244
europe_ex_russia,gdp,POL,7,Poland,35604,0.875268579,0.160480589,0.903449833,0.151630685
europe_ex_russia,gdp,PRT,7,Portugal,8374,0.846639276,0.193520844,0.864767313,0.177607566
europe_ex_russia,gdp,ROU,7,Romania,17342,0.879327178,0.124024451,0.923108935,0.100175560
europe_ex_russia,gdp,SRB,7,Republic of Serbia,5538,0.886184216,0.221087277,0.900657892,0.201982111
europe_ex_russia,gdp,SVK,7,Slovakia,6606,0.753911495,0.205545247,0.850360274,0.154550076
europe_ex_russia,gdp,SVN,7,Slovenia,1997,0.841845274,0.223890364,0.851065516,0.212821484
europe_ex_russia,gdp,SWE,7,Sweden,12677,0.808920145,0.209877402,0.847416162,0.182411119
europe_ex_russia,gdp,UKR,7,Ukraine,29719,0.857042074,0.178524405,0.906994879,0.151135921
europe_ex_russia,gdp,ALB,0,Albania,1717,0.173495114,0.522069097,0.333116591,0.476925641
europe_ex_russia,gdp,AUT,0,Austria,7670,0.927670777,0.163045540,0.944184422,0.144356295
europe_ex_russia,gdp,BEL,0,Belgium,14464,0.864287734,0.177046120,0.906602621,0.149811611
europe_ex_russia,gdp,BGR,0,Bulgaria,5149,0.763390839,0.243310705,0.829108238,0.201746583
europe_ex_russia,gdp,BIH,0,Bosnia and Herzegovina,2705,0.622002482,0.308315516,0.732771397,0.255263150
europe_ex_russia,gdp,BLR,0,Belarus,5735,0.793003201,0.231144011,0.827978671,0.202741444
europe_ex_russia,gdp,CHE,0,Switzerland,9024,0.854037464,0.205764532,0.890005052,0.176193357
europe_ex_russia,gdp,CZE,0,Czechia,10558,0.849754989,0.179474831,0.883691192,0.149106801
europe_ex_russia,gdp,DEU,0,Germany,86555,0.862658858,0.180349484,0.897542059,0.167952746
europe_ex_russia,gdp,DNK,0,Denmark,6374,0.754970074,0.233303472,0.843679845,0.178176507
europe_ex_russia,gdp,ESP,0,Spain,26102,0.903261244,0.150314197,0.921680391,0.133860901
europe_ex_russia,gdp,FIN,0,Finland,8425,0.870027065,0.223760843,0.908325553,0.193470716
europe_ex_russia,gdp,FRA,0,France,56179,0.903448939,0.098580636,0.925149143,0.088522509
europe_ex_russia,gdp,GBR,0,United Kingdom,52564,0.835540116,0.175544724,0.893574357,0.149485350
europe_ex_russia,gdp,GRC,0,Greece,5066,0.865219235,0.157159090,0.921515524,0.125926524
europe_ex_russia,gdp,HRV,0,Croatia,2939,0.798813105,0.227451652,0.846755683,0.191540077
europe_ex_russia,gdp,HUN,0,Hungary,10600,0.882347405,0.130039766,0.926696956,0.107573815
europe_ex_russia,gdp,IRL,0,Ireland,3677,0.780165672,0.277029812,0.822501659,0.244831070
europe_ex_russia,gdp,ITA,0,Italy,48094,0.847448111,0.198929310,0.894094825,0.170595244
europe_ex_russia,gdp,KOS,0,Kosovo,1611,0.845728159,0.127813175,0.924108386,0.099320002
europe_ex_russia,gdp,LTU,0,Lithuania,2453,0.310370147,0.396409780,0.857409835,0.191393748
europe_ex_russia,gdp,LVA,0,Latvia,1645,0.813103199,0.260072619,0.760936737,0.284824848
europe_ex_russia,gdp,MDA,0,Moldova,3800,0.889254987,0.167103007,0.908159971,0.155957714
europe_ex_russia,gdp,MKD,0,North Macedonia,1624,0.662361860,0.304416031,0.738864124,0.262706906
europe_ex_russia,gdp,NLD,0,Netherlands,16078,0.731842399,0.259080738,0.845522106,0.216310710
europe_ex_russia,gdp,NOR,0,Norway,7542,0.834000230,0.199447423,0.880307496,0.184375316
europe_ex_russia,gdp,POL,0,Poland,35604,0.871233642,0.179910034,0.911909938,0.153526455
europe_ex_russia,gdp,PRT,0,Portugal,8374,0.799518466,0.202054366,0.850975454,0.167172506
europe_ex_russia,gdp,ROU,0,Romania,17342,0.904301584,0.143839523,0.938280702,0.117151715
europe_ex_russia,gdp,SRB,0,Republic of Serbia,5538,0.871058583,0.214205608,0.899697065,0.187647104
europe_ex_russia,gdp,SVK,0,Slovakia,6606,0.780883253,0.256185204,0.886286199,0.185778722
europe_ex_russia,gdp,SVN,0,Slovenia,1997,0.844968498,0.196291581,0.850313544,0.192835271
europe_ex_russia,gdp,SWE,0,Sweden,12677,0.790949464,0.231157854,0.820933461,0.213942364
europe_ex_russia,gdp,UKR,0,Ukraine,29719,0.840462208,0.165159434,0.875304937,0.143475980
europe_ex_russia,gdp,ALB,100,Albania,1717,0.161912918,0.474111497,0.365621150,0.381414473
europe_ex_russia,gdp,AUT,100,Austria,7670,0.947835922,0.151120767,0.964138925,0.125122592
europe_ex_russia,gdp,BEL,100,Belgium,14464,0.886296391,0.157378525,0.908111274,0.135218546
europe_ex_russia,gdp,BGR,100,Bulgaria,5149,0.828123629,0.250022769,0.853907645,0.226781815
europe_ex_russia,gdp,BIH,100,Bosnia and Herzegovina,2705,0.489472270,0.362746298,0.627444267,0.299684942
europe_ex_russia,gdp,BLR,100,Belarus,5735,0.756786466,0.221772686,0.804488480,0.190355599
europe_ex_russia,gdp,CHE,100,Switzerland,9024,0.674676776,0.208103076,0.836377203,0.170368209
europe_ex_russia,gdp,CZE,100,Czechia,10558,0.800088525,0.195959210,0.861842632,0.168635249
europe_ex_russia,gdp,DEU,100,Germany,86555,0.836128712,0.195008859,0.879905581,0.162751079
europe_ex_russia,gdp,DNK,100,Denmark,6374,0.723880053,0.254503131,0.882886648,0.195059195
europe_ex_russia,gdp,ESP,100,Spain,26102,0.905075788,0.157748163,0.923286021,0.137465909
europe_ex_russia,gdp,FIN,100,Finland,8425,0.861675799,0.209604412,0.891221941,0.186333910
europe_ex_russia,gdp,FRA,100,France,56179,0.885767817,0.114600234,0.910245836,0.097428605
europe_ex_russia,gdp,GBR,100,United Kingdom,52564,0.819292188,0.183899373,0.891318977,0.153909445
europe_ex_russia,gdp,GRC,100,Greece,5066,0.912890077,0.152550280,0.941801190,0.124830440
europe_ex_russia,gdp,HRV,100,Croatia,2939,0.781603575,0.213348329,0.798821926,0.189220086
europe_ex_russia,gdp,HUN,100,Hungary,10600,0.887591243,0.139618859,0.936577439,0.103071921
europe_ex_russia,gdp,IRL,100,Ireland,3677,0.783448279,0.281850159,0.843200564,0.244068876
europe_ex_russia,gdp,ITA,100,Italy,48094,0.846670330,0.203546375,0.874721825,0.182022750
europe_ex_russia,gdp,KOS,100,Kosovo,1611,0.896104693,0.157926440,0.899498105,0.149709746
europe_ex_russia,gdp,LTU,100,Lithuania,2453,0.728049040,0.296050191,0.803894281,0.232370734
europe_ex_russia,gdp,LVA,100,Latvia,1645,0.897940695,0.190221950,0.893025219,0.184193894
europe_ex_russia,gdp,MDA,100,Moldova,3800,0.890340209,0.178044781,0.915020227,0.155103281
europe_ex_russia,gdp,MKD,100,North Macedonia,1624,0.784624577,0.225654915,0.810403347,0.223997369
europe_ex_russia,gdp,NLD,100,Netherlands,16078,0.711235881,0.279566288,0.810493112,0.217259809
europe_ex_russia,gdp,NOR,100,Norway,7542,0.820638657,0.194610760,0.868749738,0.171247289
europe_ex_russia,gdp,POL,100,Poland,35604,0.843503237,0.160390437,0.894281805,0.138446704
europe_ex_russia,gdp,PRT,100,Portugal,8374,0.867448688,0.208205029,0.883580506,0.180368721
europe_ex_russia,gdp,ROU,100,Romania,17342,0.879337072,0.118506767,0.923299015,0.098442622
europe_ex_russia,gdp,SRB,100,Republic of Serbia,5538,0.844632149,0.198533401,0.891888022,0.163277566
europe_ex_russia,gdp,SVK,100,Slovakia,6606,0.649298191,0.191019148,0.778886259,0.160445914
europe_ex_russia,gdp,SVN,100,Slovenia,1997,0.802458584,0.228157774,0.870099187,0.190191969
europe_ex_russia,gdp,SWE,100,Sweden,12677,0.637193441,0.300672024,0.873691261,0.193313301
europe_ex_russia,gdp,UKR,100,Ukraine,29719,0.824760914,0.163051814,0.858001232,0.151776507
europe_ex_russia,pop,ALB,42,Albania,165420,0.266089380,0.418495387,0.343319714,0.391851634
europe_ex_russia,pop,AUT,42,Austria,748323,0.837167799,0.194062233,0.848725975,0.185781360
europe_ex_russia,pop,BEL,42,Belgium,1428592,0.787883103,0.202900931,0.788242221,0.203323781
europe_ex_russia,pop,BGR,42,Bulgaria,503152,0.593882322,0.458837003,0.655893862,0.424434453
europe_ex_russia,pop,BIH,42,Bosnia and Herzegovina,265887,0.421314001,0.428579599,0.569582641,0.378867894
europe_ex_russia,pop,BLR,42,Belarus,567833,0.760895610,0.302398503,0.794712842,0.281531274
europe_ex_russia,pop,CHE,42,Switzerland,849813,0.858059168,0.220611215,0.859315693,0.219628245
europe_ex_russia,pop,CZE,42,Czechia,1049360,0.798585951,0.269530922,0.801988125,0.264995188
europe_ex_russia,pop,DEU,42,Germany,8530001,0.860542893,0.232157618,0.864675045,0.227109879
europe_ex_russia,pop,DNK,42,Denmark,609806,0.794110060,0.237224653,0.796053886,0.236682802
europe_ex_russia,pop,ESP,42,Spain,2545780,0.838135660,0.210733101,0.837611377,0.206252009
europe_ex_russia,pop,FIN,42,Finland,764058,0.781067908,0.328757942,0.788760185,0.325389326
europe_ex_russia,pop,FRA,42,France,5524944,0.780547261,0.207021996,0.782491505,0.204949707
europe_ex_russia,pop,GBR,42,United Kingdom,5181146,0.697447896,0.297892272,0.696614742,0.295498729
europe_ex_russia,pop,GRC,42,Greece,483867,0.897991478,0.176941365,0.910589874,0.166734040
europe_ex_russia,pop,HRV,42,Croatia,284088,0.730461299,0.294111460,0.739068210,0.284079403
europe_ex_russia,pop,HUN,42,Hungary,1048995,0.861191571,0.200426444,0.872420490,0.191707313
europe_ex_russia,pop,IRL,42,Ireland,357211,0.794111311,0.251078963,0.793422759,0.248336792
europe_ex_russia,pop,ITA,42,Italy,4732714,0.848988235,0.216607153,0.852344871,0.213400602
europe_ex_russia,pop,KOS,42,Kosovo,161347,0.649466336,0.360169023,0.727101386,0.334980875
europe_ex_russia,pop,LTU,42,Lithuania,239900,0.674259305,0.351763725,0.730523586,0.315377027
europe_ex_russia,pop,LVA,42,Latvia,148454,0.712221384,0.236144632,0.754501522,0.218756542
europe_ex_russia,pop,MDA,42,Moldova,381755,0.862189651,0.196459755,0.869102895,0.190588593
europe_ex_russia,pop,MKD,42,North Macedonia,156583,0.772502542,0.202029675,0.804551661,0.188657820
europe_ex_russia,pop,NLD,42,Netherlands,1553611,0.803330779,0.277083993,0.823976934,0.264615536
europe_ex_russia,pop,NOR,42,Norway,657812,0.549666643,0.297843277,0.552923083,0.299538493
europe_ex_russia,pop,POL,42,Poland,3498007,0.853584766,0.235970169,0.856251419,0.233499169
europe_ex_russia,pop,PRT,42,Portugal,812705,0.855978012,0.209328979,0.851900697,0.210945651
europe_ex_russia,pop,ROU,42,Romania,1721511,0.803881764,0.277740747,0.816800594,0.268793911
europe_ex_russia,pop,SRB,42,Republic of Serbia,546304,0.843842030,0.217682451,0.858779550,0.207414567
europe_ex_russia,pop,SVK,42,Slovakia,650789,0.789415956,0.243181676,0.811736345,0.237891704
europe_ex_russia,pop,SVN,42,Slovenia,195464,0.820430458,0.265120149,0.825061262,0.260699481
europe_ex_russia,pop,SWE,42,Sweden,1189501,0.612510622,0.302921742,0.650520623,0.292433262
europe_ex_russia,pop,UKR,42,Ukraine,2880010,0.835064650,0.223255470,0.850225627,0.212528199
europe_ex_russia,pop,ALB,24,Albania,165420,0.199915409,0.454271555,0.297346354,0.422101825
europe_ex_russia,pop,AUT,24,Austria,748323,0.826095104,0.179394424,0.833404362,0.175479203
europe_ex_russia,pop,BEL,24,Belgium,1428592,0.784204245,0.214629814,0.789454877,0.215902478
europe_ex_russia,pop,BGR,24,Bulgaria,503152,0.562072575,0.470335245,0.624961019,0.433132827
europe_ex_russia,pop,BIH,24,Bosnia and Herzegovina,265887,0.447445333,0.382946670,0.624754429,0.318397433
europe_ex_russia,pop,BLR,24,Belarus,567833,0.782458365,0.293788642,0.809940994,0.272119641
europe_ex_russia,pop,CHE,24,Switzerland,849813,0.857120514,0.212731272,0.862476587,0.208409905
europe_ex_russia,pop,CZE,24,Czechia,1049360,0.802112758,0.262015402,0.803813457,0.261710107
europe_ex_russia,pop,DEU,24,Germany,8530001,0.855901182,0.235203102,0.862777114,0.228779659
europe_ex_russia,pop,DNK,24,Denmark,609806,0.762255967,0.218596488,0.760039032,0.221326113
europe_ex_russia,pop,ESP,24,Spain,2545780,0.834960580,0.215816453,0.835711479,0.215157866
europe_ex_russia,pop,FIN,24,Finland,764058,0.772183836,0.300851941,0.780816615,0.297542542
europe_ex_russia,pop,FRA,24,France,5524944,0.801798165,0.207845867,0.801710606,0.206174880
europe_ex_russia,pop,GBR,24,United Kingdom,5181146,0.701779366,0.297599077,0.703538239,0.301033944
europe_ex_russia,pop,GRC,24,Greece,483867,0.900157690,0.158994839,0.908917606,0.151947379
europe_ex_russia,pop,HRV,24,Croatia,284088,0.666416526,0.338127792,0.694108784,0.320335478
europe_ex_russia,pop,HUN,24,Hungary,1048995,0.867408872,0.201822743,0.877307057,0.195473060
europe_ex_russia,pop,IRL,24,Ireland,357211,0.801379800,0.247311980,0.801570892,0.250379086
europe_ex_russia,pop,ITA,24,Italy,4732714,0.845086336,0.216977581,0.851778328,0.212505907
europe_ex_russia,pop,KOS,24,Kosovo,161347,0.615087271,0.395113617,0.682319880,0.362730384
europe_ex_russia,pop,LTU,24,Lithuania,239900,0.709654808,0.325682402,0.763115883,0.299290955
europe_ex_russia,pop,LVA,24,Latvia,148454,0.691134572,0.366634160,0.776263416,0.320066750
europe_ex_russia,pop,MDA,24,Moldova,381755,0.869003713,0.200954154,0.878150940,0.195471495
europe_ex_russia,pop,MKD,24,North Macedonia,156583,0.846632838,0.213935643,0.865409851,0.196038499
europe_ex_russia,pop,NLD,24,Netherlands,1553611,0.808570206,0.275844216,0.831772685,0.259993464
europe_ex_russia,pop,NOR,24,Norway,657812,0.593761206,0.314020902,0.604811788,0.318315566
europe_ex_russia,pop,POL,24,Poland,3498007,0.849149942,0.229850128,0.856498957,0.226492643
europe_ex_russia,pop,PRT,24,Portugal,812705,0.845375717,0.203951955,0.839224517,0.207770079
europe_ex_russia,pop,ROU,24,Romania,1721511,0.793445647,0.266501963,0.802052259,0.260891050
europe_ex_russia,pop,SRB,24,Republic of Serbia,546304,0.857308626,0.218520105,0.866471827,0.208928585
europe_ex_russia,pop,SVK,24,Slovakia,650789,0.807841241,0.234270334,0.813076198,0.230865613
europe_ex_russia,pop,SVN,24,Slovenia,195464,0.834640861,0.263897181,0.839173317,0.264379621
europe_ex_russia,pop,SWE,24,Sweden,1189501,0.623830497,0.259735763,0.621681333,0.257911742
europe_ex_russia,pop,UKR,24,Ukraine,2880010,0.841602087,0.223233446,0.845390797,0.218239307
europe_ex_russia,pop,ALB,7,Albania,165420,0.226434648,0.461335123,0.416621268,0.392314494
europe_ex_russia,pop,AUT,7,Austria,748323,0.852047563,0.193541959,0.865290582,0.187220320
europe_ex_russia,pop,BEL,7,Belgium,1428592,0.793727279,0.220385984,0.806885898,0.213349789
europe_ex_russia,pop,BGR,7,Bulgaria,503152,0.545770407,0.459729135,0.611954570,0.413950205
europe_ex_russia,pop,BIH,7,Bosnia and Herzegovina,265887,0.438111067,0.373665273,0.590672016,0.334816903
europe_ex_russia,pop,BLR,7,Belarus,567833,0.776405334,0.289211422,0.801009774,0.268527806
europe_ex_russia,pop,CHE,7,Switzerland,849813,0.843782008,0.218284115,0.847932339,0.213963121
europe_ex_russia,pop,CZE,7,Czechia,1049360,0.817678988,0.266590655,0.818862915,0.268309653
europe_ex_russia,pop,DEU,7,Germany,8530001,0.858634412,0.231053948,0.863831639,0.225306913
europe_ex_russia,pop,DNK,7,Denmark,609806,0.777934551,0.235591143,0.777451634,0.229521796
europe_ex_russia,pop,ESP,7,Spain,2545780,0.840075195,0.210389152,0.843339324,0.205359742
europe_ex_russia,pop,FIN,7,Finland,764058,0.794122636,0.320337772,0.797406971,0.317330241
europe_ex_russia,pop,FRA,7,France,5524944,0.792317748,0.216765732,0.795246959,0.213421851
europe_ex_russia,pop,GBR,7,United Kingdom,5181146,0.686540842,0.301822335,0.687117755,0.301801383
europe_ex_russia,pop,GRC,7,Greece,483867,0.892719209,0.163217008,0.909847021,0.150314838
europe_ex_russia,pop,HRV,7,Croatia,284088,0.714259028,0.337126255,0.734799623,0.329940230
europe_ex_russia,pop,HUN,7,Hungary,1048995,0.881519556,0.205904499,0.886671066,0.199977174
europe_ex_russia,pop,IRL,7,Ireland,357211,0.741889358,0.279863000,0.763812065,0.276190847
europe_ex_russia,pop,ITA,7,Italy,4732714,0.843728781,0.217965364,0.851650000,0.214683354
europe_ex_russia,pop,KOS,7,Kosovo,161347,0.644467652,0.348084718,0.691983223,0.333432257
europe_ex_russia,pop,LTU,7,Lithuania,239900,0.715680361,0.279376447,0.749606729,0.267323762
europe_ex_russia,pop,LVA,7,Latvia,148454,0.621120334,0.356979102,0.768435001,0.268295318
europe_ex_russia,pop,MDA,7,Moldova,381755,0.864193916,0.219852015,0.875118613,0.209863752
europe_ex_russia,pop,MKD,7,North Macedonia,156583,0.855361462,0.216803253,0.872406006,0.206706107
europe_ex_russia,pop,NLD,7,Netherlands,1553611,0.816978753,0.259895712,0.832375407,0.250975579
europe_ex_russia,pop,NOR,7,Norway,657812,0.584257126,0.283476889,0.599859059,0.276576638
europe_ex_russia,pop,POL,7,Poland,3498007,0.847219050,0.234194770,0.852083802,0.230500177
europe_ex_russia,pop,PRT,7,Portugal,812705,0.829135656,0.194767356,0.827216446,0.197845891
europe_ex_russia,pop,ROU,7,Romania,1721511,0.797436357,0.274998188,0.808012784,0.267844528
europe_ex_russia,pop,SRB,7,Republic of Serbia,546304,0.846300364,0.225175679,0.861176491,0.214183584
europe_ex_russia,pop,SVK,7,Slovakia,650789,0.805980802,0.234193221,0.810601354,0.233919784
europe_ex_russia,pop,SVN,7,Slovenia,195464,0.825878680,0.255599558,0.832917333,0.251512945
europe_ex_russia,pop,SWE,7,Sweden,1189501,0.638632834,0.285896093,0.650091767,0.273883134
europe_ex_russia,pop,UKR,7,Ukraine,2880010,0.831352055,0.214163393,0.836383224,0.210085109
europe_ex_russia,pop,ALB,0,Albania,165420,0.259488821,0.457181662,0.418561816,0.389526695
europe_ex_russia,pop,AUT,0,Austria,748323,0.815091252,0.181509256,0.830738127,0.175894201
europe_ex_russia,pop,BEL,0,Belgium,1428592,0.801414669,0.210680753,0.811763823,0.206757694
europe_ex_russia,pop,BGR,0,Bulgaria,503152,0.514515996,0.428011626,0.587327361,0.395501167
europe_ex_russia,pop,BIH,0,Bosnia and Herzegovina,265887,0.427930951,0.356200069,0.554268301,0.308727592
europe_ex_russia,pop,BLR,0,Belarus,567833,0.766497493,0.283564687,0.789197445,0.269080073
europe_ex_russia,pop,CHE,0,Switzerland,849813,0.862658739,0.221738711,0.875268638,0.213468343
europe_ex_russia,pop,CZE,0,Czechia,1049360,0.806620598,0.271560341,0.807363629,0.273449749
europe_ex_russia,pop,DEU,0,Germany,8530001,0.858839989,0.232006714,0.863591433,0.224152625
europe_ex_russia,pop,DNK,0,Denmark,609806,0.777668238,0.210950091,0.774639070,0.216641739
europe_ex_russia,pop,ESP,0,Spain,2545780,0.850901306,0.213492930,0.852444112,0.210222468
europe_ex_russia,pop,FIN,0,Finland,764058,0.754444242,0.313328147,0.763258815,0.310551614
europe_ex_russia,pop,FRA,0,France,5524944,0.801426411,0.214014992,0.796571493,0.211516067
europe_ex_russia,pop,GBR,0,United Kingdom,5181146,0.702413499,0.290407836,0.704553485,0.292000562
europe_ex_russia,pop,GRC,0,Greece,483867,0.894705176,0.159644067,0.905682802,0.150376946
europe_ex_russia,pop,HRV,0,Croatia,284088,0.673026085,0.315319479,0.697107017,0.297974199
europe_ex_russia,pop,HUN,0,Hungary,1048995,0.869483471,0.204338327,0.879169941,0.199647203
europe_ex_russia,pop,IRL,0,Ireland,357211,0.791823506,0.265050769,0.786596000,0.264367223
europe_ex_russia,pop,ITA,0,Italy,4732714,0.841466427,0.214592353,0.851371109,0.211316288
europe_ex_russia,pop,KOS,0,Kosovo,161347,0.667139292,0.361877114,0.717605233,0.332319856
europe_ex_russia,pop,LTU,0,Lithuania,239900,0.698438287,0.322731078,0.740524888,0.300025403
europe_ex_russia,pop,LVA,0,Latvia,148454,0.732974946,0.268266320,0.773733199,0.254064471
europe_ex_russia,pop,MDA,0,Moldova,381755,0.857365727,0.203436539,0.869641364,0.195834234
europe_ex_russia,pop,MKD,0,North Macedonia,156583,0.824180782,0.224164233,0.875107288,0.194923237
europe_ex_russia,pop,NLD,0,Netherlands,1553611,0.799955785,0.267647237,0.823250771,0.251909941
europe_ex_russia,pop,NOR,0,Norway,657812,0.578213453,0.303674251,0.574344158,0.300895810
europe_ex_russia,pop,POL,0,Poland,3498007,0.850071311,0.230416954,0.851988196,0.227373973
europe_ex_russia,pop,PRT,0,Portugal,812705,0.832657278,0.204760104,0.833150268,0.208471328
europe_ex_russia,pop,ROU,0,Romania,1721511,0.798917830,0.274414897,0.806432605,0.269693613
europe_ex_russia,pop,SRB,0,Republic of Serbia,546304,0.849460840,0.203400657,0.855963826,0.196449727
europe_ex_russia,pop,SVK,0,Slovakia,650789,0.790453315,0.224762350,0.796230197,0.223157719
europe_ex_russia,pop,SVN,0,Slovenia,195464,0.839337230,0.267741561,0.841506958,0.267305940
europe_ex_russia,pop,SWE,0,Sweden,1189501,0.640093505,0.258226722,0.638216496,0.255447745
europe_ex_russia,pop,UKR,0,Ukraine,2880010,0.814723194,0.232863128,0.834494531,0.220931098
europe_ex_russia,pop,ALB,100,Albania,165420,0.205128431,0.462375879,0.362892687,0.411620349
europe_ex_russia,pop,AUT,100,Austria,748323,0.850140691,0.189452112,0.856976867,0.186853841
europe_ex_russia,pop,BEL,100,Belgium,1428592,0.780799985,0.211760089,0.791005611,0.206896320
europe_ex_russia,pop,BGR,100,Bulgaria,503152,0.568309963,0.416833967,0.626418471,0.385477781
europe_ex_russia,pop,BIH,100,Bosnia and Herzegovina,265887,0.410272419,0.402629375,0.562401593,0.356872618
europe_ex_russia,pop,BLR,100,Belarus,567833,0.767326593,0.287268788,0.788529038,0.266079098
europe_ex_russia,pop,CHE,100,Switzerland,849813,0.856314123,0.213354081,0.862847805,0.211650535
europe_ex_russia,pop,CZE,100,Czechia,1049360,0.798555613,0.263122112,0.800801158,0.261206716
europe_ex_russia,pop,DEU,100,Germany,8530001,0.856570005,0.236504257,0.862387240,0.229349464
europe_ex_russia,pop,DNK,100,Denmark,609806,0.775758982,0.227167144,0.788281262,0.214234188
europe_ex_russia,pop,ESP,100,Spain,2545780,0.826637328,0.204639331,0.830858111,0.202645227
europe_ex_russia,pop,FIN,100,Finland,764058,0.790998340,0.306847543,0.794018269,0.305616826
europe_ex_russia,pop,FRA,100,France,5524944,0.801464021,0.208677694,0.801127195,0.206687793
europe_ex_russia,pop,GBR,100,United Kingdom,5181146,0.700970054,0.295411110,0.698066473,0.295916408
europe_ex_russia,pop,GRC,100,Greece,483867,0.884637773,0.161532611,0.903759778,0.146998644
europe_ex_russia,pop,HRV,100,Croatia,284088,0.739166617,0.293899268,0.777007341,0.266345322
europe_ex_russia,pop,HUN,100,Hungary,1048995,0.883326888,0.220350266,0.893452883,0.211161003
europe_ex_russia,pop,IRL,100,Ireland,357211,0.764059901,0.273406625,0.773909152,0.266614437
europe_ex_russia,pop,ITA,100,Italy,4732714,0.849014282,0.215892211,0.853232384,0.213263705
europe_ex_russia,pop,KOS,100,Kosovo,161347,0.642935812,0.337447912,0.708970189,0.307771713
europe_ex_russia,pop,LTU,100,Lithuania,239900,0.643706143,0.353208065,0.763185382,0.293956399
europe_ex_russia,pop,LVA,100,Latvia,148454,0.719107389,0.325784594,0.751871109,0.314761549
europe_ex_russia,pop,MDA,100,Moldova,381755,0.782371640,0.177916363,0.794654250,0.171786711
europe_ex_russia,pop,MKD,100,North Macedonia,156583,0.788290381,0.216539368,0.847199559,0.196039215
europe_ex_russia,pop,NLD,100,Netherlands,1553611,0.799656093,0.269795179,0.826487899,0.252502799
europe_ex_russia,pop,NOR,100,Norway,657812,0.631858408,0.267395020,0.639244020,0.268255800
europe_ex_russia,pop,POL,100,Poland,3498007,0.846471727,0.230641037,0.852968037,0.228022888
europe_ex_russia,pop,PRT,100,Portugal,812705,0.826923788,0.206332013,0.821160555,0.205065519
europe_ex_russia,pop,ROU,100,Romania,1721511,0.782793343,0.278847635,0.794208050,0.270108908
europe_ex_russia,pop,SRB,100,Republic of Serbia,546304,0.831746638,0.227730423,0.854005992,0.213707760
europe_ex_russia,pop,SVK,100,Slovakia,650789,0.792327583,0.247744992,0.804912567,0.241255119
europe_ex_russia,pop,SVN,100,Slovenia,195464,0.811866879,0.246062160,0.819244623,0.241751388
europe_ex_russia,pop,SWE,100,Sweden,1189501,0.642456412,0.285598665,0.653260946,0.285511762
europe_ex_russia,pop,UKR,100,Ukraine,2880010,0.809939981,0.228265688,0.826022863,0.219203696
europe_ex_russia,ntl,ALB,42,Albania,6774,0.161573529,0.573407769,0.264160693,0.543449283
europe_ex_russia,ntl,AUT,42,Austria,30497,0.176859796,0.237220481,-0.366208673,0.239395425
europe_ex_russia,ntl,BEL,42,Belgium,57920,0.457081616,0.262107551,0.531915784,0.236354724
europe_ex_russia,ntl,BGR,42,Bulgaria,20607,0.526191473,0.396228522,0.566803098,0.376499683
europe_ex_russia,ntl,BIH,42,Bosnia and Herzegovina,10703,0.566553712,0.358076423,0.657191217,0.327836215
europe_ex_russia,ntl,BLR,42,Belarus,23101,0.043440878,0.188016444,0.080523551,0.175048575
europe_ex_russia,ntl,CHE,42,Switzerland,35649,0.739045620,0.301514208,0.766092181,0.293184161
europe_ex_russia,ntl,CZE,42,Czechia,42145,0.715955913,0.311065853,0.753880858,0.299923956
europe_ex_russia,ntl,DEU,42,Germany,346704,0.613680780,0.262333065,0.648163080,0.250011325
europe_ex_russia,ntl,DNK,42,Denmark,25279,0.185105920,0.269712090,0.183252692,0.257510513
europe_ex_russia,ntl,ESP,42,Spain,104459,0.663757443,0.380139709,0.694065750,0.355359524
europe_ex_russia,ntl,FIN,42,Finland,33510,0.035679638,0.230112866,0.038434446,0.242968589
europe_ex_russia,ntl,FRA,42,France,224834,0.628221273,0.304489285,0.638190210,0.300226986
europe_ex_russia,ntl,GBR,42,United Kingdom,210314,0.751787424,0.269654691,0.767686129,0.259211868
europe_ex_russia,ntl,GRC,42,Greece,20382,0.832748652,0.273505598,0.852450967,0.260955065
europe_ex_russia,ntl,HRV,42,Croatia,11733,0.701976657,0.326568097,0.745083332,0.290948689
europe_ex_russia,ntl,HUN,42,Hungary,42686,0.753149509,0.249958321,0.770975590,0.240524679
europe_ex_russia,ntl,IRL,42,Ireland,14462,0.772053242,0.271736175,0.775111377,0.267352194
europe_ex_russia,ntl,ITA,42,Italy,193043,0.711662292,0.321923345,0.741700828,0.301095694
europe_ex_russia,ntl,KOS,42,Kosovo,6452,0.787598073,0.304280549,0.799041450,0.294330567
europe_ex_russia,ntl,LTU,42,Lithuania,9777,0.694524109,0.342468530,0.756775737,0.303445876
europe_ex_russia,ntl,LVA,42,Latvia,6424,0.658329129,0.229350686,0.751531959,0.220544636
europe_ex_russia,ntl,MDA,42,Moldova,15429,0.757442594,0.236909807,0.782945514,0.231457770
europe_ex_russia,ntl,MKD,42,North Macedonia,6323,0.762585640,0.313608646,0.731988668,0.332086831
europe_ex_russia,ntl,NLD,42,Netherlands,64633,0.126093984,0.175539434,0.119118333,0.233839974
europe_ex_russia,ntl,NOR,42,Norway,30012,0.496126652,0.246511832,0.636903405,0.240174532
europe_ex_russia,ntl,POL,42,Poland,141917,0.684383512,0.299436063,0.691099465,0.289263606
europe_ex_russia,ntl,PRT,42,Portugal,33133,0.784875035,0.282568008,0.813790321,0.275489926
europe_ex_russia,ntl,ROU,42,Romania,69836,0.826268911,0.251839727,0.837890029,0.227339625
europe_ex_russia,ntl,SRB,42,Republic of Serbia,22370,0.803843260,0.297454238,0.824824929,0.281627446
europe_ex_russia,ntl,SVK,42,Slovakia,26140,0.721523523,0.257073790,0.726467490,0.236963943
europe_ex_russia,ntl,SVN,42,Slovenia,7872,0.674233317,0.312992603,0.704042912,0.290468007
europe_ex_russia,ntl,SWE,42,Sweden,51010,0.691069007,0.314936966,0.723478556,0.305111557
europe_ex_russia,ntl,UKR,42,Ukraine,118485,-2.104029179,0.072167918,0.065323353,0.044199601
europe_ex_russia,ntl,ALB,24,Albania,6774,0.181432605,0.584069669,0.351361871,0.492137790
europe_ex_russia,ntl,AUT,24,Austria,30497,0.677165806,0.296042770,0.694320500,0.269173682
europe_ex_russia,ntl,BEL,24,Belgium,57920,0.704262972,0.233219892,0.751477361,0.214974269
europe_ex_russia,ntl,BGR,24,Bulgaria,20607,0.426061213,0.466367543,0.536511302,0.420561314
europe_ex_russia,ntl,BIH,24,Bosnia and Herzegovina,10703,0.478572726,0.420530736,0.554554224,0.391425073
europe_ex_russia,ntl,BLR,24,Belarus,23101,0.219344854,0.222440660,0.272004426,0.189107552
europe_ex_russia,ntl,CHE,24,Switzerland,35649,0.722861052,0.301548839,0.771600604,0.282455772
europe_ex_russia,ntl,CZE,24,Czechia,42145,0.718644321,0.307998389,0.758249879,0.290738910
europe_ex_russia,ntl,DEU,24,Germany,346704,0.624027491,0.289453715,0.667383313,0.262577772
europe_ex_russia,ntl,DNK,24,Denmark,25279,0.424550295,0.268824399,0.548059046,0.245352656
europe_ex_russia,ntl,ESP,24,Spain,104459,0.700760603,0.361272454,0.719857097,0.349623919
europe_ex_russia,ntl,FIN,24,Finland,33510,0.084014237,0.223696291,0.331126869,0.200061798
europe_ex_russia,ntl,FRA,24,France,224834,0.669232845,0.260445327,0.677119493,0.244883835
europe_ex_russia,ntl,GBR,24,United Kingdom,210314,0.765405476,0.278550982,0.782720685,0.269228160
europe_ex_russia,ntl,GRC,24,Greece,20382,0.812209010,0.275618285,0.838563323,0.260296971
europe_ex_russia,ntl,HRV,24,Croatia,11733,0.709170163,0.344376773,0.754694283,0.316031575
europe_ex_russia,ntl,HUN,24,Hungary,42686,0.695914626,0.275282472,0.797854364,0.253480017
europe_ex_russia,ntl,IRL,24,Ireland,14462,0.774938405,0.302054584,0.816100597,0.282354295
europe_ex_russia,ntl,ITA,24,Italy,193043,0.694955587,0.312564611,0.731986105,0.295455962
europe_ex_russia,ntl,KOS,24,Kosovo,6452,0.773996770,0.272382647,0.803998590,0.264119714
europe_ex_russia,ntl,LTU,24,Lithuania,9777,0.717672467,0.307642460,0.774449050,0.291974962
europe_ex_russia,ntl,LVA,24,Latvia,6424,0.305741131,0.495673299,0.335648954,0.450697571
europe_ex_russia,ntl,MDA,24,Moldova,15429,0.772394538,0.206222430,0.826095223,0.185228348
europe_ex_russia,ntl,MKD,24,North Macedonia,6323,0.744053125,0.258470654,0.736338973,0.260259658
europe_ex_russia,ntl,NLD,24,Netherlands,64633,0.149830222,0.147229597,0.312319040,0.134028733
europe_ex_russia,ntl,NOR,24,Norway,30012,0.285043418,0.318140388,0.338218093,0.306300253
europe_ex_russia,ntl,POL,24,Poland,141917,0.685449481,0.278844774,0.710710883,0.270140678
europe_ex_russia,ntl,PRT,24,Portugal,33133,0.792379677,0.273428500,0.809687138,0.266308665
europe_ex_russia,ntl,ROU,24,Romania,69836,0.802838087,0.241431907,0.825488567,0.224331096
europe_ex_russia,ntl,SRB,24,Republic of Serbia,22370,0.791041791,0.267605126,0.823417008,0.259121329
europe_ex_russia,ntl,SVK,24,Slovakia,26140,0.554353118,0.251650542,0.581821203,0.239479139
europe_ex_russia,ntl,SVN,24,Slovenia,7872,0.676596463,0.329763055,0.669702291,0.335215300
europe_ex_russia,ntl,SWE,24,Sweden,51010,0.652697146,0.325163662,0.689987540,0.312434882
europe_ex_russia,ntl,UKR,24,Ukraine,118485,-1.505138636,0.106266201,-0.303269029,0.062552847
europe_ex_russia,ntl,ALB,7,Albania,6774,0.174829841,0.566795290,0.335835934,0.495182186
europe_ex_russia,ntl,AUT,7,Austria,30497,0.558046341,0.238162786,0.640653670,0.221479356
europe_ex_russia,ntl,BEL,7,Belgium,57920,0.511470437,0.259158254,0.557359517,0.250662297
europe_ex_russia,ntl,BGR,7,Bulgaria,20607,0.459198117,0.460628718,0.568797290,0.395527035
europe_ex_russia,ntl,BIH,7,Bosnia and Herzegovina,10703,0.504657149,0.403986663,0.603812814,0.375015020
europe_ex_russia,ntl,BLR,7,Belarus,23101,0.137863100,0.193764806,0.190038919,0.164890498
europe_ex_russia,ntl,CHE,7,Switzerland,35649,0.747163355,0.317681879,0.785822272,0.302596867
europe_ex_russia,ntl,CZE,7,Czechia,42145,0.762091041,0.292702198,0.777001619,0.288376361
europe_ex_russia,ntl,DEU,7,Germany,346704,0.643107712,0.256334633,0.688548565,0.258159727
europe_ex_russia,ntl,DNK,7,Denmark,25279,0.354751050,0.268587768,0.311816514,0.281545520
europe_ex_russia,ntl,ESP,7,Spain,104459,0.702970624,0.361017227,0.731634855,0.350839794
europe_ex_russia,ntl,FIN,7,Finland,33510,0.154417753,0.160828218,0.206241488,0.149788350
europe_ex_russia,ntl,FRA,7,France,224834,0.489712656,0.284497350,0.503918171,0.275681347
europe_ex_russia,ntl,GBR,7,United Kingdom,210314,0.741282105,0.266273141,0.758040845,0.255561441
europe_ex_russia,ntl,GRC,7,Greece,20382,0.838078141,0.280943155,0.853475451,0.266860873
europe_ex_russia,ntl,HRV,7,Croatia,11733,0.720546603,0.325176954,0.757186592,0.300460279
europe_ex_russia,ntl,HUN,7,Hungary,42686,0.764273107,0.257688224,0.799827516,0.237103879
europe_ex_russia,ntl,IRL,7,Ireland,14462,0.758744240,0.255180091,0.771472633,0.252946138
europe_ex_russia,ntl,ITA,7,Italy,193043,0.709318280,0.316900760,0.748740733,0.302643895
europe_ex_russia,ntl,KOS,7,Kosovo,6452,0.804969192,0.294614553,0.834334493,0.279280096
europe_ex_russia,ntl,LTU,7,Lithuania,9777,0.735398650,0.341133535,0.811070204,0.312891155
europe_ex_russia,ntl,LVA,7,Latvia,6424,0.253731847,0.235812530,0.271186054,0.235621303
europe_ex_russia,ntl,MDA,7,Moldova,15429,0.774747491,0.201987147,0.805568695,0.187670738
europe_ex_russia,ntl,MKD,7,North Macedonia,6323,0.801847696,0.313569069,0.810333788,0.290444136
europe_ex_russia,ntl,NLD,7,Netherlands,64633,0.221603513,0.093331613,0.222339988,0.085929409
europe_ex_russia,ntl,NOR,7,Norway,30012,0.431848764,0.245036945,0.616097450,0.229514882
europe_ex_russia,ntl,POL,7,Poland,141917,0.718975782,0.292759567,0.757514417,0.280274957
europe_ex_russia,ntl,PRT,7,Portugal,33133,0.798767388,0.278361946,0.816490710,0.270682365
europe_ex_russia,ntl,ROU,7,Romania,69836,0.804606378,0.240360767,0.834767818,0.225380987
europe_ex_russia,ntl,SRB,7,Republic of Serbia,22370,0.792358339,0.293393224,0.812497497,0.283460289
europe_ex_russia,ntl,SVK,7,Slovakia,26140,0.754278004,0.241312712,0.782660007,0.225237444
europe_ex_russia,ntl,SVN,7,Slovenia,7872,0.725507259,0.341484636,0.777255535,0.303131282
europe_ex_russia,ntl,SWE,7,Sweden,51010,0.782962620,0.303330451,0.780208945,0.310760647
europe_ex_russia,ntl,UKR,7,Ukraine,118485,0.023781776,0.050421890,-0.011036873,0.044577517
europe_ex_russia,ntl,ALB,0,Albania,6774,0.175942779,0.494515330,0.339037299,0.424589574
europe_ex_russia,ntl,AUT,0,Austria,30497,0.662370801,0.224072516,0.700365067,0.220197871
europe_ex_russia,ntl,BEL,0,Belgium,57920,0.441887617,0.280439168,0.445327163,0.251740396
europe_ex_russia,ntl,BGR,0,Bulgaria,20607,0.413047194,0.446080357,0.499358773,0.397935778
europe_ex_russia,ntl,BIH,0,Bosnia and Herzegovina,10703,0.538667917,0.409251183,0.631113052,0.375179857
europe_ex_russia,ntl,BLR,0,Belarus,23101,0.057576180,0.395404369,0.105432451,0.389297903
europe_ex_russia,ntl,CHE,0,Switzerland,35649,0.739468336,0.287875414,0.775205851,0.265969068
europe_ex_russia,ntl,CZE,0,Czechia,42145,0.718494356,0.298911005,0.765305936,0.288885623
europe_ex_russia,ntl,DEU,0,Germany,346704,0.598079443,0.271728933,0.650666237,0.264501482
europe_ex_russia,ntl,DNK,0,Denmark,25279,0.393268645,0.241335660,0.441621065,0.227050349
europe_ex_russia,ntl,ESP,0,Spain,104459,0.657454610,0.373376489,0.685988665,0.361177146
europe_ex_russia,ntl,FIN,0,Finland,33510,0.047384679,0.178172246,0.092218757,0.172152400
europe_ex_russia,ntl,FRA,0,France,224834,0.500595450,0.293221802,0.573846042,0.283022702
europe_ex_russia,ntl,GBR,0,United Kingdom,210314,0.760933638,0.272209793,0.780292034,0.262136906
europe_ex_russia,ntl,GRC,0,Greece,20382,0.832219362,0.273714900,0.859743655,0.254432857
europe_ex_russia,ntl,HRV,0,Croatia,11733,0.718780100,0.312836319,0.764703512,0.280047446
europe_ex_russia,ntl,HUN,0,Hungary,42686,0.786708355,0.247676060,0.807211101,0.246057108
europe_ex_russia,ntl,IRL,0,Ireland,14462,0.797844768,0.268723398,0.819647551,0.251198232
europe_ex_russia,ntl,ITA,0,Italy,193043,0.708555698,0.307541966,0.734991312,0.294128209
europe_ex_russia,ntl,KOS,0,Kosovo,6452,0.802542210,0.261377722,0.837951899,0.243260711
europe_ex_russia,ntl,LTU,0,Lithuania,9777,0.773177683,0.288095057,0.810052633,0.263346851
europe_ex_russia,ntl,LVA,0,Latvia,6424,0.610780180,0.206950441,0.655979156,0.200615481
europe_ex_russia,ntl,MDA,0,Moldova,15429,0.802160203,0.239680767,0.826868415,0.218921170
europe_ex_russia,ntl,MKD,0,North Macedonia,6323,0.817625225,0.309942842,0.831030607,0.292657197
europe_ex_russia,ntl,NLD,0,Netherlands,64633,0.209999144,0.312530249,0.349844933,0.267818809
europe_ex_russia,ntl,NOR,0,Norway,30012,0.267893434,0.298023671,0.329845250,0.291853040
europe_ex_russia,ntl,POL,0,Poland,141917,0.654345989,0.300612777,0.676774919,0.284224600
europe_ex_russia,ntl,PRT,0,Portugal,33133,0.750125527,0.273949981,0.796752989,0.250862628
europe_ex_russia,ntl,ROU,0,Romania,69836,0.819101691,0.251793921,0.852724314,0.231053695
europe_ex_russia,ntl,SRB,0,Republic of Serbia,22370,0.804735720,0.281127214,0.827499807,0.272096962
europe_ex_russia,ntl,SVK,0,Slovakia,26140,0.459455252,0.278773993,0.532805562,0.243820623
europe_ex_russia,ntl,SVN,0,Slovenia,7872,0.717167437,0.269090295,0.742961645,0.260266453
europe_ex_russia,ntl,SWE,0,Sweden,51010,0.722913861,0.308818519,0.735354364,0.299025387
europe_ex_russia,ntl,UKR,0,Ukraine,118485,0.008399308,0.062095549,0.015595973,0.059311248
europe_ex_russia,ntl,ALB,100,Albania,6774,0.157232821,0.606803358,0.340484500,0.534784555
europe_ex_russia,ntl,AUT,100,Austria,30497,0.615827799,0.246733308,0.635243058,0.240483508
europe_ex_russia,ntl,BEL,100,Belgium,57920,0.666532278,0.235951468,0.692663014,0.237576753
europe_ex_russia,ntl,BGR,100,Bulgaria,20607,0.489151359,0.446457058,0.545667410,0.417747229
europe_ex_russia,ntl,BIH,100,Bosnia and Herzegovina,10703,0.491947234,0.383504152,0.540458441,0.362268925
europe_ex_russia,ntl,BLR,100,Belarus,23101,0.112380922,0.138776064,0.134062529,0.132426515
europe_ex_russia,ntl,CHE,100,Switzerland,35649,0.734975100,0.316079140,0.770745158,0.305200815
europe_ex_russia,ntl,CZE,100,Czechia,42145,0.700436354,0.294962436,0.735927343,0.281639218
europe_ex_russia,ntl,DEU,100,Germany,346704,0.606574059,0.266952217,0.679165840,0.250956923
europe_ex_russia,ntl,DNK,100,Denmark,25279,0.585035145,0.221837148,0.654890597,0.198799312
europe_ex_russia,ntl,ESP,100,Spain,104459,0.683237553,0.353661329,0.705858827,0.340909183
europe_ex_russia,ntl,FIN,100,Finland,33510,0.131722271,0.153558269,0.205674708,0.146798119
europe_ex_russia,ntl,FRA,100,France,224834,0.663385987,0.263033509,0.683849633,0.253422976
europe_ex_russia,ntl,GBR,100,United Kingdom,210314,0.727253318,0.273674339,0.744048476,0.263229340
europe_ex_russia,ntl,GRC,100,Greece,20382,0.829415858,0.275340408,0.845628262,0.260992289
europe_ex_russia,ntl,HRV,100,Croatia,11733,0.718362689,0.324415237,0.749987066,0.310847759
europe_ex_russia,ntl,HUN,100,Hungary,42686,0.630980611,0.273337901,0.738958836,0.250631958
europe_ex_russia,ntl,IRL,100,Ireland,14462,0.746643007,0.313507646,0.779025495,0.290911078
europe_ex_russia,ntl,ITA,100,Italy,193043,0.728956223,0.314511120,0.759115100,0.309092045
europe_ex_russia,ntl,KOS,100,Kosovo,6452,0.805612445,0.285097301,0.799041629,0.293527007
europe_ex_russia,ntl,LTU,100,Lithuania,9777,0.713508964,0.294291615,0.749360085,0.276566505
europe_ex_russia,ntl,LVA,100,Latvia,6424,0.651548862,0.196127087,0.641558170,0.207172245
europe_ex_russia,ntl,MDA,100,Moldova,15429,0.674050450,0.206960097,0.707249403,0.186512291
europe_ex_russia,ntl,MKD,100,North Macedonia,6323,0.806724489,0.245305151,0.843518853,0.221784458
europe_ex_russia,ntl,NLD,100,Netherlands,64633,0.254778624,0.150360420,0.316212773,0.123239763
europe_ex_russia,ntl,NOR,100,Norway,30012,0.191894829,0.327139556,0.194745421,0.323491037
europe_ex_russia,ntl,POL,100,Poland,141917,0.639390469,0.298756808,0.664813161,0.284603506
europe_ex_russia,ntl,PRT,100,Portugal,33133,0.747809172,0.291424960,0.776984990,0.280706465
europe_ex_russia,ntl,ROU,100,Romania,69836,0.794389904,0.265986055,0.834813714,0.233070239
europe_ex_russia,ntl,SRB,100,Republic of Serbia,22370,0.792724609,0.314129710,0.826018691,0.289124250
europe_ex_russia,ntl,SVK,100,Slovakia,26140,0.622988999,0.310694963,0.635730863,0.298752069
europe_ex_russia,ntl,SVN,100,Slovenia,7872,0.739295840,0.346988827,0.743327081,0.338521242
europe_ex_russia,ntl,SWE,100,Sweden,51010,0.731245995,0.340479791,0.736736715,0.340079784
europe_ex_russia,ntl,UKR,100,Ukraine,118485,-1.338128090,0.094498739,-1.465041399,0.073696479
europe_ex_russia,pm25,ALB,42,Albania,1184,0.342964113,0.670032144,0.522225380,0.541804075
europe_ex_russia,pm25,AUT,42,Austria,5263,0.843275487,0.300110430,0.934837818,0.200278461
europe_ex_russia,pm25,BEL,42,Belgium,10016,0.845017195,0.296443611,0.908401906,0.227952063
europe_ex_russia,pm25,BGR,42,Bulgaria,3600,0.454664528,0.583804965,0.890092492,0.255709231
europe_ex_russia,pm25,BIH,42,Bosnia and Herzegovina,1878,0.734980464,0.382675409,0.900150359,0.234884337
europe_ex_russia,pm25,BLR,42,Belarus,3942,0.791224539,0.350930631,0.889642060,0.254079163
europe_ex_russia,pm25,CHE,42,Switzerland,6195,0.920485675,0.212586299,0.963399112,0.142660588
europe_ex_russia,pm25,CZE,42,Czechia,7316,0.889640093,0.258510053,0.961920023,0.152382851
europe_ex_russia,pm25,DEU,42,Germany,60066,0.761119246,0.379898936,0.874554992,0.277334273
europe_ex_russia,pm25,DNK,42,Denmark,4356,0.656107306,0.462065935,0.872844219,0.277471840
europe_ex_russia,pm25,ESP,42,Spain,18096,0.889617860,0.246582896,0.925274849,0.205914035
europe_ex_russia,pm25,FIN,42,Finland,5730,0.864802778,0.274015069,0.914311826,0.222398371
europe_ex_russia,pm25,FRA,42,France,38987,0.863951802,0.271495819,0.919806719,0.210355237
europe_ex_russia,pm25,GBR,42,United Kingdom,36559,0.871479213,0.255973190,0.930748582,0.188789576
europe_ex_russia,pm25,GRC,42,Greece,3539,0.779721320,0.358901620,0.857155144,0.277680665
europe_ex_russia,pm25,HRV,42,Croatia,1993,0.772237182,0.327240109,0.897963941,0.208117679
europe_ex_russia,pm25,HUN,42,Hungary,7384,0.732520103,0.403705031,0.896071553,0.251159251
europe_ex_russia,pm25,IRL,42,Ireland,2518,0.510213137,0.575950384,0.684780955,0.458130091
europe_ex_russia,pm25,ITA,42,Italy,33549,0.921992004,0.208830863,0.951264799,0.162275583
europe_ex_russia,pm25,KOS,42,Kosovo,1116,0.728416443,0.389438570,0.814067781,0.327239513
europe_ex_russia,pm25,LTU,42,Lithuania,1677,0.771596432,0.327639908,0.928585529,0.181756765
europe_ex_russia,pm25,LVA,42,Latvia,1114,0.820527554,0.337060302,0.934848428,0.208149493
europe_ex_russia,pm25,MDA,42,Moldova,2679,0.734647572,0.399597853,0.813892424,0.329548627
europe_ex_russia,pm25,MKD,42,North Macedonia,1083,0.809406459,0.330968827,0.871971726,0.260664195
europe_ex_russia,pm25,NLD,42,Netherlands,11235,0.647233605,0.458390415,0.745083749,0.387842000
europe_ex_russia,pm25,NOR,42,Norway,4750,0.867551923,0.283436447,0.901665449,0.241314560
europe_ex_russia,pm25,POL,42,Poland,24647,0.924778879,0.209609345,0.977619112,0.114746042
europe_ex_russia,pm25,PRT,42,Portugal,5739,0.907130480,0.237481982,0.923828959,0.212630227
europe_ex_russia,pm25,ROU,42,Romania,12061,0.745555222,0.372401863,0.855433404,0.278590083
europe_ex_russia,pm25,SRB,42,Republic of Serbia,3889,0.829717517,0.307178587,0.917544365,0.213103622
europe_ex_russia,pm25,SVK,42,Slovakia,4539,0.794890404,0.356816411,0.883678019,0.256142259
europe_ex_russia,pm25,SVN,42,Slovenia,1353,0.819153666,0.331069678,0.911823273,0.241334453
europe_ex_russia,pm25,SWE,42,Sweden,8866,0.918648124,0.220555037,0.948226452,0.175352633
europe_ex_russia,pm25,UKR,42,Ukraine,20362,0.883207560,0.252094448,0.916196764,0.209320024
europe_ex_russia,pm25,ALB,24,Albania,1184,0.364787877,0.629370928,0.443750620,0.562389553
europe_ex_russia,pm25,AUT,24,Austria,5263,0.835504889,0.293496341,0.925242662,0.198856756
europe_ex_russia,pm25,BEL,24,Belgium,10016,0.862603188,0.290928692,0.916231930,0.227457792
europe_ex_russia,pm25,BGR,24,Bulgaria,3600,0.417908490,0.571252465,0.901189446,0.233384699
europe_ex_russia,pm25,BIH,24,Bosnia and Herzegovina,1878,0.759550095,0.380036503,0.939198315,0.194880605
europe_ex_russia,pm25,BLR,24,Belarus,3942,0.808429599,0.344776452,0.884384274,0.264634699
europe_ex_russia,pm25,CHE,24,Switzerland,6195,0.909007967,0.218102008,0.967041671,0.128814518
europe_ex_russia,pm25,CZE,24,Czechia,7316,0.880760372,0.274812609,0.961717725,0.159479976
europe_ex_russia,pm25,DEU,24,Germany,60066,0.790964901,0.355248719,0.878287733,0.272349358
europe_ex_russia,pm25,DNK,24,Denmark,4356,0.684467733,0.430670321,0.860382140,0.275533378
europe_ex_russia,pm25,ESP,24,Spain,18096,0.893323660,0.246791676,0.927748084,0.200142443
europe_ex_russia,pm25,FIN,24,Finland,5730,0.856251121,0.276052862,0.914067566,0.216930300
europe_ex_russia,pm25,FRA,24,France,38987,0.874301791,0.253836721,0.915741801,0.209446311
europe_ex_russia,pm25,GBR,24,United Kingdom,36559,0.860842228,0.263334662,0.930318236,0.193053007
europe_ex_russia,pm25,GRC,24,Greece,3539,0.740553856,0.376077592,0.884299278,0.257256955
europe_ex_russia,pm25,HRV,24,Croatia,1993,0.813762724,0.336214304,0.906385958,0.236743137
europe_ex_russia,pm25,HUN,24,Hungary,7384,0.711596847,0.402110934,0.879727721,0.269601494
europe_ex_russia,pm25,IRL,24,Ireland,2518,0.484063804,0.599800527,0.721300721,0.426451653
europe_ex_russia,pm25,ITA,24,Italy,33549,0.918480873,0.213920504,0.949102759,0.165365294
europe_ex_russia,pm25,KOS,24,Kosovo,1116,0.695702612,0.428140253,0.812110603,0.347236216
europe_ex_russia,pm25,LTU,24,Lithuania,1677,0.793243647,0.335901976,0.924933255,0.199416175
europe_ex_russia,pm25,LVA,24,Latvia,1114,0.817937016,0.374339551,0.940231502,0.216076404
europe_ex_russia,pm25,MDA,24,Moldova,2679,0.722005725,0.393653631,0.793552458,0.342315018
europe_ex_russia,pm25,MKD,24,North Macedonia,1083,0.813506305,0.348530442,0.889749825,0.264620692
europe_ex_russia,pm25,NLD,24,Netherlands,11235,0.635239244,0.456106037,0.741834283,0.378232539
europe_ex_russia,pm25,NOR,24,Norway,4750,0.894594193,0.247596234,0.928459108,0.202872008
europe_ex_russia,pm25,POL,24,Poland,24647,0.924957335,0.210818544,0.977964818,0.113826789
europe_ex_russia,pm25,PRT,24,Portugal,5739,0.907540977,0.243012086,0.924893737,0.218118832
europe_ex_russia,pm25,ROU,24,Romania,12061,0.753527462,0.384444475,0.866413295,0.284879804
europe_ex_russia,pm25,SRB,24,Republic of Serbia,3889,0.817682445,0.318035901,0.915887475,0.222805336
europe_ex_russia,pm25,SVK,24,Slovakia,4539,0.820298910,0.339968234,0.903477788,0.241014361
europe_ex_russia,pm25,SVN,24,Slovenia,1353,0.776243329,0.339642823,0.882085502,0.249816447
europe_ex_russia,pm25,SWE,24,Sweden,8866,0.928723454,0.205322847,0.949433625,0.176404342
europe_ex_russia,pm25,UKR,24,Ukraine,20362,0.885654986,0.252033949,0.915595651,0.216637895
europe_ex_russia,pm25,ALB,7,Albania,1184,0.369065583,0.603867590,0.561761141,0.489860654
europe_ex_russia,pm25,AUT,7,Austria,5263,0.837023139,0.290528983,0.931845307,0.194182590
europe_ex_russia,pm25,BEL,7,Belgium,10016,0.843213081,0.298453212,0.912020445,0.225203380
europe_ex_russia,pm25,BGR,7,Bulgaria,3600,0.485289156,0.574313164,0.917415559,0.221576765
europe_ex_russia,pm25,BIH,7,Bosnia and Herzegovina,1878,0.730380774,0.360399663,0.928593338,0.192177355
europe_ex_russia,pm25,BLR,7,Belarus,3942,0.750702918,0.356647164,0.865424693,0.270485640
europe_ex_russia,pm25,CHE,7,Switzerland,6195,0.919858992,0.211780697,0.965814173,0.136385068
europe_ex_russia,pm25,CZE,7,Czechia,7316,0.889067471,0.255442202,0.955192804,0.165828899
europe_ex_russia,pm25,DEU,7,Germany,60066,0.798403025,0.348699570,0.880686820,0.267183930
europe_ex_russia,pm25,DNK,7,Denmark,4356,0.637478948,0.471174985,0.841634870,0.306768596
europe_ex_russia,pm25,ESP,7,Spain,18096,0.890135288,0.245045602,0.927437305,0.199182361
europe_ex_russia,pm25,FIN,7,Finland,5730,0.861569345,0.294725031,0.920873225,0.217655316
europe_ex_russia,pm25,FRA,7,France,38987,0.882252336,0.254110277,0.919780850,0.204821795
europe_ex_russia,pm25,GBR,7,United Kingdom,36559,0.862478435,0.260769963,0.929667830,0.189842865
europe_ex_russia,pm25,GRC,7,Greece,3539,0.754484892,0.367539644,0.870272875,0.266359419
europe_ex_russia,pm25,HRV,7,Croatia,1993,0.823033690,0.335833102,0.909533501,0.224471420
europe_ex_russia,pm25,HUN,7,Hungary,7384,0.712174594,0.415330887,0.890432537,0.257809848
europe_ex_russia,pm25,IRL,7,Ireland,2518,0.462688446,0.549854934,0.682124376,0.421605438
europe_ex_russia,pm25,ITA,7,Italy,33549,0.922310352,0.214669630,0.952278256,0.164869815
europe_ex_russia,pm25,KOS,7,Kosovo,1116,0.711930275,0.429074943,0.826415539,0.330748737
europe_ex_russia,pm25,LTU,7,Lithuania,1677,0.781439185,0.357944816,0.927619696,0.200202674
europe_ex_russia,pm25,LVA,7,Latvia,1114,0.810314775,0.349288225,0.940599084,0.194319889
europe_ex_russia,pm25,MDA,7,Moldova,2679,0.724684000,0.408129692,0.784654200,0.368729711
europe_ex_russia,pm25,MKD,7,North Macedonia,1083,0.838680208,0.312956661,0.880208731,0.269199431
europe_ex_russia,pm25,NLD,7,Netherlands,11235,0.638917565,0.475969046,0.755296588,0.394260675
europe_ex_russia,pm25,NOR,7,Norway,4750,0.888281941,0.255679548,0.918407261,0.214072347
europe_ex_russia,pm25,POL,7,Poland,24647,0.922340035,0.216077313,0.976089120,0.119285412
europe_ex_russia,pm25,PRT,7,Portugal,5739,0.916096985,0.231965989,0.936431766,0.201914862
europe_ex_russia,pm25,ROU,7,Romania,12061,0.727090836,0.391736746,0.862165213,0.279406250
europe_ex_russia,pm25,SRB,7,Republic of Serbia,3889,0.825497329,0.313322425,0.911874533,0.218570381
europe_ex_russia,pm25,SVK,7,Slovakia,4539,0.796338201,0.350359052,0.885966182,0.257347733
europe_ex_russia,pm25,SVN,7,Slovenia,1353,0.808566093,0.349528760,0.895662904,0.259850621
europe_ex_russia,pm25,SWE,7,Sweden,8866,0.919267118,0.222991481,0.947227001,0.175541803
europe_ex_russia,pm25,UKR,7,Ukraine,20362,0.892586887,0.251571745,0.923325419,0.209123090
europe_ex_russia,pm25,ALB,0,Albania,1184,0.402008295,0.603993893,0.606636882,0.473534584
europe_ex_russia,pm25,AUT,0,Austria,5263,0.825597048,0.318329513,0.937773407,0.195457593
europe_ex_russia,pm25,BEL,0,Belgium,10016,0.844784617,0.310788035,0.915615261,0.228579983
europe_ex_russia,pm25,BGR,0,Bulgaria,3600,0.477819562,0.572321892,0.906301081,0.232809991
europe_ex_russia,pm25,BIH,0,Bosnia and Herzegovina,1878,0.729087889,0.366963118,0.906220317,0.220647052
europe_ex_russia,pm25,BLR,0,Belarus,3942,0.791456521,0.356587887,0.892135620,0.256820172
europe_ex_russia,pm25,CHE,0,Switzerland,6195,0.923793912,0.209588245,0.964100778,0.144566804
europe_ex_russia,pm25,CZE,0,Czechia,7316,0.871743560,0.256685704,0.948866963,0.161778629
europe_ex_russia,pm25,DEU,0,Germany,60066,0.809137464,0.340319693,0.880727291,0.269157410
europe_ex_russia,pm25,DNK,0,Denmark,4356,0.643859208,0.463975519,0.853590488,0.295658618
europe_ex_russia,pm25,ESP,0,Spain,18096,0.889964998,0.243139401,0.923989177,0.207401171
europe_ex_russia,pm25,FIN,0,Finland,5730,0.880562663,0.281591594,0.931878924,0.210314631
europe_ex_russia,pm25,FRA,0,France,38987,0.865093470,0.268600523,0.914775014,0.212256148
europe_ex_russia,pm25,GBR,0,United Kingdom,36559,0.854736567,0.273905128,0.927929223,0.193776622
europe_ex_russia,pm25,GRC,0,Greece,3539,0.734703302,0.359531015,0.840439081,0.270688623
europe_ex_russia,pm25,HRV,0,Croatia,1993,0.794436514,0.331001431,0.900768638,0.219957635
europe_ex_russia,pm25,HUN,0,Hungary,7384,0.688108087,0.415708601,0.883313894,0.260419160
europe_ex_russia,pm25,IRL,0,Ireland,2518,0.501436412,0.569298029,0.686394572,0.446168154
europe_ex_russia,pm25,ITA,0,Italy,33549,0.920241475,0.220098689,0.955161452,0.160914391
europe_ex_russia,pm25,KOS,0,Kosovo,1116,0.729262829,0.432957083,0.798988223,0.363060951
europe_ex_russia,pm25,LTU,0,Lithuania,1677,0.757503033,0.342863381,0.926260829,0.186248139
europe_ex_russia,pm25,LVA,0,Latvia,1114,0.861844957,0.297310829,0.947894573,0.182676151
europe_ex_russia,pm25,MDA,0,Moldova,2679,0.704096079,0.400620967,0.775927067,0.343852848
europe_ex_russia,pm25,MKD,0,North Macedonia,1083,0.844655275,0.315880120,0.877868712,0.273296475
europe_ex_russia,pm25,NLD,0,Netherlands,11235,0.626981497,0.471444070,0.741864562,0.389022946
europe_ex_russia,pm25,NOR,0,Norway,4750,0.888203144,0.248040035,0.924739718,0.201656535
europe_ex_russia,pm25,POL,0,Poland,24647,0.918560565,0.212704882,0.974893808,0.119134881
europe_ex_russia,pm25,PRT,0,Portugal,5739,0.908495486,0.230427295,0.933526576,0.200431630
europe_ex_russia,pm25,ROU,0,Romania,12061,0.718930721,0.381093949,0.850277185,0.276146233
europe_ex_russia,pm25,SRB,0,Republic of Serbia,3889,0.805641949,0.338839024,0.914786875,0.221482217
europe_ex_russia,pm25,SVK,0,Slovakia,4539,0.802644193,0.349167198,0.877903044,0.269846708
europe_ex_russia,pm25,SVN,0,Slovenia,1353,0.817879021,0.326718062,0.900225163,0.249020249
europe_ex_russia,pm25,SWE,0,Sweden,8866,0.904193580,0.235583395,0.947797120,0.173932016
europe_ex_russia,pm25,UKR,0,Ukraine,20362,0.885624230,0.253732175,0.923028946,0.208170280
europe_ex_russia,pm25,ALB,100,Albania,1184,0.382770956,0.626138806,0.505658507,0.526269376
europe_ex_russia,pm25,AUT,100,Austria,5263,0.848964691,0.287853092,0.936238766,0.190034702
europe_ex_russia,pm25,BEL,100,Belgium,10016,0.860404611,0.302266479,0.914363623,0.237231970
europe_ex_russia,pm25,BGR,100,Bulgaria,3600,0.426056743,0.555255592,0.883147001,0.245640829
europe_ex_russia,pm25,BIH,100,Bosnia and Herzegovina,1878,0.766460299,0.384606868,0.921365499,0.222053692
europe_ex_russia,pm25,BLR,100,Belarus,3942,0.809949398,0.335575879,0.889605224,0.263860494
europe_ex_russia,pm25,CHE,100,Switzerland,6195,0.919104815,0.221488461,0.970268726,0.131390482
europe_ex_russia,pm25,CZE,100,Czechia,7316,0.870719433,0.256583780,0.956591547,0.152488887
europe_ex_russia,pm25,DEU,100,Germany,60066,0.807939589,0.341184229,0.880871475,0.268729329
europe_ex_russia,pm25,DNK,100,Denmark,4356,0.606535673,0.456500083,0.845722020,0.287293166
europe_ex_russia,pm25,ESP,100,Spain,18096,0.885717273,0.253355175,0.923996747,0.205083430
europe_ex_russia,pm25,FIN,100,Finland,5730,0.881289899,0.264010102,0.924954772,0.208600476
europe_ex_russia,pm25,FRA,100,France,38987,0.845007539,0.286147118,0.910593390,0.215904951
europe_ex_russia,pm25,GBR,100,United Kingdom,36559,0.861147583,0.258291990,0.925969362,0.193922326
europe_ex_russia,pm25,GRC,100,Greece,3539,0.742702961,0.377363741,0.844729543,0.285513520
europe_ex_russia,pm25,HRV,100,Croatia,1993,0.780690730,0.335899532,0.899172366,0.218320787
europe_ex_russia,pm25,HUN,100,Hungary,7384,0.724624395,0.402506858,0.883666515,0.262590200
europe_ex_russia,pm25,IRL,100,Ireland,2518,0.466591656,0.560642302,0.704352081,0.411316782
europe_ex_russia,pm25,ITA,100,Italy,33549,0.923737466,0.206765175,0.951128423,0.162444204
europe_ex_russia,pm25,KOS,100,Kosovo,1116,0.753227472,0.407918394,0.835410655,0.324659348
europe_ex_russia,pm25,LTU,100,Lithuania,1677,0.820416451,0.324693859,0.944547415,0.180070654
europe_ex_russia,pm25,LVA,100,Latvia,1114,0.808633447,0.340920538,0.937646270,0.190851137
europe_ex_russia,pm25,MDA,100,Moldova,2679,0.645601392,0.442428529,0.763482213,0.370471388
europe_ex_russia,pm25,MKD,100,North Macedonia,1083,0.808920503,0.331806153,0.856232047,0.279249996
europe_ex_russia,pm25,NLD,100,Netherlands,11235,0.655130148,0.458945125,0.750593126,0.392698735
europe_ex_russia,pm25,NOR,100,Norway,4750,0.866197348,0.261989355,0.900388539,0.228462011
europe_ex_russia,pm25,POL,100,Poland,24647,0.916185856,0.218575165,0.975866497,0.116803922
europe_ex_russia,pm25,PRT,100,Portugal,5739,0.907221377,0.238920003,0.925383925,0.215862095
europe_ex_russia,pm25,ROU,100,Romania,12061,0.727514744,0.386541098,0.852653980,0.281986803
europe_ex_russia,pm25,SRB,100,Republic of Serbia,3889,0.832043707,0.314404935,0.916274965,0.221602336
europe_ex_russia,pm25,SVK,100,Slovakia,4539,0.816861212,0.341845870,0.887387693,0.258614898
europe_ex_russia,pm25,SVN,100,Slovenia,1353,0.760044515,0.347238898,0.861243248,0.268876165
europe_ex_russia,pm25,SWE,100,Sweden,8866,0.922388971,0.206769884,0.947165787,0.170357287
europe_ex_russia,pm25,UKR,100,Ukraine,20362,0.885583639,0.251724869,0.918983221,0.211548567
europe_ex_russia,lst,ALB,42,Albania,1684,0.524461627,0.446211457,0.708273768,0.341055572
europe_ex_russia,lst,AUT,42,Austria,7682,0.891884208,0.257149994,0.900296390,0.246125668
europe_ex_russia,lst,BEL,42,Belgium,14373,0.570689321,0.497960597,0.637295961,0.458258122
europe_ex_russia,lst,BGR,42,Bulgaria,5103,0.417965651,0.531735599,0.730101168,0.371139795
europe_ex_russia,lst,BIH,42,Bosnia and Herzegovina,2706,0.506111622,0.505221486,0.738030791,0.373587936
europe_ex_russia,lst,BLR,42,Belarus,5731,0.671465993,0.441759527,0.743413568,0.384366453
europe_ex_russia,lst,CHE,42,Switzerland,8966,0.790917099,0.364818364,0.806479812,0.352515429
europe_ex_russia,lst,CZE,42,Czechia,10516,0.690102816,0.411878765,0.720770955,0.388896823
europe_ex_russia,lst,DEU,42,Germany,86373,0.671162903,0.457970411,0.710049629,0.429422855
europe_ex_russia,lst,DNK,42,Denmark,6182,0.626834393,0.490831465,0.693742812,0.441402912
europe_ex_russia,lst,ESP,42,Spain,25446,0.959391534,0.156161338,0.961915731,0.152606323
europe_ex_russia,lst,FIN,42,Finland,8250,0.889717877,0.265537113,0.904210925,0.245776713
europe_ex_russia,lst,FRA,42,France,55579,0.925078154,0.211149454,0.932250559,0.200215742
europe_ex_russia,lst,GBR,42,United Kingdom,52013,0.865441024,0.291495889,0.885684490,0.268324971
europe_ex_russia,lst,GRC,42,Greece,4840,0.836808026,0.301123261,0.867641091,0.269153506
europe_ex_russia,lst,HRV,42,Croatia,2897,0.786406696,0.372225642,0.824638069,0.334962457
europe_ex_russia,lst,HUN,42,Hungary,10609,0.803524733,0.338842124,0.831776142,0.310456485
europe_ex_russia,lst,IRL,42,Ireland,3614,0.711024284,0.422950357,0.758644223,0.381880969
europe_ex_russia,lst,ITA,42,Italy,47715,0.953740954,0.159830183,0.959324181,0.151140913
europe_ex_russia,lst,KOS,42,Kosovo,1617,0.793177485,0.333435148,0.811036289,0.319532245
europe_ex_russia,lst,LTU,42,Lithuania,2466,0.458200336,0.580418527,0.686988592,0.428554267
europe_ex_russia,lst,LVA,42,Latvia,1559,0.468551099,0.516443372,0.637737989,0.431676716
europe_ex_russia,lst,MDA,42,Moldova,3744,0.604006171,0.446942180,0.654200912,0.422598541
europe_ex_russia,lst,MKD,42,North Macedonia,1633,0.890168369,0.240345865,0.910598993,0.220063955
europe_ex_russia,lst,NLD,42,Netherlands,15749,0.641395509,0.461051166,0.701391459,0.422569662
europe_ex_russia,lst,NOR,42,Norway,6899,0.922248900,0.219498008,0.928250551,0.209828973
europe_ex_russia,lst,POL,42,Poland,35609,0.679050386,0.457052529,0.722575665,0.423033655
europe_ex_russia,lst,PRT,42,Portugal,8212,0.882350445,0.269496232,0.890987039,0.261025518
europe_ex_russia,lst,ROU,42,Romania,17292,0.907271504,0.242546871,0.914038062,0.232843325
europe_ex_russia,lst,SRB,42,Republic of Serbia,5558,0.798737049,0.346680313,0.822025418,0.322794646
europe_ex_russia,lst,SVK,42,Slovakia,6607,0.868629456,0.279942691,0.877700627,0.270520985
europe_ex_russia,lst,SVN,42,Slovenia,1977,0.839579463,0.298874199,0.843361020,0.299449593
europe_ex_russia,lst,SWE,42,Sweden,12403,0.927172482,0.209063739,0.939826727,0.189368203
europe_ex_russia,lst,UKR,42,Ukraine,29512,0.856148481,0.294700265,0.878718197,0.269606501
europe_ex_russia,lst,ALB,24,Albania,1684,0.644793749,0.396031916,0.740621567,0.331245631
europe_ex_russia,lst,AUT,24,Austria,7682,0.884828746,0.262436628,0.903644502,0.243096024
europe_ex_russia,lst,BEL,24,Belgium,14373,0.585579634,0.501970530,0.641009808,0.469408154
europe_ex_russia,lst,BGR,24,Bulgaria,5103,0.405268252,0.560873091,0.751308560,0.379233211
europe_ex_russia,lst,BIH,24,Bosnia and Herzegovina,2706,0.503970146,0.446096748,0.704327583,0.368777961
europe_ex_russia,lst,BLR,24,Belarus,5731,0.738177359,0.407716990,0.782275498,0.369893432
europe_ex_russia,lst,CHE,24,Switzerland,8966,0.807691574,0.352381527,0.823521495,0.333844453
europe_ex_russia,lst,CZE,24,Czechia,10516,0.729547501,0.409619421,0.763859987,0.381637752
europe_ex_russia,lst,DEU,24,Germany,86373,0.666606307,0.457195133,0.710415959,0.426394403
europe_ex_russia,lst,DNK,24,Denmark,6182,0.623827696,0.476842433,0.698433757,0.418994635
europe_ex_russia,lst,ESP,24,Spain,25446,0.958718598,0.158151165,0.960543334,0.152743980
europe_ex_russia,lst,FIN,24,Finland,8250,0.878094196,0.269037783,0.890351534,0.252042860
europe_ex_russia,lst,FRA,24,France,55579,0.926584780,0.210563079,0.932847023,0.200562686
europe_ex_russia,lst,GBR,24,United Kingdom,52013,0.855664790,0.293177277,0.875858247,0.271120071
europe_ex_russia,lst,GRC,24,Greece,4840,0.842657566,0.314541548,0.862282157,0.285723239
europe_ex_russia,lst,HRV,24,Croatia,2897,0.766584694,0.363574654,0.809609950,0.325880200
europe_ex_russia,lst,HUN,24,Hungary,10609,0.812852383,0.344219685,0.847807288,0.304851323
europe_ex_russia,lst,IRL,24,Ireland,3614,0.645045161,0.465470761,0.707810521,0.417233139
europe_ex_russia,lst,ITA,24,Italy,47715,0.953459978,0.161519274,0.960257769,0.149681255
europe_ex_russia,lst,KOS,24,Kosovo,1617,0.801799536,0.334483236,0.833791792,0.294767588
europe_ex_russia,lst,LTU,24,Lithuania,2466,0.527542710,0.552727342,0.646437407,0.463479638
europe_ex_russia,lst,LVA,24,Latvia,1559,0.468856990,0.496731222,0.562855422,0.462166309
europe_ex_russia,lst,MDA,24,Moldova,3744,0.618801355,0.443892658,0.668646574,0.426146001
europe_ex_russia,lst,MKD,24,North Macedonia,1633,0.892031014,0.256559640,0.907325625,0.238345683
europe_ex_russia,lst,NLD,24,Netherlands,15749,0.672659755,0.497970849,0.732050002,0.449627459
europe_ex_russia,lst,NOR,24,Norway,6899,0.906742334,0.217848510,0.908631384,0.216037840
europe_ex_russia,lst,POL,24,Poland,35609,0.689290285,0.440544814,0.727202415,0.411741912
europe_ex_russia,lst,PRT,24,Portugal,8212,0.866899252,0.283013165,0.878815234,0.268041909
europe_ex_russia,lst,ROU,24,Romania,17292,0.901632011,0.243921220,0.912122369,0.230126619
europe_ex_russia,lst,SRB,24,Republic of Serbia,5558,0.776324511,0.360851586,0.812137008,0.336886585
europe_ex_russia,lst,SVK,24,Slovakia,6607,0.863598585,0.289282918,0.870974123,0.277495921
europe_ex_russia,lst,SVN,24,Slovenia,1977,0.838999033,0.320554554,0.854540050,0.298941582
europe_ex_russia,lst,SWE,24,Sweden,12403,0.921349168,0.213342652,0.936310291,0.191222623
europe_ex_russia,lst,UKR,24,Ukraine,29512,0.840741396,0.307390809,0.872821987,0.275065482
europe_ex_russia,lst,ALB,7,Albania,1684,0.676694393,0.408933699,0.756161869,0.341672838
europe_ex_russia,lst,AUT,7,Austria,7682,0.881205440,0.262031883,0.893428624,0.246203646
europe_ex_russia,lst,BEL,7,Belgium,14373,0.582931042,0.504528642,0.623150587,0.476528674
europe_ex_russia,lst,BGR,7,Bulgaria,5103,0.429596066,0.538703561,0.728563845,0.387647748
europe_ex_russia,lst,BIH,7,Bosnia and Herzegovina,2706,0.536052287,0.464289427,0.706210077,0.390612930
europe_ex_russia,lst,BLR,7,Belarus,5731,0.736631632,0.409256220,0.771805644,0.377460897
europe_ex_russia,lst,CHE,7,Switzerland,8966,0.775667250,0.368925720,0.811821163,0.335177004
europe_ex_russia,lst,CZE,7,Czechia,10516,0.730661154,0.407469720,0.775517285,0.372580767
europe_ex_russia,lst,DEU,7,Germany,86373,0.661876380,0.449271649,0.707408428,0.419777215
europe_ex_russia,lst,DNK,7,Denmark,6182,0.597289920,0.492014199,0.658204675,0.453134716
europe_ex_russia,lst,ESP,7,Spain,25446,0.956400752,0.161211923,0.961899877,0.150351197
europe_ex_russia,lst,FIN,7,Finland,8250,0.856649578,0.279150873,0.884627342,0.248113960
europe_ex_russia,lst,FRA,7,France,55579,0.926262140,0.211261258,0.933331549,0.201212764
europe_ex_russia,lst,GBR,7,United Kingdom,52013,0.866593301,0.288337409,0.885281682,0.265359133
europe_ex_russia,lst,GRC,7,Greece,4840,0.835944653,0.295331329,0.871566176,0.262740701
europe_ex_russia,lst,HRV,7,Croatia,2897,0.765258014,0.369656354,0.826047361,0.325360775
europe_ex_russia,lst,HUN,7,Hungary,10609,0.817632854,0.333990604,0.854656339,0.298335344
europe_ex_russia,lst,IRL,7,Ireland,3614,0.682292819,0.410973132,0.708101392,0.392419428
europe_ex_russia,lst,ITA,7,Italy,47715,0.956931293,0.158523619,0.960937619,0.153120697
europe_ex_russia,lst,KOS,7,Kosovo,1617,0.820072830,0.332536995,0.854454637,0.295580804
europe_ex_russia,lst,LTU,7,Lithuania,2466,0.595722556,0.534688711,0.693952918,0.466003835
europe_ex_russia,lst,LVA,7,Latvia,1559,0.566416383,0.534220934,0.703212380,0.447417915
europe_ex_russia,lst,MDA,7,Moldova,3744,0.669886708,0.440145671,0.727481544,0.401986212
europe_ex_russia,lst,MKD,7,North Macedonia,1633,0.910194278,0.236108959,0.921999514,0.216003969
europe_ex_russia,lst,NLD,7,Netherlands,15749,0.631891608,0.475212455,0.684635222,0.434906840
europe_ex_russia,lst,NOR,7,Norway,6899,0.910539925,0.226532876,0.914045870,0.219594777
europe_ex_russia,lst,POL,7,Poland,35609,0.664711654,0.449246347,0.717207074,0.413427413
europe_ex_russia,lst,PRT,7,Portugal,8212,0.853929937,0.291804314,0.874638796,0.269965202
europe_ex_russia,lst,ROU,7,Romania,17292,0.898031414,0.249915570,0.911143422,0.230068430
europe_ex_russia,lst,SRB,7,Republic of Serbia,5558,0.778724253,0.356235981,0.803224921,0.329992384
europe_ex_russia,lst,SVK,7,Slovakia,6607,0.856394172,0.294066370,0.874085784,0.275608212
europe_ex_russia,lst,SVN,7,Slovenia,1977,0.818258166,0.340313524,0.865799487,0.302776366
europe_ex_russia,lst,SWE,7,Sweden,12403,0.932930470,0.205818936,0.945798039,0.184279189
europe_ex_russia,lst,UKR,7,Ukraine,29512,0.855603755,0.294071019,0.871217132,0.275669664
europe_ex_russia,lst,ALB,0,Albania,1684,0.658103824,0.480657369,0.797081888,0.362236619
europe_ex_russia,lst,AUT,0,Austria,7682,0.892565548,0.264336407,0.898443162,0.255143523
europe_ex_russia,lst,BEL,0,Belgium,14373,0.586760163,0.517657340,0.628914475,0.491488844
europe_ex_russia,lst,BGR,0,Bulgaria,5103,0.458050013,0.534547567,0.716394722,0.383828521
europe_ex_russia,lst,BIH,0,Bosnia and Herzegovina,2706,0.510948420,0.468108833,0.725619197,0.361154318
europe_ex_russia,lst,BLR,0,Belarus,5731,0.696390629,0.427942276,0.767409921,0.374452084
europe_ex_russia,lst,CHE,0,Switzerland,8966,0.772513688,0.370090306,0.810087562,0.340077370
europe_ex_russia,lst,CZE,0,Czechia,10516,0.726145744,0.429859936,0.760099173,0.400196731
europe_ex_russia,lst,DEU,0,Germany,86373,0.669652104,0.448345661,0.706460595,0.425017297
europe_ex_russia,lst,DNK,0,Denmark,6182,0.560210586,0.493955731,0.667036295,0.426256388
europe_ex_russia,lst,ESP,0,Spain,25446,0.957392633,0.161852673,0.961140513,0.153156638
europe_ex_russia,lst,FIN,0,Finland,8250,0.870567024,0.270167917,0.890197277,0.247005522
europe_ex_russia,lst,FRA,0,France,55579,0.923057199,0.211230606,0.931177497,0.198954716
europe_ex_russia,lst,GBR,0,United Kingdom,52013,0.873457670,0.282524794,0.889280498,0.262703270
europe_ex_russia,lst,GRC,0,Greece,4840,0.854321659,0.294951886,0.873864532,0.269757122
europe_ex_russia,lst,HRV,0,Croatia,2897,0.766374528,0.377145290,0.798676372,0.347923815
europe_ex_russia,lst,HUN,0,Hungary,10609,0.802116454,0.333790272,0.834898412,0.300162971
europe_ex_russia,lst,IRL,0,Ireland,3614,0.714735746,0.419804484,0.757676125,0.385526359
europe_ex_russia,lst,ITA,0,Italy,47715,0.952943504,0.160887673,0.959293723,0.150128156
europe_ex_russia,lst,KOS,0,Kosovo,1617,0.804988205,0.311959565,0.841534734,0.278009683
europe_ex_russia,lst,LTU,0,Lithuania,2466,0.580598950,0.542816579,0.667947412,0.467287630
europe_ex_russia,lst,LVA,0,Latvia,1559,0.196204960,0.702709317,0.659097791,0.450246632
europe_ex_russia,lst,MDA,0,Moldova,3744,0.642737865,0.445614845,0.667080641,0.427116603
europe_ex_russia,lst,MKD,0,North Macedonia,1633,0.898013055,0.251976699,0.915152669,0.226598337
europe_ex_russia,lst,NLD,0,Netherlands,15749,0.652555823,0.457754165,0.700284898,0.421509266
europe_ex_russia,lst,NOR,0,Norway,6899,0.922232330,0.224705696,0.929359853,0.214346781
europe_ex_russia,lst,POL,0,Poland,35609,0.672749758,0.442267179,0.731618702,0.400281519
europe_ex_russia,lst,PRT,0,Portugal,8212,0.861493528,0.287089974,0.876064301,0.267412186
europe_ex_russia,lst,ROU,0,Romania,17292,0.903487563,0.239009649,0.913224578,0.225743413
europe_ex_russia,lst,SRB,0,Republic of Serbia,5558,0.775625408,0.360590130,0.804844141,0.335430831
europe_ex_russia,lst,SVK,0,Slovakia,6607,0.865306318,0.284225374,0.871771097,0.278173149
europe_ex_russia,lst,SVN,0,Slovenia,1977,0.828560650,0.301690042,0.850021660,0.284574836
europe_ex_russia,lst,SWE,0,Sweden,12403,0.928532302,0.214568600,0.940517426,0.197765425
europe_ex_russia,lst,UKR,0,Ukraine,29512,0.855700016,0.292045116,0.870952249,0.272028536
europe_ex_russia,lst,ALB,100,Albania,1684,0.665175080,0.431805849,0.789259076,0.344025910
europe_ex_russia,lst,AUT,100,Austria,7682,0.891334593,0.260087520,0.896960616,0.252066463
europe_ex_russia,lst,BEL,100,Belgium,14373,0.606868923,0.501443863,0.657612681,0.467762530
europe_ex_russia,lst,BGR,100,Bulgaria,5103,0.480840325,0.513646722,0.740868211,0.363819569
europe_ex_russia,lst,BIH,100,Bosnia and Herzegovina,2706,0.468813300,0.469458193,0.659339547,0.407024801
europe_ex_russia,lst,BLR,100,Belarus,5731,0.702513099,0.420436621,0.747733057,0.388550162
europe_ex_russia,lst,CHE,100,Switzerland,8966,0.781741560,0.368059933,0.816967785,0.336044908
europe_ex_russia,lst,CZE,100,Czechia,10516,0.727202415,0.407427669,0.769727588,0.373630136
europe_ex_russia,lst,DEU,100,Germany,86373,0.675218701,0.450207889,0.709078670,0.425476164
europe_ex_russia,lst,DNK,100,Denmark,6182,0.517091990,0.517925560,0.648019671,0.442191988
europe_ex_russia,lst,ESP,100,Spain,25446,0.956039608,0.162786976,0.960340738,0.153548747
europe_ex_russia,lst,FIN,100,Finland,8250,0.860403895,0.285826862,0.882260025,0.262934297
europe_ex_russia,lst,FRA,100,France,55579,0.926148593,0.213132694,0.933542013,0.201481655
europe_ex_russia,lst,GBR,100,United Kingdom,52013,0.870665193,0.288303226,0.886930764,0.268694341
europe_ex_russia,lst,GRC,100,Greece,4840,0.832044184,0.303674787,0.859884083,0.273234457
europe_ex_russia,lst,HRV,100,Croatia,2897,0.779451966,0.375890583,0.811042190,0.341554135
europe_ex_russia,lst,HUN,100,Hungary,10609,0.802347958,0.334073126,0.835623860,0.305778176
europe_ex_russia,lst,IRL,100,Ireland,3614,0.734793425,0.414388567,0.784745455,0.376702219
europe_ex_russia,lst,ITA,100,Italy,47715,0.954315126,0.160287648,0.959727347,0.151242867
europe_ex_russia,lst,KOS,100,Kosovo,1617,0.818989933,0.345599681,0.826676905,0.336851001
europe_ex_russia,lst,LTU,100,Lithuania,2466,0.556341410,0.542118251,0.644507408,0.477593660
europe_ex_russia,lst,LVA,100,Latvia,1559,0.603201210,0.523347378,0.648682296,0.491016477
europe_ex_russia,lst,MDA,100,Moldova,3744,0.594971776,0.466664344,0.657132983,0.436567664
europe_ex_russia,lst,MKD,100,North Macedonia,1633,0.904626012,0.244785696,0.909160554,0.239734292
europe_ex_russia,lst,NLD,100,Netherlands,15749,0.634482503,0.487760842,0.708641768,0.433155000
europe_ex_russia,lst,NOR,100,Norway,6899,0.910203457,0.237128124,0.925201714,0.214415446
europe_ex_russia,lst,POL,100,Poland,35609,0.685295463,0.447892308,0.726661563,0.419460237
europe_ex_russia,lst,PRT,100,Portugal,8212,0.867090166,0.283842057,0.884637773,0.261962533
europe_ex_russia,lst,ROU,100,Romania,17292,0.902850628,0.243865564,0.915738523,0.227876574
europe_ex_russia,lst,SRB,100,Republic of Serbia,5558,0.758746207,0.345167845,0.791084945,0.322718620
europe_ex_russia,lst,SVK,100,Slovakia,6607,0.855533898,0.285609037,0.868717730,0.269680202
europe_ex_russia,lst,SVN,100,Slovenia,1977,0.788109124,0.348536164,0.804896951,0.333714753
europe_ex_russia,lst,SWE,100,Sweden,12403,0.929295242,0.200804219,0.940582871,0.186155856
europe_ex_russia,lst,UKR,100,Ukraine,29512,0.853094161,0.294408470,0.869574547,0.275415808
latin_america_caribbean,gdp,ARG,42,Argentina,20731,0.947978675,0.099930055,0.961416304,0.086779162
latin_america_caribbean,gdp,BOL,42,Bolivia,4390,0.942857206,0.158278599,0.954983771,0.140597656
latin_america_caribbean,gdp,BRA,42,Brazil,83324,0.720067501,0.243113309,0.787574470,0.211860612
latin_america_caribbean,gdp,CHL,42,Chile,7991,0.748283327,0.189452469,0.815165699,0.158761904
latin_america_caribbean,gdp,COL,42,Colombia,12970,0.874013543,0.152030990,0.891949654,0.139984578
latin_america_caribbean,gdp,CRI,42,Costa Rica,2767,0.901171625,0.150411949,0.926579952,0.134305581
latin_america_caribbean,gdp,CUB,42,Cuba,4592,0.635566592,0.245770171,0.662072301,0.232353881
latin_america_caribbean,gdp,DOM,42,Dominican Republic,5000,0.918800890,0.143945813,0.929051638,0.140746027
latin_america_caribbean,gdp,ECU,42,Ecuador,6844,0.898778081,0.158857495,0.922048330,0.147164479
latin_america_caribbean,gdp,GTM,42,Guatemala,12882,0.879199386,0.141387388,0.887869239,0.135680154
latin_america_caribbean,gdp,HND,42,Honduras,5876,0.942586362,0.121482916,0.946341097,0.120812975
latin_america_caribbean,gdp,HTI,42,Haiti,9034,0.623529792,0.229078442,0.769959331,0.209511936
latin_america_caribbean,gdp,JAM,42,Jamaica,1744,0.943388462,0.151462346,0.967074096,0.119169764
latin_america_caribbean,gdp,MEX,42,Mexico,62429,0.830611646,0.190255702,0.864337921,0.177441388
latin_america_caribbean,gdp,NIC,42,Nicaragua,3084,0.898048341,0.144367754,0.921648979,0.132488027
latin_america_caribbean,gdp,PAN,42,Panama,2061,0.712884068,0.231804833,0.785624146,0.194822162
latin_america_caribbean,gdp,PER,42,Peru,10529,0.859013557,0.171498567,0.910604000,0.144310817
latin_america_caribbean,gdp,PRI,42,Puerto Rico,3211,0.796983600,0.243507430,0.839683294,0.221391201
latin_america_caribbean,gdp,PRY,42,Paraguay,3380,0.761716664,0.255383998,0.796997488,0.243647411
latin_america_caribbean,gdp,SLV,42,El Salvador,3594,0.826292932,0.207851395,0.864001274,0.201281056
latin_america_caribbean,gdp,URY,42,Uruguay,1862,0.850425661,0.240044191,0.905470133,0.196603909
latin_america_caribbean,gdp,VEN,42,Venezuela,10662,0.749034524,0.264730901,0.786932588,0.240028039
latin_america_caribbean,gdp,ARG,24,Argentina,20731,0.924061656,0.102062367,0.951435328,0.084926508
latin_america_caribbean,gdp,BOL,24,Bolivia,4390,0.938243985,0.150653496,0.948451221,0.135596022
latin_america_caribbean,gdp,BRA,24,Brazil,83324,0.721844077,0.244258076,0.802585423,0.221174285
latin_america_caribbean,gdp,CHL,24,Chile,7991,0.856042325,0.197193176,0.891027093,0.172690094
latin_america_caribbean,gdp,COL,24,Colombia,12970,0.888421893,0.159213170,0.902530253,0.144899279
latin_america_caribbean,gdp,CRI,24,Costa Rica,2767,0.923351169,0.156303763,0.941230714,0.150427356
latin_america_caribbean,gdp,CUB,24,Cuba,4592,0.675048947,0.281163961,0.719683528,0.272719383
latin_america_caribbean,gdp,DOM,24,Dominican Republic,5000,0.938094079,0.126184106,0.945704758,0.125742197
latin_america_caribbean,gdp,ECU,24,Ecuador,6844,0.907743752,0.158935040,0.912000060,0.158363387
latin_america_caribbean,gdp,GTM,24,Guatemala,12882,0.830909312,0.146720633,0.882132649,0.136158571
latin_america_caribbean,gdp,HND,24,Honduras,5876,0.921483099,0.141028062,0.939293087,0.130377486
latin_america_caribbean,gdp,HTI,24,Haiti,9034,0.751388133,0.184463263,0.740156651,0.170498341
latin_america_caribbean,gdp,JAM,24,Jamaica,1744,0.921168625,0.152583390,0.954112649,0.128208980
latin_america_caribbean,gdp,MEX,24,Mexico,62429,0.827731967,0.197569832,0.868868947,0.182174280
latin_america_caribbean,gdp,NIC,24,Nicaragua,3084,0.920194924,0.154718384,0.945987582,0.132941112
latin_america_caribbean,gdp,PAN,24,Panama,2061,0.771595240,0.234001741,0.781584740,0.238405704
latin_america_caribbean,gdp,PER,24,Peru,10529,0.866320908,0.155821726,0.895464480,0.142796248
latin_america_caribbean,gdp,PRI,24,Puerto Rico,3211,0.769771695,0.287111312,0.838806093,0.251713783
latin_america_caribbean,gdp,PRY,24,Paraguay,3380,0.850628614,0.237953573,0.882575035,0.207287520
latin_america_caribbean,gdp,SLV,24,El Salvador,3594,0.820927262,0.183610514,0.842998028,0.178973526
latin_america_caribbean,gdp,URY,24,Uruguay,1862,0.860540688,0.232959658,0.905900896,0.193603083
latin_america_caribbean,gdp,VEN,24,Venezuela,10662,0.717993736,0.273993373,0.754248738,0.258409947
latin_america_caribbean,gdp,ARG,7,Argentina,20731,0.953649938,0.111492462,0.950734198,0.106199741
latin_america_caribbean,gdp,BOL,7,Bolivia,4390,0.927803516,0.160776600,0.933257401,0.148783743
latin_america_caribbean,gdp,BRA,7,Brazil,83324,0.739973426,0.239995301,0.808314323,0.216046795
latin_america_caribbean,gdp,CHL,7,Chile,7991,0.803449929,0.185494944,0.861634016,0.153062165
latin_america_caribbean,gdp,COL,7,Colombia,12970,0.889905512,0.159029976,0.898325622,0.147557482
latin_america_caribbean,gdp,CRI,7,Costa Rica,2767,0.862431586,0.196613044,0.892151654,0.183161110
latin_america_caribbean,gdp,CUB,7,Cuba,4592,0.584476948,0.254097342,0.652339637,0.232628584
latin_america_caribbean,gdp,DOM,7,Dominican Republic,5000,0.939526498,0.133944467,0.943894148,0.130770653
latin_america_caribbean,gdp,ECU,7,Ecuador,6844,0.896137536,0.181442618,0.921657383,0.162416980
latin_america_caribbean,gdp,GTM,7,Guatemala,12882,0.822016001,0.148669109,0.829966605,0.139789954
latin_america_caribbean,gdp,HND,7,Honduras,5876,0.944425881,0.130975813,0.950838685,0.126831517
latin_america_caribbean,gdp,HTI,7,Haiti,9034,0.725520849,0.191780895,0.740099072,0.180196762
latin_america_caribbean,gdp,JAM,7,Jamaica,1744,0.953922868,0.133495569,0.967166841,0.116549045
latin_america_caribbean,gdp,MEX,7,Mexico,62429,0.833532453,0.185254917,0.868008256,0.171000913
latin_america_caribbean,gdp,NIC,7,Nicaragua,3084,0.891927481,0.160964489,0.898075342,0.165521950
latin_america_caribbean,gdp,PAN,7,Panama,2061,0.781495810,0.220464990,0.796558797,0.218362615
latin_america_caribbean,gdp,PER,7,Peru,10529,0.876552522,0.173743427,0.894198239,0.160422727
latin_america_caribbean,gdp,PRI,7,Puerto Rico,3211,0.739125252,0.300823510,0.840538383,0.233206511
latin_america_caribbean,gdp,PRY,7,Paraguay,3380,0.812594891,0.277328044,0.883055091,0.217267603
latin_america_caribbean,gdp,SLV,7,El Salvador,3594,0.697260022,0.237285107,0.766743302,0.200930357
latin_america_caribbean,gdp,URY,7,Uruguay,1862,0.744703650,0.305588663,0.804345608,0.264535427
latin_america_caribbean,gdp,VEN,7,Venezuela,10662,0.694478512,0.286551237,0.768248677,0.257602841
latin_america_caribbean,gdp,ARG,0,Argentina,20731,0.942693651,0.102291219,0.948892474,0.098840214
latin_america_caribbean,gdp,BOL,0,Bolivia,4390,0.941578865,0.148966804,0.957239866,0.136328593
latin_america_caribbean,gdp,BRA,0,Brazil,83324,0.738274336,0.227935836,0.811071575,0.212350309
latin_america_caribbean,gdp,CHL,0,Chile,7991,0.780431032,0.225031376,0.861933947,0.181122631
latin_america_caribbean,gdp,COL,0,Colombia,12970,0.853531957,0.169508293,0.890788078,0.143403709
latin_america_caribbean,gdp,CRI,0,Costa Rica,2767,0.878420472,0.198620886,0.906048656,0.177002475
latin_america_caribbean,gdp,CUB,0,Cuba,4592,0.568566978,0.245225728,0.603145242,0.231203958
latin_america_caribbean,gdp,DOM,0,Dominican Republic,5000,0.910415649,0.144297376,0.927331328,0.131246045
latin_america_caribbean,gdp,ECU,0,Ecuador,6844,0.899283648,0.156846628,0.922954142,0.141378492
latin_america_caribbean,gdp,GTM,0,Guatemala,12882,0.861606300,0.150585115,0.880371630,0.138355374
latin_america_caribbean,gdp,HND,0,Honduras,5876,0.945189476,0.137758017,0.943536341,0.139683530
latin_america_caribbean,gdp,HTI,0,Haiti,9034,0.738195419,0.173813850,0.835818291,0.165060505
latin_america_caribbean,gdp,JAM,0,Jamaica,1744,0.940692067,0.141637489,0.962657034,0.114125013
latin_america_caribbean,gdp,MEX,0,Mexico,62429,0.807430267,0.205795035,0.847695529,0.180008978
latin_america_caribbean,gdp,NIC,0,Nicaragua,3084,0.882202268,0.173334643,0.885878086,0.155485138
latin_america_caribbean,gdp,PAN,0,Panama,2061,0.689103603,0.289621115,0.848403692,0.222886086
latin_america_caribbean,gdp,PER,0,Peru,10529,0.814359665,0.188641638,0.841125131,0.167440876
latin_america_caribbean,gdp,PRI,0,Puerto Rico,3211,0.785550117,0.274249822,0.824603975,0.257939368
latin_america_caribbean,gdp,PRY,0,Paraguay,3380,0.827170193,0.240838796,0.871905744,0.208465174
latin_america_caribbean,gdp,SLV,0,El Salvador,3594,0.797741413,0.193741009,0.746110320,0.200680554
latin_america_caribbean,gdp,URY,0,Uruguay,1862,0.855016828,0.236685067,0.885942340,0.225606084
latin_america_caribbean,gdp,VEN,0,Venezuela,10662,0.716947436,0.283476681,0.761227250,0.254165858
latin_america_caribbean,gdp,ARG,100,Argentina,20731,0.924937844,0.123468779,0.925647557,0.111551516
latin_america_caribbean,gdp,BOL,100,Bolivia,4390,0.932334781,0.143676728,0.940081298,0.137255624
latin_america_caribbean,gdp,BRA,100,Brazil,83324,0.712461174,0.234562054,0.789530039,0.219652325
latin_america_caribbean,gdp,CHL,100,Chile,7991,0.782072365,0.201560378,0.824327409,0.182315603
latin_america_caribbean,gdp,COL,100,Colombia,12970,0.901830137,0.153924227,0.915073693,0.141344205
latin_america_caribbean,gdp,CRI,100,Costa Rica,2767,0.894755721,0.150422528,0.924815238,0.129621983
latin_america_caribbean,gdp,CUB,100,Cuba,4592,0.711480021,0.257672220,0.685098410,0.263660073
latin_america_caribbean,gdp,DOM,100,Dominican Republic,5000,0.938166738,0.126080424,0.938444138,0.125573009
latin_america_caribbean,gdp,ECU,100,Ecuador,6844,0.905615628,0.169720992,0.934227169,0.144539148
latin_america_caribbean,gdp,GTM,100,Guatemala,12882,0.846333325,0.153567657,0.873502851,0.142443895
latin_america_caribbean,gdp,HND,100,Honduras,5876,0.947711110,0.133379206,0.950808525,0.131932959
latin_america_caribbean,gdp,HTI,100,Haiti,9034,0.694829226,0.214753896,0.778260648,0.181260750
latin_america_caribbean,gdp,JAM,100,Jamaica,1744,0.897383571,0.172017217,0.947284102,0.127442658
latin_america_caribbean,gdp,MEX,100,Mexico,62429,0.833130062,0.191452652,0.859573245,0.172549114
latin_america_caribbean,gdp,NIC,100,Nicaragua,3084,0.897980154,0.145232961,0.916267693,0.131437704
latin_america_caribbean,gdp,PAN,100,Panama,2061,0.765485406,0.242473319,0.734014988,0.266666830
latin_america_caribbean,gdp,PER,100,Peru,10529,0.523474455,0.189883903,0.556814909,0.169526279
latin_america_caribbean,gdp,PRI,100,Puerto Rico,3211,0.805181623,0.272433221,0.849661469,0.247101843
latin_america_caribbean,gdp,PRY,100,Paraguay,3380,0.793927372,0.273389399,0.813865542,0.261382967
latin_america_caribbean,gdp,SLV,100,El Salvador,3594,0.762234390,0.198932439,0.798871040,0.198095649
latin_america_caribbean,gdp,URY,100,Uruguay,1862,0.872569025,0.206890374,0.896607757,0.187157810
latin_america_caribbean,gdp,VEN,100,Venezuela,10662,0.669086576,0.299335152,0.743535757,0.260620564
latin_america_caribbean,pop,ARG,42,Argentina,2035285,0.920596540,0.168504328,0.925172210,0.162884608
latin_america_caribbean,pop,BOL,42,Bolivia,433915,0.892208934,0.209945321,0.905421078,0.191605210
latin_america_caribbean,pop,BRA,42,Brazil,8155394,0.882823229,0.197009847,0.879679084,0.197904378
latin_america_caribbean,pop,CHL,42,Chile,769879,0.856340051,0.192372829,0.875739455,0.181828395
latin_america_caribbean,pop,COL,42,Colombia,1268420,0.636967301,0.231107816,0.633320332,0.229505986
latin_america_caribbean,pop,CRI,42,Costa Rica,270462,0.884806812,0.176608324,0.893612027,0.172190726
latin_america_caribbean,pop,CUB,42,Cuba,442581,0.895571649,0.177311331,0.911765695,0.170290276
latin_america_caribbean,pop,DOM,42,Dominican Republic,492138,0.932165861,0.156252235,0.935310960,0.154483199
latin_america_caribbean,pop,ECU,42,Ecuador,660984,0.902352214,0.177857056,0.900776684,0.177803293
latin_america_caribbean,pop,GTM,42,Guatemala,1279296,0.871164203,0.222067803,0.868369818,0.222487241
latin_america_caribbean,pop,HND,42,Honduras,583234,0.771799266,0.279594630,0.773765922,0.280292839
latin_america_caribbean,pop,HTI,42,Haiti,888948,0.842945695,0.117693841,0.848817468,0.111995064
latin_america_caribbean,pop,JAM,42,Jamaica,167992,0.697446942,0.252216935,0.757362247,0.236909360
latin_america_caribbean,pop,MEX,42,Mexico,6160944,0.882389843,0.193568006,0.879196584,0.193404198
latin_america_caribbean,pop,NIC,42,Nicaragua,295762,0.853260279,0.236649498,0.871589363,0.218476281
latin_america_caribbean,pop,PAN,42,Panama,199602,0.809429884,0.240890056,0.815747976,0.231248796
latin_america_caribbean,pop,PER,42,Peru,1029864,0.886536360,0.167536646,0.895084262,0.162612215
latin_america_caribbean,pop,PRI,42,Puerto Rico,315266,0.703445554,0.294843704,0.713779032,0.294796973
latin_america_caribbean,pop,PRY,42,Paraguay,331821,0.894659936,0.186491728,0.917392731,0.158441469
latin_america_caribbean,pop,SLV,42,El Salvador,353110,0.868558764,0.179818600,0.863436222,0.182258859
latin_america_caribbean,pop,URY,42,Uruguay,181620,0.730546057,0.256937891,0.743328929,0.250940472
latin_america_caribbean,pop,VEN,42,Venezuela,1029869,0.725897789,0.264427215,0.737517715,0.247651070
latin_america_caribbean,pop,ARG,24,Argentina,2035285,0.916513920,0.180073738,0.917826653,0.177479014
latin_america_caribbean,pop,BOL,24,Bolivia,433915,0.890499234,0.202777341,0.898921371,0.191472664
latin_america_caribbean,pop,BRA,24,Brazil,8155394,0.882520676,0.197980419,0.880308986,0.197672293
latin_america_caribbean,pop,CHL,24,Chile,769879,0.859898448,0.202187851,0.865625501,0.195458800
latin_america_caribbean,pop,COL,24,Colombia,1268420,0.610272884,0.227846310,0.613107145,0.223258257
latin_america_caribbean,pop,CRI,24,Costa Rica,270462,0.885570407,0.197552279,0.896423817,0.191630885
latin_america_caribbean,pop,CUB,24,Cuba,442581,0.909930885,0.158268839,0.911907315,0.157704711
latin_america_caribbean,pop,DOM,24,Dominican Republic,492138,0.932911694,0.149384290,0.934665680,0.146765634
latin_america_caribbean,pop,ECU,24,Ecuador,660984,0.909742892,0.181055695,0.910119474,0.182808533
latin_america_caribbean,pop,GTM,24,Guatemala,1279296,0.863856912,0.222445801,0.863904834,0.221702591
latin_america_caribbean,pop,HND,24,Honduras,583234,0.827284098,0.250375718,0.821262121,0.256743848
latin_america_caribbean,pop,HTI,24,Haiti,888948,0.863676190,0.126994625,0.859800458,0.117058992
latin_america_caribbean,pop,JAM,24,Jamaica,167992,0.757092893,0.224169150,0.746940732,0.236854345
latin_america_caribbean,pop,MEX,24,Mexico,6160944,0.875719249,0.192696959,0.874575913,0.194043994
latin_america_caribbean,pop,NIC,24,Nicaragua,295762,0.867586017,0.216104016,0.876160204,0.211832210
latin_america_caribbean,pop,PAN,24,Panama,199602,0.822774053,0.222482651,0.830299616,0.222721949
latin_america_caribbean,pop,PER,24,Peru,1029864,0.891350448,0.178281173,0.894880474,0.173323616
latin_america_caribbean,pop,PRI,24,Puerto Rico,315266,0.738793373,0.280311763,0.733602583,0.282934755
latin_america_caribbean,pop,PRY,24,Paraguay,331821,0.893949986,0.197273657,0.916364968,0.171397388
latin_america_caribbean,pop,SLV,24,El Salvador,353110,0.866239607,0.199980766,0.866374254,0.199120194
latin_america_caribbean,pop,URY,24,Uruguay,181620,0.742222667,0.244900420,0.759890139,0.239739046
latin_america_caribbean,pop,VEN,24,Venezuela,1029869,0.760431349,0.247413889,0.782606125,0.230396062
latin_america_caribbean,pop,ARG,7,Argentina,2035285,0.919050872,0.179965228,0.923726857,0.173896134
latin_america_caribbean,pop,BOL,7,Bolivia,433915,0.897329211,0.200270846,0.903716087,0.190118313
latin_america_caribbean,pop,BRA,7,Brazil,8155394,0.884934902,0.199502602,0.881665468,0.200646177
latin_america_caribbean,pop,CHL,7,Chile,769879,0.869012117,0.192024603,0.868068278,0.191289753
latin_america_caribbean,pop,COL,7,Colombia,1268420,0.641922295,0.219777077,0.647230268,0.216757283
latin_america_caribbean,pop,CRI,7,Costa Rica,270462,0.890264153,0.177338928,0.888438940,0.178575218
latin_america_caribbean,pop,CUB,7,Cuba,442581,0.880830288,0.167344138,0.897902548,0.153016314
latin_america_caribbean,pop,DOM,7,Dominican Republic,492138,0.920296431,0.169124663,0.930750668,0.161593899
latin_america_caribbean,pop,ECU,7,Ecuador,660984,0.906871855,0.187339187,0.908668280,0.183783352
latin_america_caribbean,pop,GTM,7,Guatemala,1279296,0.853297353,0.212045029,0.849019647,0.215025365
latin_america_caribbean,pop,HND,7,Honduras,583234,0.800586700,0.256246030,0.797384679,0.255041003
latin_america_caribbean,pop,HTI,7,Haiti,888948,0.810583770,0.105953574,0.873548448,0.093108952
latin_america_caribbean,pop,JAM,7,Jamaica,167992,0.762925267,0.224203438,0.782340944,0.218742907
latin_america_caribbean,pop,MEX,7,Mexico,6160944,0.881627738,0.191294879,0.877938926,0.191413686
latin_america_caribbean,pop,NIC,7,Nicaragua,295762,0.884741068,0.218429044,0.890997291,0.213312104
latin_america_caribbean,pop,PAN,7,Panama,199602,0.773750663,0.258850366,0.789212167,0.251470476
latin_america_caribbean,pop,PER,7,Peru,1029864,0.880169749,0.185758993,0.892401516,0.174998224
latin_america_caribbean,pop,PRI,7,Puerto Rico,315266,0.729316652,0.276856720,0.730403066,0.279315054
latin_america_caribbean,pop,PRY,7,Paraguay,331821,0.891208172,0.198793113,0.912152112,0.171156108
latin_america_caribbean,pop,SLV,7,El Salvador,353110,0.855208755,0.193147570,0.864218712,0.188482836
latin_america_caribbean,pop,URY,7,Uruguay,181620,0.678465605,0.294649750,0.714120269,0.277061105
latin_america_caribbean,pop,VEN,7,Venezuela,1029869,0.739986658,0.271915346,0.749056578,0.250528425
latin_america_caribbean,pop,ARG,0,Argentina,2035285,0.915660560,0.176077619,0.923477292,0.164696708
latin_america_caribbean,pop,BOL,0,Bolivia,433915,0.905952930,0.199554056,0.915662825,0.186532035
latin_america_caribbean,pop,BRA,0,Brazil,8155394,0.879654765,0.198400006,0.877728462,0.197770730
latin_america_caribbean,pop,CHL,0,Chile,769879,0.870717645,0.190371156,0.868296206,0.190261662
latin_america_caribbean,pop,COL,0,Colombia,1268420,0.603002608,0.243083745,0.614497185,0.232911900
latin_america_caribbean,pop,CRI,0,Costa Rica,270462,0.892045557,0.187650070,0.895846844,0.184695750
latin_america_caribbean,pop,CUB,0,Cuba,442581,0.890219808,0.152268857,0.894231677,0.152478606
latin_america_caribbean,pop,DOM,0,Dominican Republic,492138,0.920794427,0.171706855,0.933729589,0.153385997
latin_america_caribbean,pop,ECU,0,Ecuador,660984,0.905941129,0.180503681,0.907431126,0.179582745
latin_america_caribbean,pop,GTM,0,Guatemala,1279296,0.860026836,0.217624798,0.854741812,0.216025084
latin_america_caribbean,pop,HND,0,Honduras,583234,0.782343268,0.268250614,0.787773490,0.268703163
latin_america_caribbean,pop,HTI,0,Haiti,888948,0.848225355,0.133767709,0.865625799,0.119956724
latin_america_caribbean,pop,JAM,0,Jamaica,167992,0.713958502,0.206266806,0.745648503,0.204268768
latin_america_caribbean,pop,MEX,0,Mexico,6160944,0.878269315,0.192555413,0.875913143,0.195826441
latin_america_caribbean,pop,NIC,0,Nicaragua,295762,0.889117479,0.216470465,0.888495803,0.218768552
latin_america_caribbean,pop,PAN,0,Panama,199602,0.824719310,0.229128420,0.847027779,0.220216781
latin_america_caribbean,pop,PER,0,Peru,1029864,0.889276862,0.169213817,0.895476520,0.165407285
latin_america_caribbean,pop,PRI,0,Puerto Rico,315266,0.733439684,0.273418099,0.728515923,0.279924542
latin_america_caribbean,pop,PRY,0,Paraguay,331821,0.906378567,0.196494788,0.925124884,0.169732198
latin_america_caribbean,pop,SLV,0,El Salvador,353110,0.858651161,0.197189927,0.857392430,0.193865210
latin_america_caribbean,pop,URY,0,Uruguay,181620,0.720699906,0.248648584,0.747532010,0.240851656
latin_america_caribbean,pop,VEN,0,Venezuela,1029869,0.762135983,0.266449392,0.780152678,0.244049609
latin_america_caribbean,pop,ARG,100,Argentina,2035285,0.925199986,0.172099829,0.928500712,0.168213606
latin_america_caribbean,pop,BOL,100,Bolivia,433915,0.895788372,0.202452928,0.902435362,0.192176372
latin_america_caribbean,pop,BRA,100,Brazil,8155394,0.885285318,0.199929491,0.882080495,0.199952841
latin_america_caribbean,pop,CHL,100,Chile,769879,0.849892557,0.194491044,0.861116946,0.188806519
latin_america_caribbean,pop,COL,100,Colombia,1268420,0.641405642,0.231502131,0.649764419,0.224679410
latin_america_caribbean,pop,CRI,100,Costa Rica,270462,0.907761276,0.172231480,0.908330917,0.170973271
latin_america_caribbean,pop,CUB,100,Cuba,442581,0.880757689,0.182312042,0.918698788,0.160491884
latin_america_caribbean,pop,DOM,100,Dominican Republic,492138,0.925703764,0.147507340,0.927301884,0.146256819
latin_america_caribbean,pop,ECU,100,Ecuador,660984,0.903817296,0.174213052,0.904200315,0.173583373
latin_america_caribbean,pop,GTM,100,Guatemala,1279296,0.868542790,0.215246812,0.862912774,0.217151135
latin_america_caribbean,pop,HND,100,Honduras,583234,0.816474736,0.273731828,0.816780090,0.271882743
latin_america_caribbean,pop,HTI,100,Haiti,888948,0.837262392,0.112739697,0.868746638,0.098432899
latin_america_caribbean,pop,JAM,100,Jamaica,167992,0.694355309,0.223597735,0.747182727,0.218964711
latin_america_caribbean,pop,MEX,100,Mexico,6160944,0.880288124,0.190269947,0.877409399,0.193124518
latin_america_caribbean,pop,NIC,100,Nicaragua,295762,0.893278062,0.224594921,0.894467056,0.222323507
latin_america_caribbean,pop,PAN,100,Panama,199602,0.825739980,0.204564855,0.819654226,0.206835806
latin_america_caribbean,pop,PER,100,Peru,1029864,0.894024670,0.170299560,0.899493396,0.165792897
latin_america_caribbean,pop,PRI,100,Puerto Rico,315266,0.741193056,0.271755666,0.731402516,0.276756167
latin_america_caribbean,pop,PRY,100,Paraguay,331821,0.892256618,0.213136867,0.907243907,0.188134059
latin_america_caribbean,pop,SLV,100,El Salvador,353110,0.845715225,0.192451850,0.852796316,0.187103167
latin_america_caribbean,pop,URY,100,Uruguay,181620,0.649279237,0.241987899,0.667089343,0.241107821
latin_america_caribbean,pop,VEN,100,Venezuela,1029869,0.744356990,0.243856564,0.749458253,0.231467426
latin_america_caribbean,ntl,ARG,42,Argentina,82740,0.709561229,0.344763458,0.735432029,0.328854322
latin_america_caribbean,ntl,BOL,42,Bolivia,17437,0.890953183,0.207595602,0.899524987,0.201230943
latin_america_caribbean,ntl,BRA,42,Brazil,332946,0.804250002,0.309956819,0.804033041,0.309247792
latin_america_caribbean,ntl,CHL,42,Chile,31892,0.823157907,0.280543596,0.826874375,0.279996961
latin_america_caribbean,ntl,COL,42,Colombia,52157,0.860755622,0.166411161,0.874030054,0.155973345
latin_america_caribbean,ntl,CRI,42,Costa Rica,10944,0.870308101,0.216608003,0.896209300,0.194269344
latin_america_caribbean,ntl,CUB,42,Cuba,18386,0.412315369,0.176864341,0.421764672,0.173983604
latin_america_caribbean,ntl,DOM,42,Dominican Republic,19931,0.897794843,0.193885818,0.909891486,0.185433850
latin_america_caribbean,ntl,ECU,42,Ecuador,27117,0.723751426,0.246004060,0.673900664,0.240257517
latin_america_caribbean,ntl,GTM,42,Guatemala,51579,0.842691839,0.174031496,0.861757457,0.156444028
latin_america_caribbean,ntl,HND,42,Honduras,23700,0.841265619,0.225623980,0.843862832,0.228971854
latin_america_caribbean,ntl,HTI,42,Haiti,36225,0.720149219,0.147626773,0.707243085,0.150490358
latin_america_caribbean,ntl,JAM,42,Jamaica,6963,0.834586442,0.230456606,0.864838302,0.216669470
latin_america_caribbean,ntl,MEX,42,Mexico,248414,0.412472546,0.153153837,0.541860223,0.126540154
latin_america_caribbean,ntl,NIC,42,Nicaragua,12248,0.865240753,0.196152762,0.865406454,0.196486041
latin_america_caribbean,ntl,PAN,42,Panama,8215,0.728840113,0.252700835,0.773935258,0.233207494
latin_america_caribbean,ntl,PER,42,Peru,42148,0.908913910,0.177993596,0.913523614,0.180178732
latin_america_caribbean,ntl,PRI,42,Puerto Rico,12847,0.831992924,0.231549665,0.839499712,0.231748223
latin_america_caribbean,ntl,PRY,42,Paraguay,13545,0.852150083,0.256094128,0.863767982,0.246244907
latin_america_caribbean,ntl,SLV,42,El Salvador,14184,0.815309227,0.219457448,0.829082668,0.207152173
latin_america_caribbean,ntl,URY,42,Uruguay,7549,0.789703608,0.333387256,0.827220500,0.306000024
latin_america_caribbean,ntl,VEN,42,Venezuela,42187,0.083005250,0.132857144,0.020445943,0.114484727
latin_america_caribbean,ntl,ARG,24,Argentina,82740,0.753276050,0.325321525,0.768481731,0.319637626
latin_america_caribbean,ntl,BOL,24,Bolivia,17437,0.904044569,0.197329879,0.919683397,0.179900259
latin_america_caribbean,ntl,BRA,24,Brazil,332946,0.801844954,0.306810170,0.805569172,0.306642801
latin_america_caribbean,ntl,CHL,24,Chile,31892,0.823202372,0.282891124,0.828341007,0.273863792
latin_america_caribbean,ntl,COL,24,Colombia,52157,0.856620729,0.159493610,0.856445551,0.162032470
latin_america_caribbean,ntl,CRI,24,Costa Rica,10944,0.885431230,0.201277599,0.902084649,0.187283650
latin_america_caribbean,ntl,CUB,24,Cuba,18386,0.552384853,0.288164228,0.448439419,0.248537317
latin_america_caribbean,ntl,DOM,24,Dominican Republic,19931,0.894949198,0.213414371,0.900964022,0.209647462
latin_america_caribbean,ntl,ECU,24,Ecuador,27117,0.570282519,0.267618418,0.581015348,0.269766659
latin_america_caribbean,ntl,GTM,24,Guatemala,51579,0.865936100,0.192874253,0.860425472,0.201566339
latin_america_caribbean,ntl,HND,24,Honduras,23700,0.867085695,0.188231066,0.882304370,0.186022118
latin_america_caribbean,ntl,HTI,24,Haiti,36225,0.554085851,0.200083703,0.560411096,0.206068724
latin_america_caribbean,ntl,JAM,24,Jamaica,6963,0.772110760,0.235050142,0.810470641,0.217918068
latin_america_caribbean,ntl,MEX,24,Mexico,248414,0.259836137,0.115295492,0.211872578,0.108673714
latin_america_caribbean,ntl,NIC,24,Nicaragua,12248,0.833947182,0.232478082,0.829118550,0.235970765
latin_america_caribbean,ntl,PAN,24,Panama,8215,0.781342387,0.237614363,0.831780195,0.211898103
latin_america_caribbean,ntl,PER,24,Peru,42148,0.879140794,0.189850509,0.781158447,0.176735654
latin_america_caribbean,ntl,PRI,24,Puerto Rico,12847,0.834223270,0.243730366,0.841045558,0.243614137
latin_america_caribbean,ntl,PRY,24,Paraguay,13545,0.857721567,0.247342095,0.859412849,0.239698097
latin_america_caribbean,ntl,SLV,24,El Salvador,14184,0.715223968,0.225047082,0.718901932,0.228296325
latin_america_caribbean,ntl,URY,24,Uruguay,7549,0.786330342,0.307275951,0.814540207,0.294628322
latin_america_caribbean,ntl,VEN,24,Venezuela,42187,0.134031177,0.110665388,0.135269463,0.092407517
latin_america_caribbean,ntl,ARG,7,Argentina,82740,0.768559158,0.328430295,0.784979045,0.321195066
latin_america_caribbean,ntl,BOL,7,Bolivia,17437,0.890923083,0.203510970,0.889024079,0.196580276
latin_america_caribbean,ntl,BRA,7,Brazil,332946,0.795469761,0.311709434,0.801088333,0.304282427
latin_america_caribbean,ntl,CHL,7,Chile,31892,0.808366895,0.284034580,0.821161509,0.280017227
latin_america_caribbean,ntl,COL,7,Colombia,52157,0.605946183,0.179091513,0.655301332,0.163280249
latin_america_caribbean,ntl,CRI,7,Costa Rica,10944,0.872317135,0.235786676,0.894922256,0.206510216
latin_america_caribbean,ntl,CUB,7,Cuba,18386,0.293994427,0.173703626,0.285977125,0.195811406
latin_america_caribbean,ntl,DOM,7,Dominican Republic,19931,0.887847960,0.204549059,0.890530646,0.204039574
latin_america_caribbean,ntl,ECU,7,Ecuador,27117,0.495435059,0.268209964,0.527918816,0.248320520
latin_america_caribbean,ntl,GTM,7,Guatemala,51579,0.856689572,0.190523565,0.862171710,0.178317934
latin_america_caribbean,ntl,HND,7,Honduras,23700,0.848900676,0.198708698,0.836195827,0.198412508
latin_america_caribbean,ntl,HTI,7,Haiti,36225,0.780633450,0.135751858,0.724448681,0.153799713
latin_america_caribbean,ntl,JAM,7,Jamaica,6963,0.813753128,0.241914421,0.832976758,0.239474744
latin_america_caribbean,ntl,MEX,7,Mexico,248414,0.149208844,0.141555488,0.191891491,0.122308642
latin_america_caribbean,ntl,NIC,7,Nicaragua,12248,0.831419945,0.224611729,0.837266862,0.221557140
latin_america_caribbean,ntl,PAN,7,Panama,8215,0.759890139,0.268308133,0.836610496,0.241891503
latin_america_caribbean,ntl,PER,7,Peru,42148,0.891761839,0.195065275,0.915681660,0.173177317
latin_america_caribbean,ntl,PRI,7,Puerto Rico,12847,0.852361858,0.240449652,0.847803235,0.242553949
latin_america_caribbean,ntl,PRY,7,Paraguay,13545,0.840538025,0.264686495,0.852350116,0.249843791
latin_america_caribbean,ntl,SLV,7,El Salvador,14184,0.694131136,0.243581265,0.738093495,0.231082231
latin_america_caribbean,ntl,URY,7,Uruguay,7549,0.787013054,0.332440794,0.798348069,0.320112973
latin_america_caribbean,ntl,VEN,7,Venezuela,42187,-0.732770085,0.102893665,-0.557232022,0.105110668
latin_america_caribbean,ntl,ARG,0,Argentina,82740,0.785010159,0.319005728,0.789741039,0.316135317
latin_america_caribbean,ntl,BOL,0,Bolivia,17437,0.896359563,0.206693605,0.902483940,0.200961664
latin_america_caribbean,ntl,BRA,0,Brazil,332946,0.800439775,0.297680646,0.800108016,0.305314183
latin_america_caribbean,ntl,CHL,0,Chile,31892,0.820102990,0.280021548,0.829181135,0.278906167
latin_america_caribbean,ntl,COL,0,Colombia,52157,0.786825240,0.192453519,0.739284277,0.171713889
latin_america_caribbean,ntl,CRI,0,Costa Rica,10944,0.867723584,0.224635690,0.882434905,0.214959323
latin_america_caribbean,ntl,CUB,0,Cuba,18386,0.700069785,0.159525499,0.698094130,0.156604245
latin_america_caribbean,ntl,DOM,0,Dominican Republic,19931,0.889270306,0.213168174,0.903507888,0.205218077
latin_america_caribbean,ntl,ECU,0,Ecuador,27117,0.396012485,0.262984365,0.412183702,0.258191437
latin_america_caribbean,ntl,GTM,0,Guatemala,51579,0.801097691,0.192089900,0.826531351,0.174124107
latin_america_caribbean,ntl,HND,0,Honduras,23700,0.862092495,0.230397731,0.853026092,0.230708808
latin_america_caribbean,ntl,HTI,0,Haiti,36225,0.683889270,0.176479936,0.644947171,0.165215835
latin_america_caribbean,ntl,JAM,0,Jamaica,6963,0.813671708,0.221319184,0.862618864,0.198749676
latin_america_caribbean,ntl,MEX,0,Mexico,248414,0.214464188,0.120116875,0.266117096,0.111512236
latin_america_caribbean,ntl,NIC,0,Nicaragua,12248,0.852412462,0.211955130,0.860766768,0.212426290
latin_america_caribbean,ntl,PAN,0,Panama,8215,0.821016133,0.213610679,0.823727965,0.208667487
latin_america_caribbean,ntl,PER,0,Peru,42148,0.896294475,0.192181110,0.908311009,0.181040451
latin_america_caribbean,ntl,PRI,0,Puerto Rico,12847,0.832070470,0.234105974,0.828368902,0.233678922
latin_america_caribbean,ntl,PRY,0,Paraguay,13545,0.849614263,0.257162839,0.872047901,0.241138861
latin_america_caribbean,ntl,SLV,0,El Salvador,14184,0.703816891,0.258134961,0.743569195,0.248288453
latin_america_caribbean,ntl,URY,0,Uruguay,7549,0.779042423,0.325804621,0.800049722,0.310335308
latin_america_caribbean,ntl,VEN,0,Venezuela,42187,-2.201480865,0.103845775,-2.791548729,0.081533529
latin_america_caribbean,ntl,ARG,100,Argentina,82740,0.751427174,0.337230265,0.780309439,0.326190323
latin_america_caribbean,ntl,BOL,100,Bolivia,17437,0.904174566,0.202047452,0.908802450,0.195872098
latin_america_caribbean,ntl,BRA,100,Brazil,332946,0.794823349,0.309125513,0.808991134,0.306263924
latin_america_caribbean,ntl,CHL,100,Chile,31892,0.811995268,0.277524203,0.825911045,0.272220433
latin_america_caribbean,ntl,COL,100,Colombia,52157,0.768356621,0.164275691,0.783627272,0.154039487
latin_america_caribbean,ntl,CRI,100,Costa Rica,10944,0.868538916,0.223864362,0.892038882,0.203220323
latin_america_caribbean,ntl,CUB,100,Cuba,18386,0.054361820,0.349163830,0.062850893,0.332415551
latin_america_caribbean,ntl,DOM,100,Dominican Republic,19931,0.907167554,0.200798064,0.911858857,0.199364513
latin_america_caribbean,ntl,ECU,100,Ecuador,27117,0.532917857,0.264760345,0.577103555,0.243138820
latin_america_caribbean,ntl,GTM,100,Guatemala,51579,0.787532449,0.174156442,0.792725801,0.167932376
latin_america_caribbean,ntl,HND,100,Honduras,23700,0.867365956,0.201998115,0.865142703,0.207564265
latin_america_caribbean,ntl,HTI,100,Haiti,36225,0.665550470,0.138150841,0.669861794,0.120528281
latin_america_caribbean,ntl,JAM,100,Jamaica,6963,0.787833750,0.242795274,0.861166954,0.225977570
latin_america_caribbean,ntl,MEX,100,Mexico,248414,0.163227320,0.119699605,0.132383883,0.117245510
latin_america_caribbean,ntl,NIC,100,Nicaragua,12248,0.807419300,0.221186697,0.816735268,0.212982148
latin_america_caribbean,ntl,PAN,100,Panama,8215,0.639273524,0.294274837,0.686341166,0.285402387
latin_america_caribbean,ntl,PER,100,Peru,42148,0.609030843,0.190002620,0.608647108,0.186589316
latin_america_caribbean,ntl,PRI,100,Puerto Rico,12847,0.832340181,0.241360366,0.838991642,0.238718048
latin_america_caribbean,ntl,PRY,100,Paraguay,13545,0.889146805,0.238344714,0.893367350,0.234393671
latin_america_caribbean,ntl,SLV,100,El Salvador,14184,0.495281458,0.230125815,0.692632556,0.202859387
latin_america_caribbean,ntl,URY,100,Uruguay,7549,0.735556602,0.324981153,0.767474592,0.306271434
latin_america_caribbean,ntl,VEN,100,Venezuela,42187,0.027173281,0.188721985,0.141031981,0.171499968
latin_america_caribbean,pm25,ARG,42,Argentina,14436,0.964128196,0.139431745,0.975684345,0.109860979
latin_america_caribbean,pm25,BOL,42,Bolivia,3016,0.967376828,0.125617996,0.979681134,0.098875694
latin_america_caribbean,pm25,BRA,42,Brazil,57770,0.971668482,0.119985968,0.978519499,0.105178855
latin_america_caribbean,pm25,CHL,42,Chile,5523,0.900897205,0.227617607,0.922574520,0.197749645
latin_america_caribbean,pm25,COL,42,Colombia,9007,0.924632967,0.204862505,0.936654389,0.184228942
latin_america_caribbean,pm25,CRI,42,Costa Rica,1876,0.864786088,0.276198745,0.884906590,0.247628823
latin_america_caribbean,pm25,CUB,42,Cuba,3223,0.883802891,0.270489365,0.928829253,0.211641207
latin_america_caribbean,pm25,DOM,42,Dominican Republic,3450,0.895391285,0.248514473,0.920134246,0.215787724
latin_america_caribbean,pm25,ECU,42,Ecuador,4735,0.952164292,0.142906711,0.969084203,0.113451704
latin_america_caribbean,pm25,GTM,42,Guatemala,8891,0.865525424,0.274919540,0.898877740,0.232035622
latin_america_caribbean,pm25,HND,42,Honduras,4089,0.898780465,0.236932710,0.910952568,0.219614446
latin_america_caribbean,pm25,HTI,42,Haiti,6247,0.916756630,0.223491728,0.946561277,0.180161685
latin_america_caribbean,pm25,JAM,42,Jamaica,1255,0.788208783,0.345251173,0.838769734,0.290617108
latin_america_caribbean,pm25,MEX,42,Mexico,43240,0.936907649,0.192581385,0.949947596,0.170519203
latin_america_caribbean,pm25,NIC,42,Nicaragua,2129,0.932352662,0.188789651,0.943159223,0.173925072
latin_america_caribbean,pm25,PAN,42,Panama,1430,0.790685177,0.359595686,0.866686404,0.284468651
latin_america_caribbean,pm25,PER,42,Peru,7318,0.930051506,0.195034891,0.956684053,0.145144537
latin_america_caribbean,pm25,PRI,42,Puerto Rico,2216,0.673403263,0.469582438,0.751968324,0.390765518
latin_america_caribbean,pm25,PRY,42,Paraguay,2354,0.850264668,0.320756167,0.891585946,0.266571671
latin_america_caribbean,pm25,SLV,42,El Salvador,2463,0.839335263,0.321607471,0.883540332,0.269966722
latin_america_caribbean,pm25,URY,42,Uruguay,1295,0.817391455,0.340210795,0.912937760,0.231645048
latin_america_caribbean,pm25,VEN,42,Venezuela,7378,0.892335355,0.235114336,0.924782038,0.191122040
latin_america_caribbean,pm25,ARG,24,Argentina,14436,0.963822842,0.139690459,0.978037417,0.109084748
latin_america_caribbean,pm25,BOL,24,Bolivia,3016,0.964209735,0.131479785,0.973980367,0.108810872
latin_america_caribbean,pm25,BRA,24,Brazil,57770,0.972140789,0.125073224,0.979794741,0.108180664
latin_america_caribbean,pm25,CHL,24,Chile,5523,0.891584635,0.241228342,0.925955474,0.194816753
latin_america_caribbean,pm25,COL,24,Colombia,9007,0.919975162,0.207413033,0.938072622,0.182126775
latin_america_caribbean,pm25,CRI,24,Costa Rica,1876,0.816298902,0.325279802,0.845521867,0.287682801
latin_america_caribbean,pm25,CUB,24,Cuba,3223,0.889650822,0.242706701,0.925384939,0.203466192
latin_america_caribbean,pm25,DOM,24,Dominican Republic,3450,0.873154163,0.279081047,0.913498819,0.222041264
latin_america_caribbean,pm25,ECU,24,Ecuador,4735,0.940900207,0.166361302,0.968884051,0.120249078
latin_america_caribbean,pm25,GTM,24,Guatemala,8891,0.829375625,0.298301518,0.870777965,0.255144924
latin_america_caribbean,pm25,HND,24,Honduras,4089,0.879712582,0.243526772,0.902873755,0.218826070
latin_america_caribbean,pm25,HTI,24,Haiti,6247,0.928039551,0.204144314,0.948069990,0.173504338
latin_america_caribbean,pm25,JAM,24,Jamaica,1255,0.791902065,0.351331890,0.839358807,0.307033628
latin_america_caribbean,pm25,MEX,24,Mexico,43240,0.946609199,0.178866774,0.949367344,0.172828972
latin_america_caribbean,pm25,NIC,24,Nicaragua,2129,0.934573174,0.199633688,0.944107354,0.177980587
latin_america_caribbean,pm25,PAN,24,Panama,1430,0.840539098,0.304649234,0.887737155,0.255807698
latin_america_caribbean,pm25,PER,24,Peru,7318,0.932954788,0.194209397,0.953824401,0.154685900
latin_america_caribbean,pm25,PRI,24,Puerto Rico,2216,0.709287524,0.403271168,0.747692943,0.376475424
latin_america_caribbean,pm25,PRY,24,Paraguay,2354,0.838480234,0.340084761,0.894760668,0.273139805
latin_america_caribbean,pm25,SLV,24,El Salvador,2463,0.830554724,0.307044417,0.877303600,0.265190363
latin_america_caribbean,pm25,URY,24,Uruguay,1295,0.867335081,0.307005465,0.898157120,0.256735235
latin_america_caribbean,pm25,VEN,24,Venezuela,7378,0.899074495,0.232908472,0.929320335,0.191046849
latin_america_caribbean,pm25,ARG,7,Argentina,14436,0.968088925,0.133624732,0.974225283,0.120308846
latin_america_caribbean,pm25,BOL,7,Bolivia,3016,0.964784682,0.140591651,0.974578381,0.113939397
latin_america_caribbean,pm25,BRA,7,Brazil,57770,0.969537795,0.121312678,0.977715492,0.106170632
latin_america_caribbean,pm25,CHL,7,Chile,5523,0.901436806,0.219510779,0.916148186,0.205186144
latin_america_caribbean,pm25,COL,7,Colombia,9007,0.918323100,0.211290628,0.938374519,0.182230011
latin_america_caribbean,pm25,CRI,7,Costa Rica,1876,0.833441317,0.301776171,0.875558257,0.253109992
latin_america_caribbean,pm25,CUB,7,Cuba,3223,0.884761870,0.266940057,0.924053013,0.213117585
latin_america_caribbean,pm25,DOM,7,Dominican Republic,3450,0.887690127,0.253726274,0.902980506,0.232373521
latin_america_caribbean,pm25,ECU,7,Ecuador,4735,0.953814924,0.151030913,0.961734653,0.134489402
latin_america_caribbean,pm25,GTM,7,Guatemala,8891,0.850297451,0.274102569,0.883703709,0.237973139
latin_america_caribbean,pm25,HND,7,Honduras,4089,0.871751308,0.270623028,0.898672581,0.242542386
latin_america_caribbean,pm25,HTI,7,Haiti,6247,0.926510453,0.210127726,0.951500058,0.169514462
latin_america_caribbean,pm25,JAM,7,Jamaica,1255,0.794689894,0.343852758,0.828777075,0.306710869
latin_america_caribbean,pm25,MEX,7,Mexico,43240,0.944995284,0.177756548,0.946522117,0.174499631
latin_america_caribbean,pm25,NIC,7,Nicaragua,2129,0.936651409,0.193964079,0.948823333,0.178397849
latin_america_caribbean,pm25,PAN,7,Panama,1430,0.774784923,0.377667904,0.798229814,0.345382482
latin_america_caribbean,pm25,PER,7,Peru,7318,0.932348013,0.186105877,0.953479469,0.149920776
latin_america_caribbean,pm25,PRI,7,Puerto Rico,2216,0.689503312,0.448188871,0.760284662,0.379586846
latin_america_caribbean,pm25,PRY,7,Paraguay,2354,0.818507373,0.304628730,0.857376814,0.262336761
latin_america_caribbean,pm25,SLV,7,El Salvador,2463,0.820130348,0.315567195,0.887944102,0.240552410
latin_america_caribbean,pm25,URY,7,Uruguay,1295,0.863551617,0.299226582,0.912319541,0.230502442
latin_america_caribbean,pm25,VEN,7,Venezuela,7378,0.900076866,0.233237609,0.927938461,0.194163144
latin_america_caribbean,pm25,ARG,0,Argentina,14436,0.965654969,0.134171039,0.976693034,0.110201679
latin_america_caribbean,pm25,BOL,0,Bolivia,3016,0.968311846,0.133066505,0.981858790,0.098678492
latin_america_caribbean,pm25,BRA,0,Brazil,57770,0.969260335,0.125345290,0.977920890,0.109017663
latin_america_caribbean,pm25,CHL,0,Chile,5523,0.915012360,0.210091636,0.927840531,0.195546299
latin_america_caribbean,pm25,COL,0,Colombia,9007,0.924793363,0.213855222,0.941401422,0.185972750
latin_america_caribbean,pm25,CRI,0,Costa Rica,1876,0.846957445,0.279959708,0.888593793,0.236325830
latin_america_caribbean,pm25,CUB,0,Cuba,3223,0.873305798,0.268035799,0.917104304,0.211431935
latin_america_caribbean,pm25,DOM,0,Dominican Republic,3450,0.886669099,0.258627117,0.902949154,0.231088281
latin_america_caribbean,pm25,ECU,0,Ecuador,4735,0.944409072,0.166120991,0.971779644,0.119346097
latin_america_caribbean,pm25,GTM,0,Guatemala,8891,0.848022938,0.281799674,0.883842409,0.244280070
latin_america_caribbean,pm25,HND,0,Honduras,4089,0.867043793,0.254403085,0.896549582,0.227408618
latin_america_caribbean,pm25,HTI,0,Haiti,6247,0.923715830,0.213944599,0.940795600,0.185059831
latin_america_caribbean,pm25,JAM,0,Jamaica,1255,0.788671196,0.323606282,0.846662164,0.279154778
latin_america_caribbean,pm25,MEX,0,Mexico,43240,0.944982052,0.179539606,0.950251341,0.170916960
latin_america_caribbean,pm25,NIC,0,Nicaragua,2129,0.907151401,0.233503446,0.926984906,0.205514461
latin_america_caribbean,pm25,PAN,0,Panama,1430,0.780430973,0.328915238,0.830133021,0.297847450
latin_america_caribbean,pm25,PER,0,Peru,7318,0.928555429,0.195786402,0.953368187,0.153117269
latin_america_caribbean,pm25,PRI,0,Puerto Rico,2216,0.685042024,0.418974429,0.739396334,0.384370565
latin_america_caribbean,pm25,PRY,0,Paraguay,2354,0.831243277,0.292163014,0.877829075,0.248796791
latin_america_caribbean,pm25,SLV,0,El Salvador,2463,0.828958273,0.315400720,0.877176046,0.268457264
latin_america_caribbean,pm25,URY,0,Uruguay,1295,0.853143096,0.329684377,0.906000853,0.255587637
latin_america_caribbean,pm25,VEN,0,Venezuela,7378,0.901393771,0.227432877,0.923572540,0.198732704
latin_america_caribbean,pm25,ARG,100,Argentina,14436,0.965115547,0.132477760,0.975480497,0.111053288
latin_america_caribbean,pm25,BOL,100,Bolivia,3016,0.962430835,0.137938082,0.976214886,0.108617969
latin_america_caribbean,pm25,BRA,100,Brazil,57770,0.973560572,0.119528197,0.980093420,0.105723597
latin_america_caribbean,pm25,CHL,100,Chile,5523,0.900435209,0.229232416,0.922406912,0.198958129
latin_america_caribbean,pm25,COL,100,Colombia,9007,0.922699213,0.214770570,0.944818616,0.179063261
latin_america_caribbean,pm25,CRI,100,Costa Rica,1876,0.836691320,0.319074959,0.878654003,0.256552249
latin_america_caribbean,pm25,CUB,100,Cuba,3223,0.879639030,0.254398346,0.926282883,0.206163570
latin_america_caribbean,pm25,DOM,100,Dominican Republic,3450,0.881535470,0.278489769,0.900686264,0.247803003
latin_america_caribbean,pm25,ECU,100,Ecuador,4735,0.949505627,0.152287781,0.962990165,0.134668216
latin_america_caribbean,pm25,GTM,100,Guatemala,8891,0.827738047,0.290979624,0.864401102,0.251880527
latin_america_caribbean,pm25,HND,100,Honduras,4089,0.858778596,0.280466467,0.898413479,0.240240335
latin_america_caribbean,pm25,HTI,100,Haiti,6247,0.922999084,0.212971941,0.943338573,0.180172279
latin_america_caribbean,pm25,JAM,100,Jamaica,1255,0.758242369,0.350861967,0.844027162,0.282733887
latin_america_caribbean,pm25,MEX,100,Mexico,43240,0.944951713,0.181877881,0.949792027,0.173806652
latin_america_caribbean,pm25,NIC,100,Nicaragua,2129,0.924334645,0.208007023,0.923842847,0.195983678
latin_america_caribbean,pm25,PAN,100,Panama,1430,0.847924650,0.292499810,0.884596586,0.260304540
latin_america_caribbean,pm25,PER,100,Peru,7318,0.920761466,0.197284833,0.949367821,0.150873050
latin_america_caribbean,pm25,PRI,100,Puerto Rico,2216,0.694452107,0.443886489,0.735610962,0.400590628
latin_america_caribbean,pm25,PRY,100,Paraguay,2354,0.851841509,0.293594599,0.885411441,0.256350338
latin_america_caribbean,pm25,SLV,100,El Salvador,2463,0.866636395,0.299004674,0.896525323,0.257555932
latin_america_caribbean,pm25,URY,100,Uruguay,1295,0.887747288,0.278192490,0.918472946,0.233926818
latin_america_caribbean,pm25,VEN,100,Venezuela,7378,0.861846685,0.272305280,0.917469263,0.195195138
latin_america_caribbean,lst,ARG,42,Argentina,20587,0.959810436,0.142449349,0.965762317,0.130661488
latin_america_caribbean,lst,BOL,42,Bolivia,4378,0.953156829,0.159961745,0.955473542,0.162118807
latin_america_caribbean,lst,BRA,42,Brazil,82338,0.946464121,0.176953852,0.949481964,0.172816724
latin_america_caribbean,lst,CHL,42,Chile,7739,0.968922257,0.133116946,0.972693801,0.126090840
latin_america_caribbean,lst,COL,42,Colombia,12810,0.955411434,0.166251943,0.959187031,0.157210231
latin_america_caribbean,lst,CRI,42,Costa Rica,2759,0.895744920,0.252856940,0.906755626,0.234617606
latin_america_caribbean,lst,CUB,42,Cuba,4369,0.799620569,0.344051957,0.805940866,0.341642022
latin_america_caribbean,lst,DOM,42,Dominican Republic,4923,0.878724813,0.276004136,0.893088460,0.257847995
latin_america_caribbean,lst,ECU,42,Ecuador,6692,0.933734000,0.194635004,0.940541506,0.181883350
latin_america_caribbean,lst,GTM,42,Guatemala,12872,0.964930058,0.143486202,0.968357086,0.137644306
latin_america_caribbean,lst,HND,42,Honduras,5839,0.943285584,0.179740638,0.944831789,0.176386610
latin_america_caribbean,lst,HTI,42,Haiti,8847,0.948345542,0.163976789,0.951756656,0.159890562
latin_america_caribbean,lst,JAM,42,Jamaica,1666,0.939099729,0.197475716,0.950505197,0.185522631
latin_america_caribbean,lst,MEX,42,Mexico,62105,0.944730520,0.178235337,0.944653749,0.177723378
latin_america_caribbean,lst,NIC,42,Nicaragua,3046,0.909975767,0.225240394,0.913411856,0.223041117
latin_america_caribbean,lst,PAN,42,Panama,2014,0.886148334,0.257615596,0.905639768,0.232921690
latin_america_caribbean,lst,PER,42,Peru,10358,0.952367783,0.159313440,0.958449423,0.148074016
latin_america_caribbean,lst,PRI,42,Puerto Rico,3149,0.852710009,0.289196581,0.881787598,0.256361634
latin_america_caribbean,lst,PRY,42,Paraguay,3390,0.859549224,0.276270121,0.901628613,0.232151479
latin_america_caribbean,lst,SLV,42,El Salvador,3551,0.935860157,0.205383614,0.942908049,0.190720499
latin_america_caribbean,lst,URY,42,Uruguay,1820,0.721839964,0.399694502,0.775161982,0.350455433
latin_america_caribbean,lst,VEN,42,Venezuela,10358,0.925032318,0.208139569,0.930125475,0.203693032
latin_america_caribbean,lst,ARG,24,Argentina,20587,0.956218183,0.154226363,0.967434585,0.131829768
latin_america_caribbean,lst,BOL,24,Bolivia,4378,0.957092285,0.161143586,0.957924366,0.158142909
latin_america_caribbean,lst,BRA,24,Brazil,82338,0.945238531,0.179744020,0.947701216,0.175094426
latin_america_caribbean,lst,CHL,24,Chile,7739,0.967240036,0.136988044,0.968758643,0.131759003
latin_america_caribbean,lst,COL,24,Colombia,12810,0.959353030,0.155802697,0.961086869,0.153395265
latin_america_caribbean,lst,CRI,24,Costa Rica,2759,0.908173084,0.239281833,0.921473205,0.221886680
latin_america_caribbean,lst,CUB,24,Cuba,4369,0.804741383,0.353321999,0.822246075,0.329988003
latin_america_caribbean,lst,DOM,24,Dominican Republic,4923,0.891048670,0.259606123,0.897602856,0.249802276
latin_america_caribbean,lst,ECU,24,Ecuador,6692,0.934439003,0.197788730,0.944758475,0.178459913
latin_america_caribbean,lst,GTM,24,Guatemala,12872,0.965663910,0.139373824,0.966083169,0.137753606
latin_america_caribbean,lst,HND,24,Honduras,5839,0.943182826,0.180414289,0.944287241,0.179203033
latin_america_caribbean,lst,HTI,24,Haiti,8847,0.954904854,0.170246601,0.954670966,0.168610439
latin_america_caribbean,lst,JAM,24,Jamaica,1666,0.923604846,0.217416674,0.938770533,0.191664532
latin_america_caribbean,lst,MEX,24,Mexico,62105,0.944399297,0.178534463,0.944766998,0.179133683
latin_america_caribbean,lst,NIC,24,Nicaragua,3046,0.916705728,0.209657714,0.921361208,0.202627823
latin_america_caribbean,lst,PAN,24,Panama,2014,0.880892158,0.271583378,0.883491576,0.268714279
latin_america_caribbean,lst,PER,24,Peru,10358,0.954828143,0.162587583,0.959649742,0.154577076
latin_america_caribbean,lst,PRI,24,Puerto Rico,3149,0.883647859,0.264176041,0.885965288,0.256959558
latin_america_caribbean,lst,PRY,24,Paraguay,3390,0.890444577,0.275714546,0.924755514,0.231663734
latin_america_caribbean,lst,SLV,24,El Salvador,3551,0.926699281,0.208501831,0.938517690,0.190913379
latin_america_caribbean,lst,URY,24,Uruguay,1820,0.761183918,0.367260069,0.810352445,0.330637157
latin_america_caribbean,lst,VEN,24,Venezuela,10358,0.923795700,0.204984784,0.929497182,0.197755173
latin_america_caribbean,lst,ARG,7,Argentina,20587,0.964795232,0.142665818,0.970093250,0.131207973
latin_america_caribbean,lst,BOL,7,Bolivia,4378,0.944476485,0.168666676,0.948136628,0.160341576
latin_america_caribbean,lst,BRA,7,Brazil,82338,0.944411755,0.180793658,0.948218942,0.175542235
latin_america_caribbean,lst,CHL,7,Chile,7739,0.971480310,0.132230803,0.972320735,0.127636045
latin_america_caribbean,lst,COL,7,Colombia,12810,0.960456073,0.153572276,0.960230350,0.154427364
latin_america_caribbean,lst,CRI,7,Costa Rica,2759,0.893355370,0.257536381,0.909581840,0.239117354
latin_america_caribbean,lst,CUB,7,Cuba,4369,0.786857545,0.338209510,0.804111481,0.323771238
latin_america_caribbean,lst,DOM,7,Dominican Republic,4923,0.861782312,0.266402006,0.881978750,0.247130290
latin_america_caribbean,lst,ECU,7,Ecuador,6692,0.943100095,0.186127260,0.940967202,0.189712033
latin_america_caribbean,lst,GTM,7,Guatemala,12872,0.963155985,0.140979722,0.966114283,0.137115300
latin_america_caribbean,lst,HND,7,Honduras,5839,0.939680517,0.188314751,0.943960249,0.182037309
latin_america_caribbean,lst,HTI,7,Haiti,8847,0.946326017,0.162524223,0.944769800,0.165538341
latin_america_caribbean,lst,JAM,7,Jamaica,1666,0.940288365,0.206614837,0.944306791,0.194701239
latin_america_caribbean,lst,MEX,7,Mexico,62105,0.943318605,0.177228421,0.942412078,0.178653389
latin_america_caribbean,lst,NIC,7,Nicaragua,3046,0.927754223,0.209067911,0.927732170,0.202865481
latin_america_caribbean,lst,PAN,7,Panama,2014,0.858784914,0.274113625,0.871445715,0.255624443
latin_america_caribbean,lst,PER,7,Peru,10358,0.950296938,0.162332460,0.953789532,0.156644270
latin_america_caribbean,lst,PRI,7,Puerto Rico,3149,0.872554958,0.276179969,0.881609499,0.270358741
latin_america_caribbean,lst,PRY,7,Paraguay,3390,0.867440343,0.272179961,0.910188973,0.217459008
latin_america_caribbean,lst,SLV,7,El Salvador,3551,0.928506851,0.199953184,0.935083926,0.191950202
latin_america_caribbean,lst,URY,7,Uruguay,1820,0.781496644,0.377226353,0.821943581,0.345665008
latin_america_caribbean,lst,VEN,7,Venezuela,10358,0.927728474,0.208212733,0.932964623,0.198965371
latin_america_caribbean,lst,ARG,0,Argentina,20587,0.960707903,0.150156870,0.966528237,0.136792943
latin_america_caribbean,lst,BOL,0,Bolivia,4378,0.956948042,0.152598202,0.952316165,0.161661431
latin_america_caribbean,lst,BRA,0,Brazil,82338,0.946637511,0.176004648,0.947308302,0.175197959
latin_america_caribbean,lst,CHL,0,Chile,7739,0.972005486,0.129818276,0.972629607,0.127352938
latin_america_caribbean,lst,COL,0,Colombia,12810,0.954338729,0.160015121,0.957894266,0.153234884
latin_america_caribbean,lst,CRI,0,Costa Rica,2759,0.886971354,0.244507059,0.905318737,0.223577037
latin_america_caribbean,lst,CUB,0,Cuba,4369,0.783262968,0.365968138,0.800556242,0.344344229
latin_america_caribbean,lst,DOM,0,Dominican Republic,4923,0.897286952,0.258262336,0.902772725,0.250686765
latin_america_caribbean,lst,ECU,0,Ecuador,6692,0.939012766,0.184977219,0.941927731,0.178700089
latin_america_caribbean,lst,GTM,0,Guatemala,12872,0.965253413,0.143041879,0.967553318,0.137420103
latin_america_caribbean,lst,HND,0,Honduras,5839,0.944816113,0.179884359,0.947076738,0.174478874
latin_america_caribbean,lst,HTI,0,Haiti,8847,0.951903403,0.165614083,0.948092103,0.171045557
latin_america_caribbean,lst,JAM,0,Jamaica,1666,0.933262825,0.192403153,0.934330642,0.187961027
latin_america_caribbean,lst,MEX,0,Mexico,62105,0.943976045,0.176324412,0.942064464,0.179322362
latin_america_caribbean,lst,NIC,0,Nicaragua,3046,0.904969215,0.228098541,0.912437320,0.215095386
latin_america_caribbean,lst,PAN,0,Panama,2014,0.875297427,0.251299024,0.876389027,0.250389934
latin_america_caribbean,lst,PER,0,Peru,10358,0.951310039,0.166169927,0.956290305,0.156030476
latin_america_caribbean,lst,PRI,0,Puerto Rico,3149,0.877922416,0.263664633,0.893382192,0.242510244
latin_america_caribbean,lst,PRY,0,Paraguay,3390,0.862036467,0.295834452,0.916641295,0.232379705
latin_america_caribbean,lst,SLV,0,El Salvador,3551,0.929590583,0.196462840,0.932561159,0.199205860
latin_america_caribbean,lst,URY,0,Uruguay,1820,0.790728807,0.359961897,0.816347361,0.328601956
latin_america_caribbean,lst,VEN,0,Venezuela,10358,0.926385164,0.205068246,0.930971980,0.198482588
latin_america_caribbean,lst,ARG,100,Argentina,20587,0.963479638,0.140297100,0.968620718,0.128199041
latin_america_caribbean,lst,BOL,100,Bolivia,4378,0.953290224,0.170036420,0.960906625,0.151691526
latin_america_caribbean,lst,BRA,100,Brazil,82338,0.948917091,0.175341159,0.950052202,0.173867866
latin_america_caribbean,lst,CHL,100,Chile,7739,0.974962592,0.124871716,0.973461449,0.128945246
latin_america_caribbean,lst,COL,100,Colombia,12810,0.960644901,0.153274775,0.961726546,0.150676906
latin_america_caribbean,lst,CRI,100,Costa Rica,2759,0.894647717,0.252076894,0.917920828,0.218351915
latin_america_caribbean,lst,CUB,100,Cuba,4369,0.804154396,0.345921904,0.820905745,0.328732163
latin_america_caribbean,lst,DOM,100,Dominican Republic,4923,0.878451943,0.259611458,0.886972189,0.251738906
latin_america_caribbean,lst,ECU,100,Ecuador,6692,0.940350354,0.195884243,0.945968986,0.185804605
latin_america_caribbean,lst,GTM,100,Guatemala,12872,0.965691268,0.140540823,0.967047155,0.138283372
latin_america_caribbean,lst,HND,100,Honduras,5839,0.942605734,0.188183382,0.947970152,0.179678634
latin_america_caribbean,lst,HTI,100,Haiti,8847,0.941303909,0.183833390,0.951616645,0.166391671
latin_america_caribbean,lst,JAM,100,Jamaica,1666,0.931500196,0.194384158,0.936985731,0.183508933
latin_america_caribbean,lst,MEX,100,Mexico,62105,0.945251286,0.177488610,0.944170058,0.179709554
latin_america_caribbean,lst,NIC,100,Nicaragua,3046,0.927000701,0.198196903,0.934841871,0.183335811
latin_america_caribbean,lst,PAN,100,Panama,2014,0.898445785,0.251470715,0.888970494,0.265364379
latin_america_caribbean,lst,PER,100,Peru,10358,0.954572499,0.160776421,0.959750593,0.149576902
latin_america_caribbean,lst,PRI,100,Puerto Rico,3149,0.855276763,0.274841905,0.881516337,0.245987862
latin_america_caribbean,lst,PRY,100,Paraguay,3390,0.880672455,0.273900330,0.916196585,0.221933097
latin_america_caribbean,lst,SLV,100,El Salvador,3551,0.925180435,0.197489202,0.931573153,0.191018194
latin_america_caribbean,lst,URY,100,Uruguay,1820,0.752207518,0.386912555,0.802077770,0.344305605
latin_america_caribbean,lst,VEN,100,Venezuela,10358,0.925814033,0.207565442,0.928353727,0.204299271
russia,gdp,RUS,42,Russia,126824,0.785759568,0.172847956,0.824918747,0.150900587
russia,gdp,RUS,24,Russia,126824,0.754892826,0.173153833,0.821717322,0.146715909
russia,gdp,RUS,7,Russia,126824,0.754989862,0.180198744,0.820495248,0.157825246
russia,gdp,RUS,0,Russia,126824,0.748928189,0.176625043,0.824292541,0.148100704
russia,gdp,RUS,100,Russia,126824,0.778922677,0.186450660,0.831490397,0.156535164
russia,pop,RUS,42,Russia,12163918,0.836259007,0.232844576,0.833722770,0.231568888
russia,pop,RUS,24,Russia,12163918,0.834589183,0.225861177,0.831154585,0.225658923
russia,pop,RUS,7,Russia,12163918,0.829508543,0.227421507,0.831681550,0.225024834
russia,pop,RUS,0,Russia,12163918,0.826674461,0.232502133,0.826833725,0.229133725
russia,pop,RUS,100,Russia,12163918,0.835774779,0.229132384,0.832371056,0.227805823
russia,ntl,RUS,42,Russia,508547,0.319815159,0.098440595,0.339511454,0.090152971
russia,ntl,RUS,24,Russia,508547,0.203512847,0.122169212,0.356985331,0.096543215
russia,ntl,RUS,7,Russia,508547,0.092728257,0.090112507,0.279882073,0.089086905
russia,ntl,RUS,0,Russia,508547,0.150307059,0.101527415,0.392843306,0.080947697
russia,ntl,RUS,100,Russia,508547,0.314263523,0.107877716,0.495890379,0.082507655
russia,pm25,RUS,42,Russia,86253,0.961131215,0.146933407,0.976331770,0.113705568
russia,pm25,RUS,24,Russia,86253,0.964080691,0.140880600,0.977129757,0.112439953
russia,pm25,RUS,7,Russia,86253,0.963653982,0.142678395,0.975812435,0.115897991
russia,pm25,RUS,0,Russia,86253,0.955830812,0.158836037,0.978002131,0.112183355
russia,pm25,RUS,100,Russia,86253,0.957994938,0.153153464,0.977551877,0.111719213
russia,lst,RUS,42,Russia,126203,0.980076015,0.109516516,0.981757641,0.104507796
russia,lst,RUS,24,Russia,126203,0.981189013,0.106890179,0.982187867,0.103676610
russia,lst,RUS,7,Russia,126203,0.980480492,0.107859820,0.982397735,0.102100343
russia,lst,RUS,0,Russia,126203,0.979901791,0.109136261,0.982021928,0.103135645
russia,lst,RUS,100,Russia,126203,0.979364395,0.110494316,0.981077135,0.105903022
china,gdp,CHN,42,China,1062581,0.599803805,0.171385378,0.671839535,0.158255249
china,gdp,CHN,24,China,1062581,0.593422294,0.169344157,0.650568306,0.151721209
china,gdp,CHN,7,China,1062581,0.589443088,0.173750639,0.656881273,0.160135403
china,gdp,CHN,0,China,1062581,0.593180299,0.164842844,0.660292983,0.155660346
china,gdp,CHN,100,China,1062581,0.590616107,0.168554634,0.639687538,0.158971265
china,pop,CHN,42,China,104702003,0.826410770,0.161313057,0.843035758,0.153940111
china,pop,CHN,24,China,104702003,0.831014991,0.166423768,0.845417798,0.156660184
china,pop,CHN,7,China,104702003,0.828584373,0.166145697,0.845197976,0.156016544
china,pop,CHN,0,China,104702003,0.825263143,0.165797323,0.842227161,0.156180039
china,pop,CHN,100,China,104702003,0.824985325,0.165732577,0.842213035,0.155102789
china,ntl,CHN,42,China,4248966,0.777191579,0.215746224,0.801038146,0.204962134
china,ntl,CHN,24,China,4248966,0.775373340,0.210845485,0.795750022,0.195236921
china,ntl,CHN,7,China,4248966,0.787174940,0.211258471,0.805990577,0.196652785
china,ntl,CHN,0,China,4248966,0.777961135,0.209786803,0.796929657,0.198073223
china,ntl,CHN,100,China,4248966,0.769794643,0.216369957,0.786695361,0.199591607
china,pm25,CHN,42,China,736539,0.966499150,0.134019032,0.981759727,0.099619620
china,pm25,CHN,24,China,736539,0.964596033,0.137265161,0.981808543,0.099347048
china,pm25,CHN,7,China,736539,0.966713846,0.134526104,0.981677175,0.099665329
china,pm25,CHN,0,China,736539,0.969169915,0.129253104,0.981412530,0.100448303
china,pm25,CHN,100,China,736539,0.965218246,0.136598140,0.981130660,0.100853465
china,lst,CHN,42,China,1059639,0.974726617,0.121884473,0.978261113,0.112248898
china,lst,CHN,24,China,1059639,0.974118352,0.123861879,0.978549600,0.112071887
china,lst,CHN,7,China,1059639,0.973629594,0.124122299,0.978008509,0.112520330
china,lst,CHN,0,China,1059639,0.975116909,0.121084541,0.978399456,0.111898229
china,lst,CHN,100,China,1059639,0.974496841,0.122122765,0.978054106,0.112421401
