source,source_country,target,target_city,matched,task,r2,r2_seed_sd,aef_r2,delta_r2
bangkok,Thailand,bangkok,Bangkok,True,gdp,0.9118983626365662,0.0123013455393317,0.8584480166435242,0.05345034599304199
bangkok,Thailand,bangkok,Bangkok,True,pop,0.8893534183502197,0.0030657093535196,0.8705501914024353,0.018803226947784468
bangkok,Thailand,bangkok,Bangkok,True,ntl,0.8102314710617066,0.0079503094664511,0.7915264129638672,0.0187050580978394
bangkok,Thailand,bangkok,Bangkok,True,pm25,0.9732138395309448,0.0013769655671233,0.9114272713661192,0.06178656816482553
bangkok,Thailand,bangkok,Bangkok,True,lst,0.9037063717842102,0.0043911223015631,0.8792263746261597,0.024479997158050493
bangkok,Thailand,chengdu,Chengdu,False,gdp,0.4752922534942627,0.0957132626321527,0.4788837194442749,-0.003591465950012196
bangkok,Thailand,chengdu,Chengdu,False,pop,0.856104576587677,0.0060593440942997,0.8577033996582031,-0.0015988230705260564
bangkok,Thailand,chengdu,Chengdu,False,ntl,0.8355959773063659,0.0200457718467503,0.8213744521141052,0.01422152519226072
bangkok,Thailand,chengdu,Chengdu,False,pm25,0.8997753381729126,0.003756228174597,0.8718617200851441,0.027913618087768488
bangkok,Thailand,chengdu,Chengdu,False,lst,0.8382584929466248,0.0097903809182236,0.8299230694770813,0.008335423469543524
bangkok,Thailand,osaka,Osaka,False,gdp,0.936506986618042,0.0033825939280561,0.9113026142120362,0.025204372406005815
bangkok,Thailand,osaka,Osaka,False,pop,0.8737955212593078,0.0076068320948521,0.8717270970344544,0.002068424224853427
bangkok,Thailand,osaka,Osaka,False,ntl,0.8317261815071106,0.0265445186652244,0.8243282318115235,0.007397949695587158
bangkok,Thailand,osaka,Osaka,False,pm25,0.8658918619155884,0.0168932485142147,0.8070080041885376,0.05888385772705085
bangkok,Thailand,osaka,Osaka,False,lst,0.9160808682441712,0.0017760786372149,0.9032204151153564,0.012860453128814786
bangkok,Thailand,mumbai,Mumbai,False,gdp,0.8974802136421204,0.0204009111403326,0.8477168917655945,0.04976332187652588
bangkok,Thailand,mumbai,Mumbai,False,pop,0.8449105381965637,0.0043433728640361,0.844646668434143,0.0002638697624206543
bangkok,Thailand,mumbai,Mumbai,False,ntl,0.8792409420013427,0.0138301544864674,0.8521237134933471,0.027117228507995583
bangkok,Thailand,mumbai,Mumbai,False,pm25,0.5974851489067078,0.0237086960544472,0.4581387996673584,0.1393463492393494
bangkok,Thailand,mumbai,Mumbai,False,lst,0.8394231677055359,0.0163150374085693,0.7870760679244995,0.052347099781036466
bangkok,Thailand,melbourne,Melbourne,False,gdp,0.7641012668609619,0.0862514565640383,0.7714314699172974,-0.007330203056335471
bangkok,Thailand,melbourne,Melbourne,False,pop,0.5171571373939514,0.1004261571402566,0.5218629121780396,-0.004705774784088179
bangkok,Thailand,melbourne,Melbourne,False,ntl,0.7429331541061401,0.0274470841470968,0.7648703336715699,-0.021937179565429732
bangkok,Thailand,melbourne,Melbourne,False,pm25,0.772802197933197,0.0456174027177948,0.7961736559867859,-0.023371458053588867
bangkok,Thailand,melbourne,Melbourne,False,lst,0.8243008255958557,0.0336421940180118,0.8441975474357605,-0.019896721839904763
bangkok,Thailand,johannesburg,Johannesburg,False,gdp,0.7228116869926453,0.0790553078116185,0.7220397353172302,0.0007719516754151057
bangkok,Thailand,johannesburg,Johannesburg,False,pop,0.8256863474845886,0.002018106500382,0.8277344465255737,-0.0020480990409851296
bangkok,Thailand,johannesburg,Johannesburg,False,ntl,0.6620545148849487,0.0189378967381737,0.668639063835144,-0.006584548950195335
bangkok,Thailand,johannesburg,Johannesburg,False,pm25,0.7066517472267151,0.0144542091609362,0.7320334315299988,-0.02538168430328369
bangkok,Thailand,johannesburg,Johannesburg,False,lst,0.8700503706932068,0.0111450125799174,0.8753825187683105,-0.0053321480751037376
bangkok,Thailand,nairobi,Nairobi,False,gdp,0.5666989803314209,0.1192525248243161,0.5730507969856262,-0.006351816654205367
bangkok,Thailand,nairobi,Nairobi,False,pop,0.859450352191925,0.0178877302909249,0.863427746295929,-0.003977394104003995
bangkok,Thailand,nairobi,Nairobi,False,ntl,0.8940315842628479,0.0103818938467138,0.8931140542030335,0.0009175300598144309
bangkok,Thailand,nairobi,Nairobi,False,pm25,0.877816665172577,0.0080792269852304,0.8891164302825928,-0.011299765110015847
bangkok,Thailand,nairobi,Nairobi,False,lst,0.9626705050468444,0.0024383576776233,0.966173541545868,-0.003503036499023615
bangkok,Thailand,luanda,Luanda,False,gdp,0.8310675144195556,0.0185501600212063,0.8414955377578736,-0.010428023338317938
bangkok,Thailand,luanda,Luanda,False,pop,0.8844080567359924,0.0151686052228731,0.8801110029220581,0.004297053813934304
bangkok,Thailand,luanda,Luanda,False,ntl,0.8221931338310242,0.0500681474088804,0.812785518169403,0.009407615661621183
bangkok,Thailand,luanda,Luanda,False,pm25,0.8225919127464294,0.0267059172461142,0.8337416887283325,-0.011149775981903143
bangkok,Thailand,luanda,Luanda,False,lst,0.7552353978157044,0.0321519782762946,0.7419010162353515,0.013334381580352828
bangkok,Thailand,lisbon,Lisbon,False,gdp,0.7494475364685058,0.0836436425523127,0.7164652705192566,0.032982265949249245
bangkok,Thailand,lisbon,Lisbon,False,pop,0.7904648661613465,0.0190315722816192,0.803043806552887,-0.012578940391540505
bangkok,Thailand,lisbon,Lisbon,False,ntl,0.7755251407623291,0.0229820119829534,0.7678987264633179,0.0076264142990112305
bangkok,Thailand,lisbon,Lisbon,False,pm25,0.4651297688484191,0.1045731628434142,0.4636227846145629,0.0015069842338562012
bangkok,Thailand,lisbon,Lisbon,False,lst,0.597657072544098,0.0990413036882228,0.6537789225578308,-0.05612185001373282
bangkok,Thailand,paris,Paris,False,gdp,0.8928152441978454,0.01915620564152,0.8880734801292419,0.004741764068603493
bangkok,Thailand,paris,Paris,False,pop,0.8061718463897705,0.0144493620607818,0.8072999238967895,-0.001128077507019043
bangkok,Thailand,paris,Paris,False,ntl,0.7439570546150207,0.0268642933905978,0.7430349588394165,0.0009220957756042036
bangkok,Thailand,paris,Paris,False,pm25,0.778884756565094,0.0288112849911629,0.780507504940033,-0.0016227483749389204
bangkok,Thailand,paris,Paris,False,lst,0.7501505613327026,0.0232544792079648,0.7451892018318176,0.004961359500885054
bangkok,Thailand,manchester,Manchester,False,gdp,0.8493640899658204,0.011655586593962,0.8449504256248475,0.0044136643409729
bangkok,Thailand,manchester,Manchester,False,pop,0.6322749972343444,0.0224975990292649,0.6390231609344482,-0.006748163700103782
bangkok,Thailand,manchester,Manchester,False,ntl,0.6930799722671509,0.016841758333471,0.7183585047721863,-0.025278532505035423
bangkok,Thailand,manchester,Manchester,False,pm25,0.7556032657623291,0.0264492751354015,0.7636056184768677,-0.00800235271453864
bangkok,Thailand,manchester,Manchester,False,lst,0.6545449018478393,0.0294352208838583,0.6733092188835144,-0.01876431703567505
bangkok,Thailand,montreal,Montreal,False,gdp,0.8434186220169068,0.0358069226209281,0.8344319939613343,0.008986628055572488
bangkok,Thailand,montreal,Montreal,False,pop,0.7882014870643616,0.0163942609343865,0.7864136219024658,0.0017878651618957742
bangkok,Thailand,montreal,Montreal,False,ntl,0.6976276397705078,0.0357933154027653,0.6908289074897767,0.0067987322807311346
bangkok,Thailand,montreal,Montreal,False,pm25,0.6259363532066345,0.0530557381984958,0.6027352809906006,0.023201072216033958
bangkok,Thailand,montreal,Montreal,False,lst,0.5253602981567382,0.0479518738228829,0.5054529428482055,0.019907355308532715
bangkok,Thailand,los_angeles,Los Angeles,False,gdp,0.8018524765968322,0.0192171003998125,0.7770539283752441,0.024798548221588113
bangkok,Thailand,los_angeles,Los Angeles,False,pop,0.6880904197692871,0.0187202139264927,0.6913731694221497,-0.003282749652862571
bangkok,Thailand,los_angeles,Los Angeles,False,ntl,0.754546046257019,0.0181093943637409,0.7511767148971558,0.0033693313598632812
bangkok,Thailand,los_angeles,Los Angeles,False,pm25,0.7789125442504883,0.0079546107370829,0.7626042246818543,0.01630831956863399
bangkok,Thailand,los_angeles,Los Angeles,False,lst,0.8676136612892151,0.0139456955730674,0.8634871125221253,0.004126548767089844
bangkok,Thailand,rio_de_janeiro,Rio de Janeiro,False,gdp,0.6054373383522034,0.122886873466136,0.6296295523643494,-0.024192214012145996
bangkok,Thailand,rio_de_janeiro,Rio de Janeiro,False,pop,0.8803030133247376,0.0048779485237866,0.8807548522949219,-0.00045183897018430397
bangkok,Thailand,rio_de_janeiro,Rio de Janeiro,False,ntl,0.7838469743728638,0.0332012752047999,0.7783257603645325,0.005521214008331277
bangkok,Thailand,rio_de_janeiro,Rio de Janeiro,False,pm25,0.808129632472992,0.0160749335508035,0.8176258087158204,-0.009496176242828391
bangkok,Thailand,rio_de_janeiro,Rio de Janeiro,False,lst,0.9098862171173095,0.0156857553717586,0.9158910751342774,-0.006004858016967818
bangkok,Thailand,buenos_aires,Buenos Aires,False,gdp,0.9339601993560792,0.0124971150836325,0.9271620750427246,0.006798124313354581
bangkok,Thailand,buenos_aires,Buenos Aires,False,pop,0.8974429368972778,0.0067091837456447,0.9026326656341552,-0.005189728736877397
bangkok,Thailand,buenos_aires,Buenos Aires,False,ntl,0.6982952237129212,0.0288669746180311,0.7047477126121521,-0.00645248889923089
bangkok,Thailand,buenos_aires,Buenos Aires,False,pm25,0.8311166286468505,0.010555912929079,0.8404715895652771,-0.00935496091842658
bangkok,Thailand,buenos_aires,Buenos Aires,False,lst,0.5129165053367615,0.055427158029021,0.5342148661613464,-0.021298360824584917
chengdu,China,bangkok,Bangkok,False,gdp,0.8861037731170655,0.0117442201404607,0.8584480166435242,0.027655756473541238
chengdu,China,bangkok,Bangkok,False,pop,0.8715641617774963,0.0042872633002258,0.8705501914024353,0.001013970375061013
chengdu,China,bangkok,Bangkok,False,ntl,0.7988861322402954,0.0147659090872647,0.7915264129638672,0.0073597192764282005
chengdu,China,bangkok,Bangkok,False,pm25,0.9469335675239564,0.0042298459518716,0.9114272713661192,0.03550629615783718
chengdu,China,bangkok,Bangkok,False,lst,0.892192792892456,0.0073943720115978,0.8792263746261597,0.012966418266296298
chengdu,China,chengdu,Chengdu,True,gdp,0.5075744390487671,0.0991604894695258,0.4788837194442749,0.02869071960449221
chengdu,China,chengdu,Chengdu,True,pop,0.8628985643386841,0.0054736690070947,0.8577033996582031,0.005195164680480979
chengdu,China,chengdu,Chengdu,True,ntl,0.8593887090682983,0.0128142748005207,0.8213744521141052,0.03801425695419314
chengdu,China,chengdu,Chengdu,True,pm25,0.9497570633888244,0.0047413245857107,0.8718617200851441,0.07789534330368031
chengdu,China,chengdu,Chengdu,True,lst,0.8658596515655518,0.0041867789259015,0.8299230694770813,0.0359365820884705
chengdu,China,osaka,Osaka,False,gdp,0.9311455845832824,0.0038878712384753,0.9113026142120362,0.01984297037124627
chengdu,China,osaka,Osaka,False,pop,0.8739813446998597,0.0066595208205631,0.8717270970344544,0.0022542476654052734
chengdu,China,osaka,Osaka,False,ntl,0.8431671619415283,0.0204949870726769,0.8243282318115235,0.018838930130004816
chengdu,China,osaka,Osaka,False,pm25,0.8641009092330932,0.01451781447587,0.8070080041885376,0.057092905044555664
chengdu,China,osaka,Osaka,False,lst,0.9137966990470886,0.0010551574211998,0.9032204151153564,0.010576283931732156
chengdu,China,mumbai,Mumbai,False,gdp,0.860386335849762,0.0136890195602176,0.8477168917655945,0.01266944408416748
chengdu,China,mumbai,Mumbai,False,pop,0.8422136902809143,0.004500682940648,0.844646668434143,-0.0024329781532287376
chengdu,China,mumbai,Mumbai,False,ntl,0.8565593361854553,0.0154732344013288,0.8521237134933471,0.0044356226921081765
chengdu,China,mumbai,Mumbai,False,pm25,0.5033922910690307,0.0290704056095381,0.4581387996673584,0.04525349140167234
chengdu,China,mumbai,Mumbai,False,lst,0.7929210424423218,0.0251568347011993,0.7870760679244995,0.005844974517822288
chengdu,China,melbourne,Melbourne,False,gdp,0.7581118822097779,0.0810389719756099,0.7714314699172974,-0.013319587707519509
chengdu,China,melbourne,Melbourne,False,pop,0.523421835899353,0.0971340323082026,0.5218629121780396,0.0015589237213133877
chengdu,China,melbourne,Melbourne,False,ntl,0.7361605048179627,0.0216419445841516,0.7648703336715699,-0.028709828853607178
chengdu,China,melbourne,Melbourne,False,pm25,0.7865064740180969,0.0361465983870471,0.7961736559867859,-0.009667181968688987
chengdu,China,melbourne,Melbourne,False,lst,0.8074593901634216,0.0186628833549518,0.8441975474357605,-0.03673815727233887
chengdu,China,johannesburg,Johannesburg,False,gdp,0.6927965164184571,0.108502257097656,0.7220397353172302,-0.029243218898773127
chengdu,China,johannesburg,Johannesburg,False,pop,0.8267752051353454,0.0045737080863414,0.8277344465255737,-0.0009592413902282937
chengdu,China,johannesburg,Johannesburg,False,ntl,0.6571759223937989,0.013511000970906,0.668639063835144,-0.011463141441345193
chengdu,China,johannesburg,Johannesburg,False,pm25,0.7573630332946777,0.0113654513017223,0.7320334315299988,0.02532960176467891
chengdu,China,johannesburg,Johannesburg,False,lst,0.8719561100006104,0.0069227073766639,0.8753825187683105,-0.003426408767700173
chengdu,China,nairobi,Nairobi,False,gdp,0.586963415145874,0.1025213629508548,0.5730507969856262,0.013912618160247803
chengdu,China,nairobi,Nairobi,False,pop,0.8566086888313293,0.0206274690304408,0.863427746295929,-0.006819057464599654
chengdu,China,nairobi,Nairobi,False,ntl,0.8931405305862427,0.0187600293428823,0.8931140542030335,2.6476383209184107e-05
chengdu,China,nairobi,Nairobi,False,pm25,0.8731984496116638,0.0095141921870163,0.8891164302825928,-0.015917980670928977
chengdu,China,nairobi,Nairobi,False,lst,0.9605890989303588,0.0024631901318685,0.966173541545868,-0.005584442615509166
chengdu,China,luanda,Luanda,False,gdp,0.8334048748016357,0.0190360722307576,0.8414955377578736,-0.008090662956237837
chengdu,China,luanda,Luanda,False,pop,0.8597917199134827,0.0185087053231801,0.8801110029220581,-0.02031928300857544
chengdu,China,luanda,Luanda,False,ntl,0.8095895648002625,0.0369284693596387,0.812785518169403,-0.0031959533691405806
chengdu,China,luanda,Luanda,False,pm25,0.7894591450691223,0.0336355377242918,0.8337416887283325,-0.04428254365921025
chengdu,China,luanda,Luanda,False,lst,0.6936903953552246,0.0439392311774465,0.7419010162353515,-0.04821062088012695
chengdu,China,lisbon,Lisbon,False,gdp,0.6951925039291382,0.0593503954232908,0.7164652705192566,-0.02127276659011834
chengdu,China,lisbon,Lisbon,False,pop,0.792632269859314,0.0266614444906332,0.803043806552887,-0.010411536693572976
chengdu,China,lisbon,Lisbon,False,ntl,0.7642148494720459,0.0188916213090314,0.7678987264633179,-0.0036838769912720393
chengdu,China,lisbon,Lisbon,False,pm25,0.4671725273132324,0.0705325171052053,0.4636227846145629,0.003549742698669478
chengdu,China,lisbon,Lisbon,False,lst,0.6244921207427978,0.0111200011296366,0.6537789225578308,-0.02928680181503296
chengdu,China,paris,Paris,False,gdp,0.8844915390014648,0.0216241782642592,0.8880734801292419,-0.0035819411277770996
chengdu,China,paris,Paris,False,pop,0.808518648147583,0.011894300835769,0.8072999238967895,0.0012187242507935014
chengdu,China,paris,Paris,False,ntl,0.7608311176300049,0.0154108107881015,0.7430349588394165,0.01779615879058838
chengdu,China,paris,Paris,False,pm25,0.8081326246261596,0.0219863309413608,0.780507504940033,0.027625119686126687
chengdu,China,paris,Paris,False,lst,0.7640034437179566,0.0202530406100431,0.7451892018318176,0.018814241886139005
chengdu,China,manchester,Manchester,False,gdp,0.8476820588111877,0.0178255191257623,0.8449504256248475,0.0027316331863402876
chengdu,China,manchester,Manchester,False,pop,0.6395089387893677,0.0261494865430617,0.6390231609344482,0.0004857778549194336
chengdu,China,manchester,Manchester,False,ntl,0.7087167978286744,0.0180786284360424,0.7183585047721863,-0.009641706943511963
chengdu,China,manchester,Manchester,False,pm25,0.8268658995628357,0.0167162401022126,0.7636056184768677,0.06326028108596804
chengdu,China,manchester,Manchester,False,lst,0.6741140127182007,0.0195453140668286,0.6733092188835144,0.0008047938346863459
chengdu,China,montreal,Montreal,False,gdp,0.8527844548225403,0.0259246097639108,0.8344319939613343,0.01835246086120601
chengdu,China,montreal,Montreal,False,pop,0.7913501501083374,0.0155862060376509,0.7864136219024658,0.004936528205871649
chengdu,China,montreal,Montreal,False,ntl,0.7057316899299622,0.0294809422622892,0.6908289074897767,0.014902782440185502
chengdu,China,montreal,Montreal,False,pm25,0.6682130217552185,0.0389514206398063,0.6027352809906006,0.06547774076461788
chengdu,China,montreal,Montreal,False,lst,0.5516971230506897,0.0450255896882847,0.5054529428482055,0.04624418020248422
chengdu,China,los_angeles,Los Angeles,False,gdp,0.7932973504066467,0.030473647679606,0.7770539283752441,0.01624342203140261
chengdu,China,los_angeles,Los Angeles,False,pop,0.6847367405891418,0.0180006661769438,0.6913731694221497,-0.006636428833007857
chengdu,China,los_angeles,Los Angeles,False,ntl,0.7504676342010498,0.0135469720189893,0.7511767148971558,-0.0007090806961059792
chengdu,China,los_angeles,Los Angeles,False,pm25,0.7718087792396545,0.0164837097755483,0.7626042246818543,0.009204554557800226
chengdu,China,los_angeles,Los Angeles,False,lst,0.8664029479026795,0.0169543574544595,0.8634871125221253,0.002915835380554177
chengdu,China,rio_de_janeiro,Rio de Janeiro,False,gdp,0.5895331382751465,0.1111232946367922,0.6296295523643494,-0.040096414089202836
chengdu,China,rio_de_janeiro,Rio de Janeiro,False,pop,0.8867714524269104,0.0019160873821518,0.8807548522949219,0.006016600131988459
chengdu,China,rio_de_janeiro,Rio de Janeiro,False,ntl,0.7526587724685669,0.059635767791783,0.7783257603645325,-0.025666987895965554
chengdu,China,rio_de_janeiro,Rio de Janeiro,False,pm25,0.8072543740272522,0.0113050561793372,0.8176258087158204,-0.01037143468856816
chengdu,China,rio_de_janeiro,Rio de Janeiro,False,lst,0.9050934791564942,0.017127472023271,0.9158910751342774,-0.010797595977783181
chengdu,China,buenos_aires,Buenos Aires,False,gdp,0.9312432408332824,0.0194753287401934,0.9271620750427246,0.004081165790557728
chengdu,China,buenos_aires,Buenos Aires,False,pop,0.9001463413238525,0.0064202645074217,0.9026326656341552,-0.002486324310302712
chengdu,China,buenos_aires,Buenos Aires,False,ntl,0.7005239367485047,0.0183995831843106,0.7047477126121521,-0.0042237758636474165
chengdu,China,buenos_aires,Buenos Aires,False,pm25,0.8492639183998107,0.0159827205341963,0.8404715895652771,0.008792328834533625
chengdu,China,buenos_aires,Buenos Aires,False,lst,0.5533026576042175,0.0472690579650809,0.5342148661613464,0.019087791442871094
osaka,Japan,bangkok,Bangkok,False,gdp,0.8929886817932129,0.0121795011636311,0.8584480166435242,0.034540665149688676
osaka,Japan,bangkok,Bangkok,False,pop,0.8728020429611206,0.0032873267837779,0.8705501914024353,0.002251851558685347
osaka,Japan,bangkok,Bangkok,False,ntl,0.7948942184448242,0.0118678662359526,0.7915264129638672,0.0033678054809570535
osaka,Japan,bangkok,Bangkok,False,pm25,0.9604704737663268,0.0059247621842222,0.9114272713661192,0.04904320240020754
osaka,Japan,bangkok,Bangkok,False,lst,0.8916465997695923,0.0050155441134456,0.8792263746261597,0.01242022514343255
osaka,Japan,chengdu,Chengdu,False,gdp,0.4863024711608886,0.1030303483780281,0.4788837194442749,0.007418751716613714
osaka,Japan,chengdu,Chengdu,False,pop,0.857196843624115,0.0053114691752018,0.8577033996582031,-0.0005065560340881126
osaka,Japan,chengdu,Chengdu,False,ntl,0.8348763346672058,0.012193868491806,0.8213744521141052,0.013501882553100586
osaka,Japan,chengdu,Chengdu,False,pm25,0.9046788692474366,0.0035213234397227,0.8718617200851441,0.0328171491622925
osaka,Japan,chengdu,Chengdu,False,lst,0.8392901182174682,0.0090722457375167,0.8299230694770813,0.009367048740386963
osaka,Japan,osaka,Osaka,True,gdp,0.9454054355621336,0.0043688200604849,0.9113026142120362,0.034102821350097456
osaka,Japan,osaka,Osaka,True,pop,0.878453528881073,0.0062611122718584,0.8717270970344544,0.006726431846618586
osaka,Japan,osaka,Osaka,True,ntl,0.8682233929634094,0.0123020585728507,0.8243282318115235,0.043895161151885964
osaka,Japan,osaka,Osaka,True,pm25,0.903697156906128,0.014055823272236,0.8070080041885376,0.09668915271759038
osaka,Japan,osaka,Osaka,True,lst,0.9218723177909852,0.0030728752210603,0.9032204151153564,0.018651902675628773
osaka,Japan,mumbai,Mumbai,False,gdp,0.8827171087265014,0.0206907368060817,0.8477168917655945,0.03500021696090694
osaka,Japan,mumbai,Mumbai,False,pop,0.844895601272583,0.0058442606126336,0.844646668434143,0.0002489328384399636
osaka,Japan,mumbai,Mumbai,False,ntl,0.8658432483673095,0.0100951145143135,0.8521237134933471,0.01371953487396238
osaka,Japan,mumbai,Mumbai,False,pm25,0.583007526397705,0.020817725434299,0.4581387996673584,0.12486872673034666
osaka,Japan,mumbai,Mumbai,False,lst,0.8120574474334716,0.0186460762543087,0.7870760679244995,0.024981379508972168
osaka,Japan,melbourne,Melbourne,False,gdp,0.7674597144126892,0.0993980250858276,0.7714314699172974,-0.003971755504608154
osaka,Japan,melbourne,Melbourne,False,pop,0.5144884943962097,0.1019824137370965,0.5218629121780396,-0.007374417781829901
osaka,Japan,melbourne,Melbourne,False,ntl,0.7641005992889405,0.0185274244764901,0.7648703336715699,-0.0007697343826293945
osaka,Japan,melbourne,Melbourne,False,pm25,0.7763634204864502,0.0358943562412716,0.7961736559867859,-0.01981023550033567
osaka,Japan,melbourne,Melbourne,False,lst,0.8267168641090393,0.0302267539954284,0.8441975474357605,-0.017480683326721147
osaka,Japan,johannesburg,Johannesburg,False,gdp,0.7207585573196411,0.0702982309864424,0.7220397353172302,-0.0012811779975890891
osaka,Japan,johannesburg,Johannesburg,False,pop,0.8238791704177857,0.0023395394001663,0.8277344465255737,-0.0038552761077880193
osaka,Japan,johannesburg,Johannesburg,False,ntl,0.6546691298484802,0.0188417214403188,0.668639063835144,-0.013969933986663796
osaka,Japan,johannesburg,Johannesburg,False,pm25,0.7169406533241272,0.0186814182597198,0.7320334315299988,-0.015092778205871626
osaka,Japan,johannesburg,Johannesburg,False,lst,0.8627290487289428,0.0134727384948136,0.8753825187683105,-0.012653470039367676
osaka,Japan,nairobi,Nairobi,False,gdp,0.578580355644226,0.1102543541920646,0.5730507969856262,0.005529558658599831
osaka,Japan,nairobi,Nairobi,False,pop,0.8558651208877563,0.0180091523590982,0.863427746295929,-0.007562625408172652
osaka,Japan,nairobi,Nairobi,False,ntl,0.8934289693832398,0.0144025835424194,0.8931140542030335,0.00031491518020632103
osaka,Japan,nairobi,Nairobi,False,pm25,0.8798528790473938,0.0118146739731133,0.8891164302825928,-0.009263551235198952
osaka,Japan,nairobi,Nairobi,False,lst,0.9639353394508362,0.0022757525358581,0.966173541545868,-0.0022382020950317827
osaka,Japan,luanda,Luanda,False,gdp,0.8383588671684266,0.0229158934185617,0.8414955377578736,-0.0031366705894469993
osaka,Japan,luanda,Luanda,False,pop,0.873339855670929,0.0148618969515866,0.8801110029220581,-0.00677114725112915
osaka,Japan,luanda,Luanda,False,ntl,0.8244052052497863,0.0383814149342203,0.812785518169403,0.0116196870803833
osaka,Japan,luanda,Luanda,False,pm25,0.8231711268424988,0.0352443849548331,0.8337416887283325,-0.010570561885833718
osaka,Japan,luanda,Luanda,False,lst,0.7435044646263123,0.0337553662531656,0.7419010162353515,0.0016034483909607156
osaka,Japan,lisbon,Lisbon,False,gdp,0.7628046989440918,0.0401704624810635,0.7164652705192566,0.04633942842483518
osaka,Japan,lisbon,Lisbon,False,pop,0.7965464472770691,0.0148855794805228,0.803043806552887,-0.006497359275817849
osaka,Japan,lisbon,Lisbon,False,ntl,0.7728435277938843,0.0219402378250678,0.7678987264633179,0.004944801330566406
osaka,Japan,lisbon,Lisbon,False,pm25,0.4895440340042114,0.1238796318400009,0.4636227846145629,0.025921249389648515
osaka,Japan,lisbon,Lisbon,False,lst,0.6083875894546509,0.064129042134526,0.6537789225578308,-0.04539133310317989
osaka,Japan,paris,Paris,False,gdp,0.8860127091407776,0.0197783987541834,0.8880734801292419,-0.0020607709884643555
osaka,Japan,paris,Paris,False,pop,0.8043940782546997,0.0119311127668505,0.8072999238967895,-0.0029058456420898438
osaka,Japan,paris,Paris,False,ntl,0.7434011578559876,0.0200609204305382,0.7430349588394165,0.00036619901657108933
osaka,Japan,paris,Paris,False,pm25,0.7752237439155578,0.0254276196349074,0.780507504940033,-0.005283761024475142
osaka,Japan,paris,Paris,False,lst,0.7504690170288086,0.0200406963366015,0.7451892018318176,0.005279815196991056
osaka,Japan,manchester,Manchester,False,gdp,0.8475006818771362,0.0130386418526574,0.8449504256248475,0.002550256252288774
osaka,Japan,manchester,Manchester,False,pop,0.6341776490211487,0.0232181759928252,0.6390231609344482,-0.004845511913299516
osaka,Japan,manchester,Manchester,False,ntl,0.7025057315826416,0.0239530477750148,0.7183585047721863,-0.0158527731895447
osaka,Japan,manchester,Manchester,False,pm25,0.7588171005249024,0.030298634026135,0.7636056184768677,-0.004788517951965332
osaka,Japan,manchester,Manchester,False,lst,0.6666414737701416,0.0278410965729476,0.6733092188835144,-0.006667745113372758
osaka,Japan,montreal,Montreal,False,gdp,0.8558793425559997,0.0301767616856929,0.8344319939613343,0.02144734859466546
osaka,Japan,montreal,Montreal,False,pop,0.7881353497505188,0.0115932158608578,0.7864136219024658,0.001721727848053023
osaka,Japan,montreal,Montreal,False,ntl,0.7177035331726074,0.0320979839039762,0.6908289074897767,0.02687462568283072
osaka,Japan,montreal,Montreal,False,pm25,0.6612562894821167,0.0574007202491357,0.6027352809906006,0.05852100849151609
osaka,Japan,montreal,Montreal,False,lst,0.5599807739257813,0.0416231824021118,0.5054529428482055,0.05452783107757575
osaka,Japan,los_angeles,Los Angeles,False,gdp,0.7912738084793091,0.0158801740605698,0.7770539283752441,0.014219880104064941
osaka,Japan,los_angeles,Los Angeles,False,pop,0.6853990077972412,0.0192999968596445,0.6913731694221497,-0.005974161624908492
osaka,Japan,los_angeles,Los Angeles,False,ntl,0.7504694938659668,0.0228881686442094,0.7511767148971558,-0.0007072210311889204
osaka,Japan,los_angeles,Los Angeles,False,pm25,0.7626469373703003,0.003964595677236,0.7626042246818543,4.271268844602272e-05
osaka,Japan,los_angeles,Los Angeles,False,lst,0.8646589398384095,0.0134388140763084,0.8634871125221253,0.0011718273162841797
osaka,Japan,rio_de_janeiro,Rio de Janeiro,False,gdp,0.5985363006591797,0.1050596056379516,0.6296295523643494,-0.031093251705169633
osaka,Japan,rio_de_janeiro,Rio de Janeiro,False,pop,0.8794045686721802,0.0041725578761751,0.8807548522949219,-0.0013502836227416992
osaka,Japan,rio_de_janeiro,Rio de Janeiro,False,ntl,0.7864930510520936,0.0354270364200968,0.7783257603645325,0.008167290687561057
osaka,Japan,rio_de_janeiro,Rio de Janeiro,False,pm25,0.8032244324684144,0.0177053432291239,0.8176258087158204,-0.014401376247406006
osaka,Japan,rio_de_janeiro,Rio de Janeiro,False,lst,0.9056143760681152,0.0168894024271738,0.9158910751342774,-0.010276699066162132
osaka,Japan,buenos_aires,Buenos Aires,False,gdp,0.9184950470924378,0.0204920071345532,0.9271620750427246,-0.008667027950286843
osaka,Japan,buenos_aires,Buenos Aires,False,pop,0.8965537786483765,0.0067842282508231,0.9026326656341552,-0.006078886985778742
osaka,Japan,buenos_aires,Buenos Aires,False,ntl,0.6866305828094482,0.0200681058809263,0.7047477126121521,-0.018117129802703857
osaka,Japan,buenos_aires,Buenos Aires,False,pm25,0.8020220518112182,0.0330675453192509,0.8404715895652771,-0.038449537754058905
osaka,Japan,buenos_aires,Buenos Aires,False,lst,0.5012002825737,0.0496312070447999,0.5342148661613464,-0.03301458358764642
mumbai,India,bangkok,Bangkok,False,gdp,0.8923509597778321,0.0145944650458147,0.8584480166435242,0.03390294313430786
mumbai,India,bangkok,Bangkok,False,pop,0.8686614990234375,0.0026514640056449,0.8705501914024353,-0.0018886923789978027
mumbai,India,bangkok,Bangkok,False,ntl,0.8005444884300232,0.0093643135581006,0.7915264129638672,0.009018075466156072
mumbai,India,bangkok,Bangkok,False,pm25,0.945308804512024,0.0081460617540762,0.9114272713661192,0.03388153314590481
mumbai,India,bangkok,Bangkok,False,lst,0.8927663564682007,0.0053162779077242,0.8792263746261597,0.013539981842040971
mumbai,India,chengdu,Chengdu,False,gdp,0.4863906621932983,0.0940722645944542,0.4788837194442749,0.007506942749023415
mumbai,India,chengdu,Chengdu,False,pop,0.8551559209823608,0.0055261359553243,0.8577033996582031,-0.002547478675842263
mumbai,India,chengdu,Chengdu,False,ntl,0.8283127665519714,0.0120694783606745,0.8213744521141052,0.006938314437866189
mumbai,India,chengdu,Chengdu,False,pm25,0.9027634263038636,0.0085023388832584,0.8718617200851441,0.03090170621871957
mumbai,India,chengdu,Chengdu,False,lst,0.8345650196075439,0.0073153118419923,0.8299230694770813,0.0046419501304626465
mumbai,India,osaka,Osaka,False,gdp,0.923443067073822,0.0012405210736276,0.9113026142120362,0.012140452861785778
mumbai,India,osaka,Osaka,False,pop,0.8741134524345398,0.0057269141366132,0.8717270970344544,0.0023863554000853604
mumbai,India,osaka,Osaka,False,ntl,0.8371007800102234,0.0149087911742071,0.8243282318115235,0.012772548198699885
mumbai,India,osaka,Osaka,False,pm25,0.8452487111091613,0.0224164065915205,0.8070080041885376,0.03824070692062376
mumbai,India,osaka,Osaka,False,lst,0.910499346256256,0.0036958471557723,0.9032204151153564,0.007278931140899503
mumbai,India,mumbai,Mumbai,True,gdp,0.9029369711875916,0.0195608555437318,0.8477168917655945,0.05522007942199714
mumbai,India,mumbai,Mumbai,True,pop,0.8450460195541382,0.005420975712496,0.844646668434143,0.0003993511199951172
mumbai,India,mumbai,Mumbai,True,ntl,0.8822615027427674,0.0119626465552191,0.8521237134933471,0.030137789249420233
mumbai,India,mumbai,Mumbai,True,pm25,0.5703817844390869,0.0382161712498058,0.4581387996673584,0.11224298477172856
mumbai,India,mumbai,Mumbai,True,lst,0.8402721405029296,0.0115631047617607,0.7870760679244995,0.053196072578430176
mumbai,India,melbourne,Melbourne,False,gdp,0.7630102157592773,0.0748374376125529,0.7714314699172974,-0.008421254158020086
mumbai,India,melbourne,Melbourne,False,pop,0.5257002592086792,0.0954155445047654,0.5218629121780396,0.0038373470306396484
mumbai,India,melbourne,Melbourne,False,ntl,0.7428700089454651,0.0211291892326496,0.7648703336715699,-0.022000324726104803
mumbai,India,melbourne,Melbourne,False,pm25,0.7636153817176818,0.0442148114119379,0.7961736559867859,-0.03255827426910407
mumbai,India,melbourne,Melbourne,False,lst,0.8046714067459106,0.0274492412068188,0.8441975474357605,-0.03952614068984983
mumbai,India,johannesburg,Johannesburg,False,gdp,0.7086344242095948,0.0881413825617987,0.7220397353172302,-0.013405311107635431
mumbai,India,johannesburg,Johannesburg,False,pop,0.8238890171051025,0.0032255407916139,0.8277344465255737,-0.003845429420471169
mumbai,India,johannesburg,Johannesburg,False,ntl,0.6546876072883606,0.0155040133003691,0.668639063835144,-0.013951456546783425
mumbai,India,johannesburg,Johannesburg,False,pm25,0.7309699416160583,0.0085175252944437,0.7320334315299988,-0.001063489913940452
mumbai,India,johannesburg,Johannesburg,False,lst,0.8670371055603028,0.0055455417466433,0.8753825187683105,-0.008345413208007746
mumbai,India,nairobi,Nairobi,False,gdp,0.5582004666328431,0.1476987532197111,0.5730507969856262,-0.014850330352783159
mumbai,India,nairobi,Nairobi,False,pop,0.856899905204773,0.0220067534646457,0.863427746295929,-0.006527841091156006
mumbai,India,nairobi,Nairobi,False,ntl,0.8982909321784973,0.0244224179079488,0.8931140542030335,0.005176877975463845
mumbai,India,nairobi,Nairobi,False,pm25,0.8837276577949524,0.0107733019747532,0.8891164302825928,-0.005388772487640359
mumbai,India,nairobi,Nairobi,False,lst,0.9653473615646362,0.0025741053155877,0.966173541545868,-0.0008261799812318005
mumbai,India,luanda,Luanda,False,gdp,0.8364351987838745,0.0235292532591011,0.8414955377578736,-0.005060338973999046
mumbai,India,luanda,Luanda,False,pop,0.8749441504478455,0.0133528669122925,0.8801110029220581,-0.005166852474212669
mumbai,India,luanda,Luanda,False,ntl,0.8089149117469787,0.0518513608910932,0.812785518169403,-0.0038706064224243164
mumbai,India,luanda,Luanda,False,pm25,0.825393533706665,0.0290739717080865,0.8337416887283325,-0.008348155021667525
mumbai,India,luanda,Luanda,False,lst,0.7412757992744445,0.0391834030639714,0.7419010162353515,-0.0006252169609070046
mumbai,India,lisbon,Lisbon,False,gdp,0.7153669118881225,0.0814431765016513,0.7164652705192566,-0.0010983586311340554
mumbai,India,lisbon,Lisbon,False,pop,0.7949754595756531,0.019092960929756,0.803043806552887,-0.008068346977233909
mumbai,India,lisbon,Lisbon,False,ntl,0.7596187710762023,0.0442140916863346,0.7678987264633179,-0.008279955387115567
mumbai,India,lisbon,Lisbon,False,pm25,0.4153411507606506,0.1136325505974266,0.4636227846145629,-0.04828163385391232
mumbai,India,lisbon,Lisbon,False,lst,0.5845332503318786,0.0590889976553526,0.6537789225578308,-0.06924567222595213
mumbai,India,paris,Paris,False,gdp,0.877929401397705,0.0217552878520636,0.8880734801292419,-0.010144078731536887
mumbai,India,paris,Paris,False,pop,0.8023080229759216,0.0086476679764211,0.8072999238967895,-0.0049919009208678755
mumbai,India,paris,Paris,False,ntl,0.7413519620895386,0.0252216364988718,0.7430349588394165,-0.0016829967498779297
mumbai,India,paris,Paris,False,pm25,0.7463404178619385,0.0587859547324167,0.780507504940033,-0.03416708707809446
mumbai,India,paris,Paris,False,lst,0.732957398891449,0.0238085688897076,0.7451892018318176,-0.01223180294036863
mumbai,India,manchester,Manchester,False,gdp,0.8445593118667603,0.0184749859296019,0.8449504256248475,-0.0003911137580872026
mumbai,India,manchester,Manchester,False,pop,0.6282047867774964,0.0240565697870697,0.6390231609344482,-0.01081837415695186
mumbai,India,manchester,Manchester,False,ntl,0.6928880929946899,0.0219818768025688,0.7183585047721863,-0.025470411777496427
mumbai,India,manchester,Manchester,False,pm25,0.7214193940162659,0.0295967214294084,0.7636056184768677,-0.04218622446060183
mumbai,India,manchester,Manchester,False,lst,0.6345297932624817,0.0386706282905167,0.6733092188835144,-0.03877942562103265
mumbai,India,montreal,Montreal,False,gdp,0.8399406194686889,0.0181212472050424,0.8344319939613343,0.0055086255073546475
mumbai,India,montreal,Montreal,False,pop,0.779510235786438,0.0154831640013968,0.7864136219024658,-0.00690338611602781
mumbai,India,montreal,Montreal,False,ntl,0.6910861611366272,0.0352442590002933,0.6908289074897767,0.00025725364685058594
mumbai,India,montreal,Montreal,False,pm25,0.5679558277130127,0.0366660399959266,0.6027352809906006,-0.03477945327758791
mumbai,India,montreal,Montreal,False,lst,0.4924465894699096,0.0514582505872252,0.5054529428482055,-0.01300635337829592
mumbai,India,los_angeles,Los Angeles,False,gdp,0.7852903246879578,0.0244594842637501,0.7770539283752441,0.008236396312713667
mumbai,India,los_angeles,Los Angeles,False,pop,0.6853161931037903,0.020923281657454,0.6913731694221497,-0.006056976318359331
mumbai,India,los_angeles,Los Angeles,False,ntl,0.7443239688873291,0.0199728912559308,0.7511767148971558,-0.00685274600982666
mumbai,India,los_angeles,Los Angeles,False,pm25,0.7637728929519654,0.0119215216500045,0.7626042246818543,0.001168668270111084
mumbai,India,los_angeles,Los Angeles,False,lst,0.84598788022995,0.0259988647300789,0.8634871125221253,-0.017499232292175315
mumbai,India,rio_de_janeiro,Rio de Janeiro,False,gdp,0.5976670384407043,0.0775181043116766,0.6296295523643494,-0.03196251392364502
mumbai,India,rio_de_janeiro,Rio de Janeiro,False,pop,0.8831770062446594,0.0056559898111377,0.8807548522949219,0.002422153949737549
mumbai,India,rio_de_janeiro,Rio de Janeiro,False,ntl,0.7754733920097351,0.0362301064869296,0.7783257603645325,-0.0028523683547974077
mumbai,India,rio_de_janeiro,Rio de Janeiro,False,pm25,0.8098079323768616,0.0157054744879067,0.8176258087158204,-0.007817876338958807
mumbai,India,rio_de_janeiro,Rio de Janeiro,False,lst,0.9061599969863892,0.0190021370163652,0.9158910751342774,-0.009731078147888206
mumbai,India,buenos_aires,Buenos Aires,False,gdp,0.9199032425880432,0.0162012933945255,0.9271620750427246,-0.0072588324546813965
mumbai,India,buenos_aires,Buenos Aires,False,pop,0.8961004495620728,0.0073377145386102,0.9026326656341552,-0.006532216072082431
mumbai,India,buenos_aires,Buenos Aires,False,ntl,0.6864946603775024,0.0213359890502499,0.7047477126121521,-0.01825305223464968
mumbai,India,buenos_aires,Buenos Aires,False,pm25,0.8079333066940307,0.0270925093537157,0.8404715895652771,-0.03253828287124638
mumbai,India,buenos_aires,Buenos Aires,False,lst,0.4834259629249572,0.0365803902819001,0.5342148661613464,-0.05078890323638918
melbourne,Australia,bangkok,Bangkok,False,gdp,0.874282157421112,0.014055655800425,0.8584480166435242,0.015834140777587824
melbourne,Australia,bangkok,Bangkok,False,pop,0.8644485473632812,0.0053817192248882,0.8705501914024353,-0.0061016440391540305
melbourne,Australia,bangkok,Bangkok,False,ntl,0.7820367813110352,0.0167260607770589,0.7915264129638672,-0.009489631652832009
melbourne,Australia,bangkok,Bangkok,False,pm25,0.9343246102333068,0.0040822133042752,0.9114272713661192,0.02289733886718759
melbourne,Australia,bangkok,Bangkok,False,lst,0.8727136969566345,0.0099033021402534,0.8792263746261597,-0.006512677669525235
melbourne,Australia,chengdu,Chengdu,False,gdp,0.46294686794281,0.1005707893345194,0.4788837194442749,-0.0159368515014649
melbourne,Australia,chengdu,Chengdu,False,pop,0.8544999718666076,0.0077095247771175,0.8577033996582031,-0.0032034277915954368
melbourne,Australia,chengdu,Chengdu,False,ntl,0.8091317296028138,0.0222269268133129,0.8213744521141052,-0.012242722511291437
melbourne,Australia,chengdu,Chengdu,False,pm25,0.8488130688667297,0.0072071618161314,0.8718617200851441,-0.023048651218414373
melbourne,Australia,chengdu,Chengdu,False,lst,0.8237103462219239,0.0090784864998872,0.8299230694770813,-0.006212723255157426
melbourne,Australia,osaka,Osaka,False,gdp,0.9148892521858216,0.0064365607063463,0.9113026142120362,0.003586637973785445
melbourne,Australia,osaka,Osaka,False,pop,0.8694118738174439,0.0064905097117785,0.8717270970344544,-0.002315223217010498
melbourne,Australia,osaka,Osaka,False,ntl,0.8212521791458129,0.0195998887423348,0.8243282318115235,-0.003076052665710538
melbourne,Australia,osaka,Osaka,False,pm25,0.7807617425918579,0.032446412962993,0.8070080041885376,-0.026246261596679643
melbourne,Australia,osaka,Osaka,False,lst,0.8965155720710755,0.0070110964875107,0.9032204151153564,-0.006704843044280984
melbourne,Australia,mumbai,Mumbai,False,gdp,0.8513318061828613,0.0196854065127441,0.8477168917655945,0.0036149144172668013
melbourne,Australia,mumbai,Mumbai,False,pop,0.8408905029296875,0.0066067699318821,0.844646668434143,-0.0037561655044555664
melbourne,Australia,mumbai,Mumbai,False,ntl,0.8361650705337524,0.0172724353345926,0.8521237134933471,-0.015958642959594704
melbourne,Australia,mumbai,Mumbai,False,pm25,0.4364521622657776,0.034995610980158,0.4581387996673584,-0.021686637401580777
melbourne,Australia,mumbai,Mumbai,False,lst,0.7699938535690307,0.0242664044156957,0.7870760679244995,-0.01708221435546875
melbourne,Australia,melbourne,Melbourne,True,gdp,0.813857352733612,0.0893165981383191,0.7714314699172974,0.04242588281631465
melbourne,Australia,melbourne,Melbourne,True,pop,0.5406633019447327,0.0882041819739147,0.5218629121780396,0.01880038976669307
melbourne,Australia,melbourne,Melbourne,True,ntl,0.7854307413101196,0.0147680769686944,0.7648703336715699,0.020560407638549716
melbourne,Australia,melbourne,Melbourne,True,pm25,0.8838986396789551,0.0269216720522166,0.7961736559867859,0.08772498369216919
melbourne,Australia,melbourne,Melbourne,True,lst,0.8878566145896911,0.0208869484925867,0.8441975474357605,0.04365906715393064
melbourne,Australia,johannesburg,Johannesburg,False,gdp,0.7469136357307434,0.083875621344709,0.7220397353172302,0.024873900413513228
melbourne,Australia,johannesburg,Johannesburg,False,pop,0.8281856775283813,0.0033385128796953,0.8277344465255737,0.0004512310028076394
melbourne,Australia,johannesburg,Johannesburg,False,ntl,0.6718000411987305,0.0092038390956013,0.668639063835144,0.003160977363586448
melbourne,Australia,johannesburg,Johannesburg,False,pm25,0.7753591537475586,0.0215639923655595,0.7320334315299988,0.043325722217559814
melbourne,Australia,johannesburg,Johannesburg,False,lst,0.8877130746841431,0.0071432433048935,0.8753825187683105,0.012330555915832542
melbourne,Australia,nairobi,Nairobi,False,gdp,0.583669126033783,0.1207524586376532,0.5730507969856262,0.010618329048156738
melbourne,Australia,nairobi,Nairobi,False,pop,0.8567243814468384,0.019762897520491,0.863427746295929,-0.006703364849090621
melbourne,Australia,nairobi,Nairobi,False,ntl,0.8868554830551147,0.0196482443880239,0.8931140542030335,-0.006258571147918723
melbourne,Australia,nairobi,Nairobi,False,pm25,0.8836246848106384,0.005861443814104,0.8891164302825928,-0.005491745471954412
melbourne,Australia,nairobi,Nairobi,False,lst,0.9643300175666808,0.002931889579537,0.966173541545868,-0.0018435239791871894
melbourne,Australia,luanda,Luanda,False,gdp,0.8470745205879211,0.0252885035823814,0.8414955377578736,0.005578982830047541
melbourne,Australia,luanda,Luanda,False,pop,0.8845673680305481,0.0171461063122159,0.8801110029220581,0.0044563651084900124
melbourne,Australia,luanda,Luanda,False,ntl,0.8222182035446167,0.0468928101385641,0.812785518169403,0.00943268537521369
melbourne,Australia,luanda,Luanda,False,pm25,0.8326900005340576,0.0168406885771514,0.8337416887283325,-0.0010516881942749245
melbourne,Australia,luanda,Luanda,False,lst,0.7736225485801697,0.0286062352324287,0.7419010162353515,0.031721532344818115
melbourne,Australia,lisbon,Lisbon,False,gdp,0.7093575954437256,0.0675097426945981,0.7164652705192566,-0.007107675075531006
melbourne,Australia,lisbon,Lisbon,False,pop,0.8041950464248657,0.0167432962407033,0.803043806552887,0.0011512398719787376
melbourne,Australia,lisbon,Lisbon,False,ntl,0.7691927433013916,0.0305210946743287,0.7678987264633179,0.0012940168380737305
melbourne,Australia,lisbon,Lisbon,False,pm25,0.4164237022399902,0.1334767540028446,0.4636227846145629,-0.04719908237457271
melbourne,Australia,lisbon,Lisbon,False,lst,0.5115224242210388,0.1527513208867139,0.6537789225578308,-0.142256498336792
melbourne,Australia,paris,Paris,False,gdp,0.8846244573593139,0.02141565109319,0.8880734801292419,-0.0034490227699279785
melbourne,Australia,paris,Paris,False,pop,0.7997584342956543,0.0116142074553022,0.8072999238967895,-0.0075414896011352095
melbourne,Australia,paris,Paris,False,ntl,0.7285272121429444,0.0246618404362111,0.7430349588394165,-0.014507746696472146
melbourne,Australia,paris,Paris,False,pm25,0.74632648229599,0.0540330729186307,0.780507504940033,-0.03418102264404299
melbourne,Australia,paris,Paris,False,lst,0.7329295754432679,0.0160924858495676,0.7451892018318176,-0.012259626388549716
melbourne,Australia,manchester,Manchester,False,gdp,0.8272700071334839,0.016226636037016,0.8449504256248475,-0.017680418491363592
melbourne,Australia,manchester,Manchester,False,pop,0.6292363166809082,0.0241598072850218,0.6390231609344482,-0.009786844253540039
melbourne,Australia,manchester,Manchester,False,ntl,0.700095796585083,0.0214260312355964,0.7183585047721863,-0.018262708187103294
melbourne,Australia,manchester,Manchester,False,pm25,0.6986388325691223,0.0349128137520687,0.7636056184768677,-0.0649667859077454
melbourne,Australia,manchester,Manchester,False,lst,0.645154345035553,0.0376911968998509,0.6733092188835144,-0.028154873847961337
melbourne,Australia,montreal,Montreal,False,gdp,0.8473694086074829,0.0326602622448284,0.8344319939613343,0.012937414646148615
melbourne,Australia,montreal,Montreal,False,pop,0.7811853289604187,0.0162331927730988,0.7864136219024658,-0.005228292942047075
melbourne,Australia,montreal,Montreal,False,ntl,0.685799753665924,0.0371042149036925,0.6908289074897767,-0.005029153823852606
melbourne,Australia,montreal,Montreal,False,pm25,0.5449081301689148,0.0279793778018832,0.6027352809906006,-0.05782715082168577
melbourne,Australia,montreal,Montreal,False,lst,0.4758299469947815,0.0350726403765554,0.5054529428482055,-0.02962299585342404
melbourne,Australia,los_angeles,Los Angeles,False,gdp,0.7829142570495605,0.0206687655122798,0.7770539283752441,0.005860328674316406
melbourne,Australia,los_angeles,Los Angeles,False,pop,0.684180760383606,0.0203494324227631,0.6913731694221497,-0.007192409038543679
melbourne,Australia,los_angeles,Los Angeles,False,ntl,0.7446693658828736,0.015062143295049,0.7511767148971558,-0.006507349014282182
melbourne,Australia,los_angeles,Los Angeles,False,pm25,0.7360986828804016,0.0098132107055859,0.7626042246818543,-0.026505541801452703
melbourne,Australia,los_angeles,Los Angeles,False,lst,0.8389917492866517,0.0236199474474117,0.8634871125221253,-0.024495363235473633
melbourne,Australia,rio_de_janeiro,Rio de Janeiro,False,gdp,0.6456448435783386,0.1312611958199439,0.6296295523643494,0.016015291213989258
melbourne,Australia,rio_de_janeiro,Rio de Janeiro,False,pop,0.8801532030105591,0.0027675603991356,0.8807548522949219,-0.000601649284362793
melbourne,Australia,rio_de_janeiro,Rio de Janeiro,False,ntl,0.8079232573509216,0.0362795202071209,0.7783257603645325,0.029597496986389138
melbourne,Australia,rio_de_janeiro,Rio de Janeiro,False,pm25,0.8357057809829712,0.0175910239343554,0.8176258087158204,0.018079972267150857
melbourne,Australia,rio_de_janeiro,Rio de Janeiro,False,lst,0.9183661699295044,0.0142859700151269,0.9158910751342774,0.0024750947952270064
melbourne,Australia,buenos_aires,Buenos Aires,False,gdp,0.9436046481132508,0.0126399235955456,0.9271620750427246,0.016442573070526212
melbourne,Australia,buenos_aires,Buenos Aires,False,pop,0.9090992689132692,0.0078384320293438,0.9026326656341552,0.006466603279113969
melbourne,Australia,buenos_aires,Buenos Aires,False,ntl,0.7367504358291626,0.0240746448791124,0.7047477126121521,0.032002723217010476
melbourne,Australia,buenos_aires,Buenos Aires,False,pm25,0.8811034679412841,0.0104392988491066,0.8404715895652771,0.04063187837600701
melbourne,Australia,buenos_aires,Buenos Aires,False,lst,0.6027980923652649,0.0466036965433942,0.5342148661613464,0.06858322620391855
johannesburg,South Africa,bangkok,Bangkok,False,gdp,0.8702192425727844,0.0167032839622517,0.8584480166435242,0.011771225929260165
johannesburg,South Africa,bangkok,Bangkok,False,pop,0.863947582244873,0.0021313439415191,0.8705501914024353,-0.006602609157562278
johannesburg,South Africa,bangkok,Bangkok,False,ntl,0.7928698062896729,0.0099549165457895,0.7915264129638672,0.0013433933258056863
johannesburg,South Africa,bangkok,Bangkok,False,pm25,0.9181903839111328,0.0040341461474819,0.9114272713661192,0.006763112545013605
johannesburg,South Africa,bangkok,Bangkok,False,lst,0.8795886754989624,0.0084823184197744,0.8792263746261597,0.00036230087280264556
johannesburg,South Africa,chengdu,Chengdu,False,gdp,0.4759910821914673,0.1039715306028855,0.4788837194442749,-0.002892637252807584
johannesburg,South Africa,chengdu,Chengdu,False,pop,0.851300048828125,0.0055039735351976,0.8577033996582031,-0.006403350830078036
johannesburg,South Africa,chengdu,Chengdu,False,ntl,0.8225751757621765,0.0194735158491632,0.8213744521141052,0.0012007236480713335
johannesburg,South Africa,chengdu,Chengdu,False,pm25,0.8677078723907471,0.0079852693733214,0.8718617200851441,-0.004153847694396973
johannesburg,South Africa,chengdu,Chengdu,False,lst,0.8285458087921143,0.0087906184313136,0.8299230694770813,-0.0013772606849670188
johannesburg,South Africa,osaka,Osaka,False,gdp,0.920311164855957,0.0038698668058304,0.9113026142120362,0.00900855064392081
johannesburg,South Africa,osaka,Osaka,False,pop,0.8696516871452331,0.0038485166666399,0.8717270970344544,-0.0020754098892212802
johannesburg,South Africa,osaka,Osaka,False,ntl,0.8210542678833008,0.0219603885074658,0.8243282318115235,-0.0032739639282226562
johannesburg,South Africa,osaka,Osaka,False,pm25,0.8075435042381287,0.0295106073549834,0.8070080041885376,0.0005355000495911311
johannesburg,South Africa,osaka,Osaka,False,lst,0.900481390953064,0.003497182335574,0.9032204151153564,-0.002739024162292436
johannesburg,South Africa,mumbai,Mumbai,False,gdp,0.8728971362113953,0.0195609256963615,0.8477168917655945,0.025180244445800803
johannesburg,South Africa,mumbai,Mumbai,False,pop,0.8428760290145874,0.0060510094850379,0.844646668434143,-0.0017706394195556863
johannesburg,South Africa,mumbai,Mumbai,False,ntl,0.857874846458435,0.0173654735613937,0.8521237134933471,0.005751132965087891
johannesburg,South Africa,mumbai,Mumbai,False,pm25,0.5009745001792908,0.0364213265271418,0.4581387996673584,0.04283570051193242
johannesburg,South Africa,mumbai,Mumbai,False,lst,0.801575493812561,0.0143990409586461,0.7870760679244995,0.014499425888061523
johannesburg,South Africa,melbourne,Melbourne,False,gdp,0.7975584149360657,0.0889097940895991,0.7714314699172974,0.026126945018768333
johannesburg,South Africa,melbourne,Melbourne,False,pop,0.5376120448112488,0.0896592683697569,0.5218629121780396,0.015749132633209206
johannesburg,South Africa,melbourne,Melbourne,False,ntl,0.7773049592971801,0.0204949276756183,0.7648703336715699,0.012434625625610263
johannesburg,South Africa,melbourne,Melbourne,False,pm25,0.8365785121917725,0.0395224524953956,0.7961736559867859,0.04040485620498657
johannesburg,South Africa,melbourne,Melbourne,False,lst,0.8667937636375427,0.0248637098898156,0.8441975474357605,0.022596216201782204
johannesburg,South Africa,johannesburg,Johannesburg,True,gdp,0.7839084029197693,0.0505328353022734,0.7220397353172302,0.06186866760253906
johannesburg,South Africa,johannesburg,Johannesburg,True,pop,0.8270965695381165,0.0018406477639121,0.8277344465255737,-0.0006378769874572088
johannesburg,South Africa,johannesburg,Johannesburg,True,ntl,0.6795552492141723,0.0062597333795772,0.668639063835144,0.010916185379028276
johannesburg,South Africa,johannesburg,Johannesburg,True,pm25,0.8340564012527466,0.0139385846032764,0.7320334315299988,0.10202296972274782
johannesburg,South Africa,johannesburg,Johannesburg,True,lst,0.9010127425193788,0.0063746844982384,0.8753825187683105,0.02563022375106827
johannesburg,South Africa,nairobi,Nairobi,False,gdp,0.5846120953559876,0.1460255446934497,0.5730507969856262,0.01156129837036135
johannesburg,South Africa,nairobi,Nairobi,False,pop,0.8701932549476623,0.0195106321927035,0.863427746295929,0.00676550865173331
johannesburg,South Africa,nairobi,Nairobi,False,ntl,0.9095521211624146,0.0082562933156347,0.8931140542030335,0.016438066959381104
johannesburg,South Africa,nairobi,Nairobi,False,pm25,0.9081980109214782,0.0056149444094353,0.8891164302825928,0.01908158063888543
johannesburg,South Africa,nairobi,Nairobi,False,lst,0.9690598845481871,0.0026823216709346,0.966173541545868,0.0028863430023191583
johannesburg,South Africa,luanda,Luanda,False,gdp,0.8664150238037109,0.0241581736216369,0.8414955377578736,0.02491948604583738
johannesburg,South Africa,luanda,Luanda,False,pop,0.8922072887420655,0.0109785434682706,0.8801110029220581,0.012096285820007324
johannesburg,South Africa,luanda,Luanda,False,ntl,0.8290993809700012,0.0499139655180435,0.812785518169403,0.01631386280059821
johannesburg,South Africa,luanda,Luanda,False,pm25,0.844618308544159,0.0318681476790939,0.8337416887283325,0.010876619815826438
johannesburg,South Africa,luanda,Luanda,False,lst,0.7714091777801514,0.0328746118025588,0.7419010162353515,0.02950816154479985
johannesburg,South Africa,lisbon,Lisbon,False,gdp,0.7396718263626099,0.0463429928884827,0.7164652705192566,0.023206555843353294
johannesburg,South Africa,lisbon,Lisbon,False,pop,0.7922497987747192,0.0212502212096186,0.803043806552887,-0.010794007778167747
johannesburg,South Africa,lisbon,Lisbon,False,ntl,0.7692939519882203,0.0259126696598802,0.7678987264633179,0.0013952255249023438
johannesburg,South Africa,lisbon,Lisbon,False,pm25,0.4765785217285156,0.0740063351523039,0.4636227846145629,0.012955737113952703
johannesburg,South Africa,lisbon,Lisbon,False,lst,0.6627764225006103,0.0220762312079468,0.6537789225578308,0.008997499942779541
johannesburg,South Africa,paris,Paris,False,gdp,0.8892093777656556,0.0220270939397099,0.8880734801292419,0.0011358976364136408
johannesburg,South Africa,paris,Paris,False,pop,0.801810884475708,0.0137039660667242,0.8072999238967895,-0.005489039421081476
johannesburg,South Africa,paris,Paris,False,ntl,0.7413598299026489,0.0334414396537944,0.7430349588394165,-0.0016751289367675781
johannesburg,South Africa,paris,Paris,False,pm25,0.7801525950431824,0.0252394875262619,0.780507504940033,-0.00035490989685060814
johannesburg,South Africa,paris,Paris,False,lst,0.747236430644989,0.0264148665673777,0.7451892018318176,0.002047228813171431
johannesburg,South Africa,manchester,Manchester,False,gdp,0.8370012044906616,0.0160750723608488,0.8449504256248475,-0.007949221134185835
johannesburg,South Africa,manchester,Manchester,False,pop,0.633928120136261,0.0217123930735996,0.6390231609344482,-0.005095040798187234
johannesburg,South Africa,manchester,Manchester,False,ntl,0.6977894067764282,0.0214376015008998,0.7183585047721863,-0.020569097995758123
johannesburg,South Africa,manchester,Manchester,False,pm25,0.72181396484375,0.0296828343788563,0.7636056184768677,-0.041791653633117654
johannesburg,South Africa,manchester,Manchester,False,lst,0.6459911108016968,0.037426781190247,0.6733092188835144,-0.02731810808181756
johannesburg,South Africa,montreal,Montreal,False,gdp,0.8410330176353454,0.0322008172831969,0.8344319939613343,0.006601023674011164
johannesburg,South Africa,montreal,Montreal,False,pop,0.782655656337738,0.0123113097071549,0.7864136219024658,-0.003757965564727739
johannesburg,South Africa,montreal,Montreal,False,ntl,0.6775959372520447,0.0459408164263619,0.6908289074897767,-0.013232970237731956
johannesburg,South Africa,montreal,Montreal,False,pm25,0.553281819820404,0.0300635512413806,0.6027352809906006,-0.049453461170196555
johannesburg,South Africa,montreal,Montreal,False,lst,0.5074246168136597,0.039766560639945,0.5054529428482055,0.001971673965454168
johannesburg,South Africa,los_angeles,Los Angeles,False,gdp,0.7844219923019409,0.0272350666352857,0.7770539283752441,0.007368063926696755
johannesburg,South Africa,los_angeles,Los Angeles,False,pop,0.6871827006340027,0.0198396905841678,0.6913731694221497,-0.004190468788146995
johannesburg,South Africa,los_angeles,Los Angeles,False,ntl,0.7469652652740478,0.0170341799037518,0.7511767148971558,-0.004211449623107932
johannesburg,South Africa,los_angeles,Los Angeles,False,pm25,0.7536460041999817,0.017015268943502,0.7626042246818543,-0.008958220481872559
johannesburg,South Africa,los_angeles,Los Angeles,False,lst,0.8543267965316772,0.013568048355383,0.8634871125221253,-0.009160315990448087
johannesburg,South Africa,rio_de_janeiro,Rio de Janeiro,False,gdp,0.6639128446578979,0.0841402774783674,0.6296295523643494,0.03428329229354854
johannesburg,South Africa,rio_de_janeiro,Rio de Janeiro,False,pop,0.8800508856773377,0.0029479864897152,0.8807548522949219,-0.0007039666175842063
johannesburg,South Africa,rio_de_janeiro,Rio de Janeiro,False,ntl,0.7888344049453735,0.0314219977083712,0.7783257603645325,0.010508644580840998
johannesburg,South Africa,rio_de_janeiro,Rio de Janeiro,False,pm25,0.8369469285011292,0.0093061132811127,0.8176258087158204,0.019321119785308816
johannesburg,South Africa,rio_de_janeiro,Rio de Janeiro,False,lst,0.9191890120506286,0.0160795982730581,0.9158910751342774,0.003297936916351274
johannesburg,South Africa,buenos_aires,Buenos Aires,False,gdp,0.932326865196228,0.0143219855974377,0.9271620750427246,0.005164790153503351
johannesburg,South Africa,buenos_aires,Buenos Aires,False,pop,0.9037871718406676,0.0093391402162612,0.9026326656341552,0.0011545062065123624
johannesburg,South Africa,buenos_aires,Buenos Aires,False,ntl,0.7229516625404357,0.0287476179263394,0.7047477126121521,0.01820394992828367
johannesburg,South Africa,buenos_aires,Buenos Aires,False,pm25,0.8609058141708374,0.0107305367282856,0.8404715895652771,0.020434224605560325
johannesburg,South Africa,buenos_aires,Buenos Aires,False,lst,0.5775315523147583,0.0467443634958446,0.5342148661613464,0.04331668615341189
nairobi,Kenya,bangkok,Bangkok,False,gdp,0.8714583873748779,0.0151261407075356,0.8584480166435242,0.013010370731353693
nairobi,Kenya,bangkok,Bangkok,False,pop,0.859474778175354,0.003151522655015,0.8705501914024353,-0.011075413227081277
nairobi,Kenya,bangkok,Bangkok,False,ntl,0.7842284440994263,0.0132804803416469,0.7915264129638672,-0.007297968864440896
nairobi,Kenya,bangkok,Bangkok,False,pm25,0.9087690591812134,0.0110842675880543,0.9114272713661192,-0.002658212184905806
nairobi,Kenya,bangkok,Bangkok,False,lst,0.8741698026657104,0.0087707154432071,0.8792263746261597,-0.005056571960449285
nairobi,Kenya,chengdu,Chengdu,False,gdp,0.4715521216392517,0.105921595706543,0.4788837194442749,-0.007331597805023182
nairobi,Kenya,chengdu,Chengdu,False,pop,0.8498032689094543,0.004227721035937,0.8577033996582031,-0.007900130748748735
nairobi,Kenya,chengdu,Chengdu,False,ntl,0.8113698959350586,0.0191385736753594,0.8213744521141052,-0.010004556179046609
nairobi,Kenya,chengdu,Chengdu,False,pm25,0.8720098257064819,0.0051806515960147,0.8718617200851441,0.000148105621337824
nairobi,Kenya,chengdu,Chengdu,False,lst,0.8214677453041077,0.0128196556186524,0.8299230694770813,-0.008455324172973566
nairobi,Kenya,osaka,Osaka,False,gdp,0.9127346158027648,0.005711660918544,0.9113026142120362,0.0014320015907286487
nairobi,Kenya,osaka,Osaka,False,pop,0.8676182270050049,0.0051336366754811,0.8717270970344544,-0.004108870029449485
nairobi,Kenya,osaka,Osaka,False,ntl,0.8133872032165528,0.0291949586510412,0.8243282318115235,-0.010941028594970703
nairobi,Kenya,osaka,Osaka,False,pm25,0.8054728865623474,0.0282609042388079,0.8070080041885376,-0.0015351176261901855
nairobi,Kenya,osaka,Osaka,False,lst,0.8988847732543945,0.0058354880548836,0.9032204151153564,-0.004335641860961914
nairobi,Kenya,mumbai,Mumbai,False,gdp,0.8570144414901734,0.0185480203079091,0.8477168917655945,0.009297549724578857
nairobi,Kenya,mumbai,Mumbai,False,pop,0.8412513732910156,0.0062743972979521,0.844646668434143,-0.003395295143127419
nairobi,Kenya,mumbai,Mumbai,False,ntl,0.8449993133544922,0.010747291015293,0.8521237134933471,-0.007124400138854958
nairobi,Kenya,mumbai,Mumbai,False,pm25,0.4665921807289123,0.0359946959718467,0.4581387996673584,0.00845338106155391
nairobi,Kenya,mumbai,Mumbai,False,lst,0.7854167938232421,0.0134766159332429,0.7870760679244995,-0.0016592741012573242
nairobi,Kenya,melbourne,Melbourne,False,gdp,0.7959768295288085,0.1034285605099203,0.7714314699172974,0.024545359611511164
nairobi,Kenya,melbourne,Melbourne,False,pop,0.5241158843040467,0.085671709487431,0.5218629121780396,0.002252972126007058
nairobi,Kenya,melbourne,Melbourne,False,ntl,0.7684472441673279,0.0271425842530253,0.7648703336715699,0.0035769104957580344
nairobi,Kenya,melbourne,Melbourne,False,pm25,0.8411416292190552,0.0233427376656857,0.7961736559867859,0.04496797323226931
nairobi,Kenya,melbourne,Melbourne,False,lst,0.8620118141174317,0.0230882559406048,0.8441975474357605,0.017814266681671187
nairobi,Kenya,johannesburg,Johannesburg,False,gdp,0.7435095548629761,0.0437892216960091,0.7220397353172302,0.021469819545745894
nairobi,Kenya,johannesburg,Johannesburg,False,pop,0.8258400917053222,0.002270592491692,0.8277344465255737,-0.0018943548202514648
nairobi,Kenya,johannesburg,Johannesburg,False,ntl,0.6674003005027771,0.0094339513111761,0.668639063835144,-0.0012387633323669434
nairobi,Kenya,johannesburg,Johannesburg,False,pm25,0.816646957397461,0.016507478939827,0.7320334315299988,0.08461352586746218
nairobi,Kenya,johannesburg,Johannesburg,False,lst,0.8868979930877685,0.0068339590876022,0.8753825187683105,0.011515474319457986
nairobi,Kenya,nairobi,Nairobi,True,gdp,0.5831480383872986,0.1282736620630122,0.5730507969856262,0.010097241401672341
nairobi,Kenya,nairobi,Nairobi,True,pop,0.8688114166259766,0.0178071964794472,0.863427746295929,0.005383670330047607
nairobi,Kenya,nairobi,Nairobi,True,ntl,0.9142740726470948,0.0104975006474262,0.8931140542030335,0.021160018444061346
nairobi,Kenya,nairobi,Nairobi,True,pm25,0.9099651455879212,0.0066325705645077,0.8891164302825928,0.02084871530532839
nairobi,Kenya,nairobi,Nairobi,True,lst,0.9691694855690004,0.0028600651547208,0.966173541545868,0.002995944023132413
nairobi,Kenya,luanda,Luanda,False,gdp,0.8550135731697083,0.0230806578388446,0.8414955377578736,0.013518035411834717
nairobi,Kenya,luanda,Luanda,False,pop,0.8859233498573303,0.0110165325964105,0.8801110029220581,0.005812346935272217
nairobi,Kenya,luanda,Luanda,False,ntl,0.8357835531234741,0.0465685719469066,0.812785518169403,0.022998034954071045
nairobi,Kenya,luanda,Luanda,False,pm25,0.8593343377113343,0.0182262057443042,0.8337416887283325,0.02559264898300173
nairobi,Kenya,luanda,Luanda,False,lst,0.7665623307228089,0.0189770405627599,0.7419010162353515,0.024661314487457342
nairobi,Kenya,lisbon,Lisbon,False,gdp,0.6981960892677307,0.0772822190243519,0.7164652705192566,-0.01826918125152588
nairobi,Kenya,lisbon,Lisbon,False,pop,0.7826064109802247,0.0203745551017709,0.803043806552887,-0.02043739557266233
nairobi,Kenya,lisbon,Lisbon,False,ntl,0.7629418969154358,0.0181166510872306,0.7678987264633179,-0.0049568295478821245
nairobi,Kenya,lisbon,Lisbon,False,pm25,0.4358041763305664,0.1034781180730733,0.4636227846145629,-0.027818608283996515
nairobi,Kenya,lisbon,Lisbon,False,lst,0.6348444938659668,0.0350721922766912,0.6537789225578308,-0.018934428691864014
nairobi,Kenya,paris,Paris,False,gdp,0.8897458553314209,0.0146698457690802,0.8880734801292419,0.0016723752021789995
nairobi,Kenya,paris,Paris,False,pop,0.7983208537101746,0.0148239093232075,0.8072999238967895,-0.008979070186614924
nairobi,Kenya,paris,Paris,False,ntl,0.7295684933662414,0.03022121907125,0.7430349588394165,-0.013466465473175093
nairobi,Kenya,paris,Paris,False,pm25,0.7360715866088867,0.0415212381913609,0.780507504940033,-0.04443591833114624
nairobi,Kenya,paris,Paris,False,lst,0.7275267362594604,0.0266974444667998,0.7451892018318176,-0.017662465572357178
nairobi,Kenya,manchester,Manchester,False,gdp,0.8324522018432617,0.0162267898170992,0.8449504256248475,-0.012498223781585716
nairobi,Kenya,manchester,Manchester,False,pop,0.6296778917312622,0.0220535575968757,0.6390231609344482,-0.009345269203186013
nairobi,Kenya,manchester,Manchester,False,ntl,0.6961342096328735,0.0249649594705864,0.7183585047721863,-0.02222429513931279
nairobi,Kenya,manchester,Manchester,False,pm25,0.6724506139755249,0.0386703640873735,0.7636056184768677,-0.09115500450134284
nairobi,Kenya,manchester,Manchester,False,lst,0.650674021244049,0.0291069788649443,0.6733092188835144,-0.02263519763946531
nairobi,Kenya,montreal,Montreal,False,gdp,0.8401279926300049,0.0305846315392157,0.8344319939613343,0.005695998668670654
nairobi,Kenya,montreal,Montreal,False,pop,0.7709830284118653,0.0150071350020295,0.7864136219024658,-0.015430593490600497
nairobi,Kenya,montreal,Montreal,False,ntl,0.681785523891449,0.0447685599620614,0.6908289074897767,-0.009043383598327681
nairobi,Kenya,montreal,Montreal,False,pm25,0.5803184747695923,0.0369642527433381,0.6027352809906006,-0.02241680622100828
nairobi,Kenya,montreal,Montreal,False,lst,0.4985137820243835,0.0627770359500346,0.5054529428482055,-0.00693916082382201
nairobi,Kenya,los_angeles,Los Angeles,False,gdp,0.7757104635238647,0.0246148344230388,0.7770539283752441,-0.0013434648513793723
nairobi,Kenya,los_angeles,Los Angeles,False,pop,0.6802661657333374,0.0196315998920818,0.6913731694221497,-0.011107003688812234
nairobi,Kenya,los_angeles,Los Angeles,False,ntl,0.7325464844703674,0.020756348000289,0.7511767148971558,-0.018630230426788352
nairobi,Kenya,los_angeles,Los Angeles,False,pm25,0.7298634290695191,0.013200056771534,0.7626042246818543,-0.03274079561233523
nairobi,Kenya,los_angeles,Los Angeles,False,lst,0.8468150138854981,0.018794957286762,0.8634871125221253,-0.01667209863662722
nairobi,Kenya,rio_de_janeiro,Rio de Janeiro,False,gdp,0.6504706978797913,0.1086198434694235,0.6296295523643494,0.020841145515441917
nairobi,Kenya,rio_de_janeiro,Rio de Janeiro,False,pop,0.8748614311218261,0.0030169831763237,0.8807548522949219,-0.00589342117309577
nairobi,Kenya,rio_de_janeiro,Rio de Janeiro,False,ntl,0.7650789737701416,0.0233183129652582,0.7783257603645325,-0.013246786594390936
nairobi,Kenya,rio_de_janeiro,Rio de Janeiro,False,pm25,0.813798975944519,0.024152999710903,0.8176258087158204,-0.0038268327713013583
nairobi,Kenya,rio_de_janeiro,Rio de Janeiro,False,lst,0.9181021571159362,0.0143479052992126,0.9158910751342774,0.002211081981658869
nairobi,Kenya,buenos_aires,Buenos Aires,False,gdp,0.94056738615036,0.0154606043683376,0.9271620750427246,0.01340531110763532
nairobi,Kenya,buenos_aires,Buenos Aires,False,pop,0.9007458686828612,0.0055508808138978,0.9026326656341552,-0.001886796951294012
nairobi,Kenya,buenos_aires,Buenos Aires,False,ntl,0.7162474036216736,0.0259001250430474,0.7047477126121521,0.011499691009521529
nairobi,Kenya,buenos_aires,Buenos Aires,False,pm25,0.8555898070335388,0.0105921809751951,0.8404715895652771,0.015118217468261697
nairobi,Kenya,buenos_aires,Buenos Aires,False,lst,0.5599187135696411,0.0345748698235281,0.5342148661613464,0.025703847408294678
luanda,Angola,bangkok,Bangkok,False,gdp,0.8650909781455993,0.0236639743924767,0.8584480166435242,0.0066429615020751065
luanda,Angola,bangkok,Bangkok,False,pop,0.8562373161315918,0.0036259105595776,0.8705501914024353,-0.014312875270843461
luanda,Angola,bangkok,Bangkok,False,ntl,0.781130051612854,0.0143754350935738,0.7915264129638672,-0.010396361351013184
luanda,Angola,bangkok,Bangkok,False,pm25,0.908364474773407,0.0144205700790095,0.9114272713661192,-0.003062796592712247
luanda,Angola,bangkok,Bangkok,False,lst,0.8684714555740356,0.0077314577485489,0.8792263746261597,-0.010754919052124112
luanda,Angola,chengdu,Chengdu,False,gdp,0.4692107200622558,0.1073805946689959,0.4788837194442749,-0.009672999382019098
luanda,Angola,chengdu,Chengdu,False,pop,0.8458006620407105,0.0046947501728051,0.8577033996582031,-0.01190273761749261
luanda,Angola,chengdu,Chengdu,False,ntl,0.8181449770927429,0.0151166730361598,0.8213744521141052,-0.0032294750213622825
luanda,Angola,chengdu,Chengdu,False,pm25,0.8481951355934143,0.0050163285544727,0.8718617200851441,-0.02366658449172976
luanda,Angola,chengdu,Chengdu,False,lst,0.8149411797523498,0.0126936671339301,0.8299230694770813,-0.014981889724731468
luanda,Angola,osaka,Osaka,False,gdp,0.9068737983703612,0.0056486099038881,0.9113026142120362,-0.004428815841674982
luanda,Angola,osaka,Osaka,False,pop,0.864262056350708,0.0065131340976982,0.8717270970344544,-0.007465040683746427
luanda,Angola,osaka,Osaka,False,ntl,0.8250908374786377,0.0138413097146799,0.8243282318115235,0.000762605667114169
luanda,Angola,osaka,Osaka,False,pm25,0.7755976557731629,0.0279320378149476,0.8070080041885376,-0.03141034841537471
luanda,Angola,osaka,Osaka,False,lst,0.8933120369911194,0.0067691944714431,0.9032204151153564,-0.00990837812423706
luanda,Angola,mumbai,Mumbai,False,gdp,0.8570678114891053,0.0174963249342046,0.8477168917655945,0.009350919723510764
luanda,Angola,mumbai,Mumbai,False,pop,0.839530611038208,0.0062200426882008,0.844646668434143,-0.005116057395935014
luanda,Angola,mumbai,Mumbai,False,ntl,0.850810432434082,0.0176336570867335,0.8521237134933471,-0.0013132810592650923
luanda,Angola,mumbai,Mumbai,False,pm25,0.4621938824653625,0.029902188650176,0.4581387996673584,0.00405508279800415
luanda,Angola,mumbai,Mumbai,False,lst,0.7811345934867859,0.0175647025123983,0.7870760679244995,-0.005941474437713534
luanda,Angola,melbourne,Melbourne,False,gdp,0.7925501108169556,0.0943095956160658,0.7714314699172974,0.021118640899658203
luanda,Angola,melbourne,Melbourne,False,pop,0.5217001080513001,0.0919722948178912,0.5218629121780396,-0.00016280412673952416
luanda,Angola,melbourne,Melbourne,False,ntl,0.750917649269104,0.0265010627385489,0.7648703336715699,-0.013952684402465887
luanda,Angola,melbourne,Melbourne,False,pm25,0.8092326402664185,0.027752378203786,0.7961736559867859,0.01305898427963259
luanda,Angola,melbourne,Melbourne,False,lst,0.8522791624069214,0.0224499444791417,0.8441975474357605,0.008081614971160889
luanda,Angola,johannesburg,Johannesburg,False,gdp,0.7326999545097351,0.0704659434037661,0.7220397353172302,0.010660219192504927
luanda,Angola,johannesburg,Johannesburg,False,pop,0.8231652498245239,0.003440853229313,0.8277344465255737,-0.004569196701049827
luanda,Angola,johannesburg,Johannesburg,False,ntl,0.6629362821578979,0.0122573306955565,0.668639063835144,-0.005702781677246138
luanda,Angola,johannesburg,Johannesburg,False,pm25,0.7929350137710571,0.017790292931433,0.7320334315299988,0.06090158224105835
luanda,Angola,johannesburg,Johannesburg,False,lst,0.8826811790466309,0.0083110654772006,0.8753825187683105,0.007298660278320379
luanda,Angola,nairobi,Nairobi,False,gdp,0.5710004568099976,0.1325752282821533,0.5730507969856262,-0.002050340175628662
luanda,Angola,nairobi,Nairobi,False,pop,0.8586898565292358,0.0233453109678369,0.863427746295929,-0.004737889766693204
luanda,Angola,nairobi,Nairobi,False,ntl,0.8970999360084534,0.0121180632109531,0.8931140542030335,0.003985881805419922
luanda,Angola,nairobi,Nairobi,False,pm25,0.890222704410553,0.0153776872091111,0.8891164302825928,0.0011062741279601607
luanda,Angola,nairobi,Nairobi,False,lst,0.964105749130249,0.0030835225424912,0.966173541545868,-0.002067792415618941
luanda,Angola,luanda,Luanda,True,gdp,0.8762190103530884,0.0326803616431564,0.8414955377578736,0.0347234725952148
luanda,Angola,luanda,Luanda,True,pop,0.8983169317245483,0.0133370825152998,0.8801110029220581,0.018205928802490168
luanda,Angola,luanda,Luanda,True,ntl,0.8467544317245483,0.0569736866460524,0.812785518169403,0.03396891355514531
luanda,Angola,luanda,Luanda,True,pm25,0.8675338864326477,0.0433405849117292,0.8337416887283325,0.033792197704315186
luanda,Angola,luanda,Luanda,True,lst,0.7917263269424438,0.0250305371100833,0.7419010162353515,0.049825310707092285
luanda,Angola,lisbon,Lisbon,False,gdp,0.7088929295539856,0.0648788693834623,0.7164652705192566,-0.0075723409652709295
luanda,Angola,lisbon,Lisbon,False,pop,0.7764980435371399,0.0223702902626207,0.803043806552887,-0.02654576301574707
luanda,Angola,lisbon,Lisbon,False,ntl,0.7597616195678711,0.0231401306532255,0.7678987264633179,-0.008137106895446777
luanda,Angola,lisbon,Lisbon,False,pm25,0.4458972930908203,0.1091505620513481,0.4636227846145629,-0.017725491523742587
luanda,Angola,lisbon,Lisbon,False,lst,0.5778775453567505,0.058319773913472,0.6537789225578308,-0.07590137720108026
luanda,Angola,paris,Paris,False,gdp,0.8924131751060486,0.0234499252708339,0.8880734801292419,0.004339694976806641
luanda,Angola,paris,Paris,False,pop,0.7992796540260315,0.0138846261910175,0.8072999238967895,-0.00802026987075799
luanda,Angola,paris,Paris,False,ntl,0.7222941994667054,0.0240529921256192,0.7430349588394165,-0.020740759372711137
luanda,Angola,paris,Paris,False,pm25,0.7341782569885253,0.0558260730303559,0.780507504940033,-0.04632924795150761
luanda,Angola,paris,Paris,False,lst,0.7324536561965942,0.0245706493135123,0.7451892018318176,-0.012735545635223389
luanda,Angola,manchester,Manchester,False,gdp,0.8355383157730103,0.0177820090619828,0.8449504256248475,-0.009412109851837158
luanda,Angola,manchester,Manchester,False,pop,0.6299165725708008,0.0222115322643914,0.6390231609344482,-0.009106588363647417
luanda,Angola,manchester,Manchester,False,ntl,0.6984218001365662,0.0263641325386812,0.7183585047721863,-0.01993670463562014
luanda,Angola,manchester,Manchester,False,pm25,0.6654789566993713,0.0290938408425721,0.7636056184768677,-0.0981266617774964
luanda,Angola,manchester,Manchester,False,lst,0.6435040354728698,0.0175641255711329,0.6733092188835144,-0.02980518341064453
luanda,Angola,montreal,Montreal,False,gdp,0.8342567205429077,0.0290603757526172,0.8344319939613343,-0.0001752734184266025
luanda,Angola,montreal,Montreal,False,pop,0.7753692865371704,0.0106041776448611,0.7864136219024658,-0.011044335365295366
luanda,Angola,montreal,Montreal,False,ntl,0.6761953830718994,0.043049921318428,0.6908289074897767,-0.014633524417877242
luanda,Angola,montreal,Montreal,False,pm25,0.5681529402732849,0.0223308773361105,0.6027352809906006,-0.034582340717315696
luanda,Angola,montreal,Montreal,False,lst,0.4753195405006408,0.0628703211207337,0.5054529428482055,-0.03013340234756473
luanda,Angola,los_angeles,Los Angeles,False,gdp,0.7785898804664612,0.0236319686805902,0.7770539283752441,0.001535952091217041
luanda,Angola,los_angeles,Los Angeles,False,pop,0.6736984729766846,0.0179493551692109,0.6913731694221497,-0.017674696445465043
luanda,Angola,los_angeles,Los Angeles,False,ntl,0.7324463248252868,0.0142637593647685,0.7511767148971558,-0.01873039007186894
luanda,Angola,los_angeles,Los Angeles,False,pm25,0.7453993320465088,0.0064070501748959,0.7626042246818543,-0.017204892635345526
luanda,Angola,los_angeles,Los Angeles,False,lst,0.8526665449142456,0.0155118363824072,0.8634871125221253,-0.010820567607879639
luanda,Angola,rio_de_janeiro,Rio de Janeiro,False,gdp,0.6419745802879333,0.0790961084848819,0.6296295523643494,0.01234502792358394
luanda,Angola,rio_de_janeiro,Rio de Janeiro,False,pop,0.8729013442993164,0.0043133016497902,0.8807548522949219,-0.007853507995605469
luanda,Angola,rio_de_janeiro,Rio de Janeiro,False,ntl,0.7688015580177308,0.046535318780507,0.7783257603645325,-0.009524202346801736
luanda,Angola,rio_de_janeiro,Rio de Janeiro,False,pm25,0.8059298992156982,0.0303735916695334,0.8176258087158204,-0.011695909500122115
luanda,Angola,rio_de_janeiro,Rio de Janeiro,False,lst,0.9069406390190125,0.0241704490337305,0.9158910751342774,-0.008950436115264915
luanda,Angola,buenos_aires,Buenos Aires,False,gdp,0.9315019726753236,0.0181103438146688,0.9271620750427246,0.00433989763259901
luanda,Angola,buenos_aires,Buenos Aires,False,pop,0.8961410522460938,0.0085778748705646,0.9026326656341552,-0.006491613388061479
luanda,Angola,buenos_aires,Buenos Aires,False,ntl,0.7088537573814392,0.0214917060603497,0.7047477126121521,0.004106044769287109
luanda,Angola,buenos_aires,Buenos Aires,False,pm25,0.8386552929878235,0.0096373232357001,0.8404715895652771,-0.0018162965774536355
luanda,Angola,buenos_aires,Buenos Aires,False,lst,0.5090032935142517,0.0415847098176474,0.5342148661613464,-0.025211572647094727
lisbon,Portugal,bangkok,Bangkok,False,gdp,0.8535537958145142,0.0198110344124187,0.8584480166435242,-0.004894220829010032
lisbon,Portugal,bangkok,Bangkok,False,pop,0.854944896697998,0.0086824661140561,0.8705501914024353,-0.015605294704437278
lisbon,Portugal,bangkok,Bangkok,False,ntl,0.7784236311912537,0.0104937369263486,0.7915264129638672,-0.013102781772613481
lisbon,Portugal,bangkok,Bangkok,False,pm25,0.8992558598518372,0.0071970517210557,0.9114272713661192,-0.012171411514282027
lisbon,Portugal,bangkok,Bangkok,False,lst,0.8589367508888245,0.0057833900037299,0.8792263746261597,-0.020289623737335227
lisbon,Portugal,chengdu,Chengdu,False,gdp,0.4522525668144226,0.1001116579342724,0.4788837194442749,-0.026631152629852273
lisbon,Portugal,chengdu,Chengdu,False,pop,0.8524734377861023,0.0055805247831253,0.8577033996582031,-0.005229961872100786
lisbon,Portugal,chengdu,Chengdu,False,ntl,0.8107683181762695,0.0216664507360602,0.8213744521141052,-0.010606133937835716
lisbon,Portugal,chengdu,Chengdu,False,pm25,0.8466029644012452,0.0054453058746109,0.8718617200851441,-0.025258755683898904
lisbon,Portugal,chengdu,Chengdu,False,lst,0.8173188090324401,0.0109175045175474,0.8299230694770813,-0.012604260444641135
lisbon,Portugal,osaka,Osaka,False,gdp,0.9183984518051148,0.0053668334992185,0.9113026142120362,0.0070958375930786355
lisbon,Portugal,osaka,Osaka,False,pop,0.8716129541397095,0.0049509948238071,0.8717270970344544,-0.00011414289474487305
lisbon,Portugal,osaka,Osaka,False,ntl,0.8306979417800904,0.0156662898574983,0.8243282318115235,0.0063697099685668945
lisbon,Portugal,osaka,Osaka,False,pm25,0.803942084312439,0.0343378516367155,0.8070080041885376,-0.0030659198760986106
lisbon,Portugal,osaka,Osaka,False,lst,0.9047953605651856,0.0012999912863378,0.9032204151153564,0.0015749454498291682
lisbon,Portugal,mumbai,Mumbai,False,gdp,0.8412736892700196,0.0145902794775907,0.8477168917655945,-0.006443202495574951
lisbon,Portugal,mumbai,Mumbai,False,pop,0.8390626430511474,0.0068987990856082,0.844646668434143,-0.005584025382995628
lisbon,Portugal,mumbai,Mumbai,False,ntl,0.8386759400367737,0.0121230698678259,0.8521237134933471,-0.013447773456573442
lisbon,Portugal,mumbai,Mumbai,False,pm25,0.4325249791145324,0.0349675383955767,0.4581387996673584,-0.02561382055282596
lisbon,Portugal,mumbai,Mumbai,False,lst,0.7569092869758606,0.0176026346900946,0.7870760679244995,-0.030166780948638894
lisbon,Portugal,melbourne,Melbourne,False,gdp,0.7751318216323853,0.0656645481658527,0.7714314699172974,0.0037003517150878684
lisbon,Portugal,melbourne,Melbourne,False,pop,0.5251608967781067,0.0907765300935659,0.5218629121780396,0.0032979846000671387
lisbon,Portugal,melbourne,Melbourne,False,ntl,0.7537892103195191,0.019159844055673,0.7648703336715699,-0.011081123352050803
lisbon,Portugal,melbourne,Melbourne,False,pm25,0.7484446048736573,0.0388246612473292,0.7961736559867859,-0.04772905111312864
lisbon,Portugal,melbourne,Melbourne,False,lst,0.8059991359710693,0.0356942790480144,0.8441975474357605,-0.03819841146469116
lisbon,Portugal,johannesburg,Johannesburg,False,gdp,0.6877906203269959,0.0600039227587841,0.7220397353172302,-0.03424911499023431
lisbon,Portugal,johannesburg,Johannesburg,False,pop,0.8215948104858398,0.003614600764371,0.8277344465255737,-0.006139636039733887
lisbon,Portugal,johannesburg,Johannesburg,False,ntl,0.6496458053588867,0.0156120510206828,0.668639063835144,-0.018993258476257324
lisbon,Portugal,johannesburg,Johannesburg,False,pm25,0.705818486213684,0.0274113229151569,0.7320334315299988,-0.02621494531631474
lisbon,Portugal,johannesburg,Johannesburg,False,lst,0.8576755881309509,0.0096475530767831,0.8753825187683105,-0.01770693063735962
lisbon,Portugal,nairobi,Nairobi,False,gdp,0.578483498096466,0.0971581015944158,0.5730507969856262,0.0054327011108398215
lisbon,Portugal,nairobi,Nairobi,False,pop,0.8408482193946838,0.0329884484465477,0.863427746295929,-0.022579526901245206
lisbon,Portugal,nairobi,Nairobi,False,ntl,0.8912225246429444,0.0152780335289526,0.8931140542030335,-0.0018915295600890891
lisbon,Portugal,nairobi,Nairobi,False,pm25,0.856126606464386,0.0086513964088362,0.8891164302825928,-0.03298982381820681
lisbon,Portugal,nairobi,Nairobi,False,lst,0.9573797821998596,0.0016847190613465,0.966173541545868,-0.008793759346008345
lisbon,Portugal,luanda,Luanda,False,gdp,0.8381462454795837,0.0208352719487178,0.8414955377578736,-0.0033492922782898393
lisbon,Portugal,luanda,Luanda,False,pop,0.8617327570915222,0.0197816478787212,0.8801110029220581,-0.018378245830535933
lisbon,Portugal,luanda,Luanda,False,ntl,0.8142005205154419,0.0435368530427909,0.812785518169403,0.0014150023460388628
lisbon,Portugal,luanda,Luanda,False,pm25,0.7867435932159423,0.0339488969161278,0.8337416887283325,-0.0469980955123902
lisbon,Portugal,luanda,Luanda,False,lst,0.7289145231246948,0.0363890999393576,0.7419010162353515,-0.012986493110656694
lisbon,Portugal,lisbon,Lisbon,True,gdp,0.7823747515678405,0.0324463318028451,0.7164652705192566,0.06590948104858396
lisbon,Portugal,lisbon,Lisbon,True,pop,0.8067087888717651,0.0135383118548654,0.803043806552887,0.0036649823188781294
lisbon,Portugal,lisbon,Lisbon,True,ntl,0.7861450672149658,0.0615478779621922,0.7678987264633179,0.018246340751647883
lisbon,Portugal,lisbon,Lisbon,True,pm25,0.4988871932029724,0.0876393270124719,0.4636227846145629,0.03526440858840951
lisbon,Portugal,lisbon,Lisbon,True,lst,0.7285369396209717,0.0269246493901794,0.6537789225578308,0.07475801706314089
lisbon,Portugal,paris,Paris,False,gdp,0.9090282559394836,0.0187241317058248,0.8880734801292419,0.020954775810241633
lisbon,Portugal,paris,Paris,False,pop,0.8070050239562988,0.0140425805258226,0.8072999238967895,-0.00029489994049070045
lisbon,Portugal,paris,Paris,False,ntl,0.7579901576042175,0.0148864323046885,0.7430349588394165,0.014955198764801003
lisbon,Portugal,paris,Paris,False,pm25,0.823751437664032,0.0182976300954776,0.780507504940033,0.04324393272399907
lisbon,Portugal,paris,Paris,False,lst,0.7670989155769348,0.0241577741208238,0.7451892018318176,0.021909713745117188
lisbon,Portugal,manchester,Manchester,False,gdp,0.8637116551399231,0.0196433833226224,0.8449504256248475,0.01876122951507564
lisbon,Portugal,manchester,Manchester,False,pop,0.642777419090271,0.0228286499601182,0.6390231609344482,0.003754258155822754
lisbon,Portugal,manchester,Manchester,False,ntl,0.7255003929138184,0.036671815884411,0.7183585047721863,0.00714188814163208
lisbon,Portugal,manchester,Manchester,False,pm25,0.7964670777320861,0.023020218801652,0.7636056184768677,0.03286145925521844
lisbon,Portugal,manchester,Manchester,False,lst,0.6979945063591003,0.0193927513140242,0.6733092188835144,0.02468528747558596
lisbon,Portugal,montreal,Montreal,False,gdp,0.8520429968833924,0.03024318603534,0.8344319939613343,0.017611002922058083
lisbon,Portugal,montreal,Montreal,False,pop,0.7858434915542603,0.0089853068610028,0.7864136219024658,-0.000570130348205522
lisbon,Portugal,montreal,Montreal,False,ntl,0.6799590706825256,0.0309017052744016,0.6908289074897767,-0.010869836807251065
lisbon,Portugal,montreal,Montreal,False,pm25,0.5956552743911743,0.0360387144207655,0.6027352809906006,-0.007080006599426314
lisbon,Portugal,montreal,Montreal,False,lst,0.5137290716171264,0.0468703980185659,0.5054529428482055,0.00827612876892092
lisbon,Portugal,los_angeles,Los Angeles,False,gdp,0.7888946652412414,0.0199093717720605,0.7770539283752441,0.011840736865997292
lisbon,Portugal,los_angeles,Los Angeles,False,pop,0.6833004474639892,0.0151508713028469,0.6913731694221497,-0.008072721958160445
lisbon,Portugal,los_angeles,Los Angeles,False,ntl,0.7482060074806214,0.0167601640900135,0.7511767148971558,-0.0029707074165343794
lisbon,Portugal,los_angeles,Los Angeles,False,pm25,0.7689557313919068,0.0138943780951767,0.7626042246818543,0.006351506710052468
lisbon,Portugal,los_angeles,Los Angeles,False,lst,0.8691625833511353,0.012800283663631,0.8634871125221253,0.0056754708290099876
lisbon,Portugal,rio_de_janeiro,Rio de Janeiro,False,gdp,0.5985614657402039,0.0938900594155474,0.6296295523643494,-0.031068086624145508
lisbon,Portugal,rio_de_janeiro,Rio de Janeiro,False,pop,0.877535343170166,0.0033154098445205,0.8807548522949219,-0.0032195091247558816
lisbon,Portugal,rio_de_janeiro,Rio de Janeiro,False,ntl,0.7542824745178223,0.0487913873459302,0.7783257603645325,-0.024043285846710227
lisbon,Portugal,rio_de_janeiro,Rio de Janeiro,False,pm25,0.7938366293907165,0.0127203992500406,0.8176258087158204,-0.023789179325103826
lisbon,Portugal,rio_de_janeiro,Rio de Janeiro,False,lst,0.8986541509628296,0.0175525525660116,0.9158910751342774,-0.01723692417144773
lisbon,Portugal,buenos_aires,Buenos Aires,False,gdp,0.92478107213974,0.020815847532668,0.9271620750427246,-0.002381002902984597
lisbon,Portugal,buenos_aires,Buenos Aires,False,pop,0.8958417415618897,0.00471058788291,0.9026326656341552,-0.006790924072265558
lisbon,Portugal,buenos_aires,Buenos Aires,False,ntl,0.6733363032341003,0.0317142305735509,0.7047477126121521,-0.03141140937805176
lisbon,Portugal,buenos_aires,Buenos Aires,False,pm25,0.7971698999404907,0.0250875986234735,0.8404715895652771,-0.04330168962478642
lisbon,Portugal,buenos_aires,Buenos Aires,False,lst,0.4815984010696411,0.0544658347519607,0.5342148661613464,-0.05261646509170531
paris,France,bangkok,Bangkok,False,gdp,0.8659289836883545,0.0115742703221611,0.8584480166435242,0.007480967044830256
paris,France,bangkok,Bangkok,False,pop,0.8616268396377563,0.006620219550829,0.8705501914024353,-0.008923351764678955
paris,France,bangkok,Bangkok,False,ntl,0.7755586981773377,0.014384033481787,0.7915264129638672,-0.015967714786529474
paris,France,bangkok,Bangkok,False,pm25,0.921405816078186,0.0058033984183832,0.9114272713661192,0.009978544712066717
paris,France,bangkok,Bangkok,False,lst,0.864061689376831,0.0100461994964739,0.8792263746261597,-0.01516468524932868
paris,France,chengdu,Chengdu,False,gdp,0.467369818687439,0.1008456885516943,0.4788837194442749,-0.011513900756835893
paris,France,chengdu,Chengdu,False,pop,0.85715092420578,0.0067770708144746,0.8577033996582031,-0.0005524754524230957
paris,France,chengdu,Chengdu,False,ntl,0.8217832565307617,0.0197684255712368,0.8213744521141052,0.00040880441665647194
paris,France,chengdu,Chengdu,False,pm25,0.8711994528770447,0.0049489047034933,0.8718617200851441,-0.0006622672080993652
paris,France,chengdu,Chengdu,False,lst,0.8276598453521729,0.0103477575668432,0.8299230694770813,-0.002263224124908425
paris,France,osaka,Osaka,False,gdp,0.9233582139015196,0.0044821068170024,0.9113026142120362,0.012055599689483443
paris,France,osaka,Osaka,False,pop,0.8727651715278626,0.004973860958062,0.8717270970344544,0.0010380744934082031
paris,France,osaka,Osaka,False,ntl,0.8295089364051819,0.0125758128689694,0.8243282318115235,0.005180704593658381
paris,France,osaka,Osaka,False,pm25,0.828034245967865,0.023177800299851,0.8070080041885376,0.021026241779327437
paris,France,osaka,Osaka,False,lst,0.9077685475349426,0.0011051132920993,0.9032204151153564,0.004548132419586182
paris,France,mumbai,Mumbai,False,gdp,0.8271811842918396,0.0164199777645289,0.8477168917655945,-0.020535707473754883
paris,France,mumbai,Mumbai,False,pop,0.8409796953201294,0.0054793828671143,0.844646668434143,-0.0036669731140136497
paris,France,mumbai,Mumbai,False,ntl,0.835586667060852,0.0168522401272796,0.8521237134933471,-0.016537046432495095
paris,France,mumbai,Mumbai,False,pm25,0.4578428387641907,0.0486689535783719,0.4581387996673584,-0.0002959609031676913
paris,France,mumbai,Mumbai,False,lst,0.7454302072525024,0.0203664261087129,0.7870760679244995,-0.04164586067199705
paris,France,melbourne,Melbourne,False,gdp,0.7627050161361695,0.0875017847422111,0.7714314699172974,-0.008726453781127907
paris,France,melbourne,Melbourne,False,pop,0.5197140097618103,0.0840671953096822,0.5218629121780396,-0.002148902416229337
paris,France,melbourne,Melbourne,False,ntl,0.7475016713142395,0.036072793976944,0.7648703336715699,-0.017368662357330367
paris,France,melbourne,Melbourne,False,pm25,0.7552588105201721,0.0422572874572788,0.7961736559867859,-0.040914845466613836
paris,France,melbourne,Melbourne,False,lst,0.8228150844573975,0.027217801987253,0.8441975474357605,-0.021382462978362993
paris,France,johannesburg,Johannesburg,False,gdp,0.6980012059211731,0.0408668111803789,0.7220397353172302,-0.024038529396057107
paris,France,johannesburg,Johannesburg,False,pop,0.8211053252220154,0.0040553897890285,0.8277344465255737,-0.006629121303558305
paris,France,johannesburg,Johannesburg,False,ntl,0.6387019753456116,0.0149531056829438,0.668639063835144,-0.02993708848953247
paris,France,johannesburg,Johannesburg,False,pm25,0.688284182548523,0.0163733547650734,0.7320334315299988,-0.04374924898147581
paris,France,johannesburg,Johannesburg,False,lst,0.8562641739845276,0.006004294473906,0.8753825187683105,-0.019118344783782937
paris,France,nairobi,Nairobi,False,gdp,0.5523772835731506,0.0950390384253549,0.5730507969856262,-0.020673513412475586
paris,France,nairobi,Nairobi,False,pop,0.8344533681869507,0.0201011969554729,0.863427746295929,-0.028974378108978294
paris,France,nairobi,Nairobi,False,ntl,0.8822304844856262,0.0145108561980344,0.8931140542030335,-0.010883569717407227
paris,France,nairobi,Nairobi,False,pm25,0.8412063360214234,0.0077546175900878,0.8891164302825928,-0.047910094261169434
paris,France,nairobi,Nairobi,False,lst,0.9587065696716308,0.0019287417980338,0.966173541545868,-0.007466971874237172
paris,France,luanda,Luanda,False,gdp,0.8259908199310303,0.0432463206380523,0.8414955377578736,-0.015504717826843262
paris,France,luanda,Luanda,False,pop,0.8538103103637695,0.0181331910154356,0.8801110029220581,-0.026300692558288596
paris,France,luanda,Luanda,False,ntl,0.8167814970016479,0.0367544171964882,0.812785518169403,0.003995978832244895
paris,France,luanda,Luanda,False,pm25,0.8022427916526794,0.0312556377409899,0.8337416887283325,-0.03149889707565312
paris,France,luanda,Luanda,False,lst,0.7177679419517518,0.040128220115702,0.7419010162353515,-0.024133074283599787
paris,France,lisbon,Lisbon,False,gdp,0.780848252773285,0.0344890593946791,0.7164652705192566,0.06438298225402839
paris,France,lisbon,Lisbon,False,pop,0.8040972948074341,0.0103024479828725,0.803043806552887,0.001053488254547097
paris,France,lisbon,Lisbon,False,ntl,0.7859161853790283,0.0345509788444777,0.7678987264633179,0.018017458915710383
paris,France,lisbon,Lisbon,False,pm25,0.5451221585273742,0.0850871544058386,0.4636227846145629,0.08149937391281131
paris,France,lisbon,Lisbon,False,lst,0.7076841354370117,0.0321671995257973,0.6537789225578308,0.05390521287918093
paris,France,paris,Paris,True,gdp,0.9107190608978272,0.0188029002978264,0.8880734801292419,0.02264558076858525
paris,France,paris,Paris,True,pop,0.8127214193344117,0.012479826223839,0.8072999238967895,0.005421495437622159
paris,France,paris,Paris,True,ntl,0.7766785025596619,0.0157392225373361,0.7430349588394165,0.03364354372024536
paris,France,paris,Paris,True,pm25,0.8731961131095887,0.0090701480254464,0.780507504940033,0.09268860816955571
paris,France,paris,Paris,True,lst,0.7889134764671326,0.0205972339648075,0.7451892018318176,0.04372427463531503
paris,France,manchester,Manchester,False,gdp,0.8788223147392273,0.0087419938132552,0.8449504256248475,0.03387188911437988
paris,France,manchester,Manchester,False,pop,0.6465224742889404,0.02132964131249,0.6390231609344482,0.007499313354492165
paris,France,manchester,Manchester,False,ntl,0.7399120926856995,0.028792727124462,0.7183585047721863,0.02155358791351314
paris,France,manchester,Manchester,False,pm25,0.8593739986419677,0.0148262030326065,0.7636056184768677,0.09576838016510003
paris,France,manchester,Manchester,False,lst,0.704650604724884,0.0095754357184725,0.6733092188835144,0.031341385841369696
paris,France,montreal,Montreal,False,gdp,0.842229676246643,0.029602580938161,0.8344319939613343,0.007797682285308749
paris,France,montreal,Montreal,False,pop,0.795507800579071,0.0118667178677348,0.7864136219024658,0.009094178676605225
paris,France,montreal,Montreal,False,ntl,0.7057882666587829,0.0331511808030363,0.6908289074897767,0.014959359169006259
paris,France,montreal,Montreal,False,pm25,0.6273979783058167,0.0628142998487402,0.6027352809906006,0.024662697315216087
paris,France,montreal,Montreal,False,lst,0.542509114742279,0.0589175151740584,0.5054529428482055,0.03705617189407351
paris,France,los_angeles,Los Angeles,False,gdp,0.795320725440979,0.0187573477775375,0.7770539283752441,0.018266797065734863
paris,France,los_angeles,Los Angeles,False,pop,0.6884802222251892,0.0199941719272055,0.6913731694221497,-0.002892947196960427
paris,France,los_angeles,Los Angeles,False,ntl,0.752615487575531,0.0156604311849125,0.7511767148971558,0.001438772678375222
paris,France,los_angeles,Los Angeles,False,pm25,0.789823591709137,0.0124684573809079,0.7626042246818543,0.02721936702728267
paris,France,los_angeles,Los Angeles,False,lst,0.8664142727851868,0.0101257364869793,0.8634871125221253,0.0029271602630615012
paris,France,rio_de_janeiro,Rio de Janeiro,False,gdp,0.6074584484100342,0.0629051539295333,0.6296295523643494,-0.022171103954315208
paris,France,rio_de_janeiro,Rio de Janeiro,False,pop,0.8775186657905578,0.003379080423814,0.8807548522949219,-0.0032361865043640803
paris,France,rio_de_janeiro,Rio de Janeiro,False,ntl,0.746323025226593,0.0518858120762407,0.7783257603645325,-0.0320027351379395
paris,France,rio_de_janeiro,Rio de Janeiro,False,pm25,0.7599014163017273,0.0280316288823299,0.8176258087158204,-0.057724392414093106
paris,France,rio_de_janeiro,Rio de Janeiro,False,lst,0.8965925574302673,0.0166306800409006,0.9158910751342774,-0.019298517704010032
paris,France,buenos_aires,Buenos Aires,False,gdp,0.9118382692337036,0.0196530668995935,0.9271620750427246,-0.01532380580902104
paris,France,buenos_aires,Buenos Aires,False,pop,0.8955050468444824,0.0054992133649608,0.9026326656341552,-0.007127618789672829
paris,France,buenos_aires,Buenos Aires,False,ntl,0.6705129861831665,0.0228124869750854,0.7047477126121521,-0.03423472642898562
paris,France,buenos_aires,Buenos Aires,False,pm25,0.8010114789009094,0.0241654086513994,0.8404715895652771,-0.03946011066436772
paris,France,buenos_aires,Buenos Aires,False,lst,0.4661875963211059,0.0549266595848697,0.5342148661613464,-0.06802726984024049
manchester,United Kingdom,bangkok,Bangkok,False,gdp,0.8558124542236328,0.0213722117753617,0.8584480166435242,-0.0026355624198913796
manchester,United Kingdom,bangkok,Bangkok,False,pop,0.8627278566360473,0.0051450895709066,0.8705501914024353,-0.00782233476638794
manchester,United Kingdom,bangkok,Bangkok,False,ntl,0.7812389612197876,0.0121873620181624,0.7915264129638672,-0.010287451744079523
manchester,United Kingdom,bangkok,Bangkok,False,pm25,0.9172506690025328,0.006499070169952,0.9114272713661192,0.005823397636413596
manchester,United Kingdom,bangkok,Bangkok,False,lst,0.8650238633155822,0.0088889974893227,0.8792263746261597,-0.014202511310577481
manchester,United Kingdom,chengdu,Chengdu,False,gdp,0.4662044286727905,0.100268794254389,0.4788837194442749,-0.012679290771484386
manchester,United Kingdom,chengdu,Chengdu,False,pop,0.8552409410476685,0.005829024720634,0.8577033996582031,-0.0024624586105346236
manchester,United Kingdom,chengdu,Chengdu,False,ntl,0.8069709897041321,0.0203321037658128,0.8213744521141052,-0.014403462409973145
manchester,United Kingdom,chengdu,Chengdu,False,pm25,0.872840690612793,0.0062544283274837,0.8718617200851441,0.000978970527648948
manchester,United Kingdom,chengdu,Chengdu,False,lst,0.8336661577224731,0.0104143196164043,0.8299230694770813,0.0037430882453918235
manchester,United Kingdom,osaka,Osaka,False,gdp,0.9281735181808471,0.0048375174782492,0.9113026142120362,0.01687090396881097
manchester,United Kingdom,osaka,Osaka,False,pop,0.8709627509117126,0.0049940477436967,0.8717270970344544,-0.000764346122741788
manchester,United Kingdom,osaka,Osaka,False,ntl,0.8227657556533814,0.0131435065304803,0.8243282318115235,-0.0015624761581420898
manchester,United Kingdom,osaka,Osaka,False,pm25,0.8243592381477356,0.0264020293769037,0.8070080041885376,0.01735123395919802
manchester,United Kingdom,osaka,Osaka,False,lst,0.904662311077118,0.0074125980512937,0.9032204151153564,0.0014418959617615856
manchester,United Kingdom,mumbai,Mumbai,False,gdp,0.8364599943161011,0.0214814537993877,0.8477168917655945,-0.01125689744949343
manchester,United Kingdom,mumbai,Mumbai,False,pop,0.8396501302719116,0.0071702449373585,0.844646668434143,-0.004996538162231445
manchester,United Kingdom,mumbai,Mumbai,False,ntl,0.8257230281829834,0.0336982777522223,0.8521237134933471,-0.02640068531036377
manchester,United Kingdom,mumbai,Mumbai,False,pm25,0.4107480406761169,0.0445324372691777,0.4581387996673584,-0.047390758991241455
manchester,United Kingdom,mumbai,Mumbai,False,lst,0.760620629787445,0.015092703992329,0.7870760679244995,-0.02645543813705442
manchester,United Kingdom,melbourne,Melbourne,False,gdp,0.7669392824172974,0.072211093825167,0.7714314699172974,-0.004492187500000022
manchester,United Kingdom,melbourne,Melbourne,False,pop,0.5264510869979858,0.0840753052311451,0.5218629121780396,0.0045881748199462224
manchester,United Kingdom,melbourne,Melbourne,False,ntl,0.7471266865730286,0.0214805028895979,0.7648703336715699,-0.01774364709854126
manchester,United Kingdom,melbourne,Melbourne,False,pm25,0.7598071694374084,0.0469584227834836,0.7961736559867859,-0.036366486549377464
manchester,United Kingdom,melbourne,Melbourne,False,lst,0.825451672077179,0.0261695641370582,0.8441975474357605,-0.01874587535858152
manchester,United Kingdom,johannesburg,Johannesburg,False,gdp,0.6657997369766235,0.0623828014454836,0.7220397353172302,-0.05623999834060667
manchester,United Kingdom,johannesburg,Johannesburg,False,pop,0.8200656771659851,0.0035224650784696,0.8277344465255737,-0.007668769359588601
manchester,United Kingdom,johannesburg,Johannesburg,False,ntl,0.6492561936378479,0.0119043474910671,0.668639063835144,-0.01938287019729612
manchester,United Kingdom,johannesburg,Johannesburg,False,pm25,0.6939208030700683,0.0188410528013625,0.7320334315299988,-0.038112628459930464
manchester,United Kingdom,johannesburg,Johannesburg,False,lst,0.863874900341034,0.0119073986994013,0.8753825187683105,-0.011507618427276545
manchester,United Kingdom,nairobi,Nairobi,False,gdp,0.567587423324585,0.1041799018574823,0.5730507969856262,-0.005463373661041215
manchester,United Kingdom,nairobi,Nairobi,False,pop,0.8492476344108582,0.0234673966207638,0.863427746295929,-0.014180111885070845
manchester,United Kingdom,nairobi,Nairobi,False,ntl,0.8954400539398193,0.006854109331033,0.8931140542030335,0.002325999736785822
manchester,United Kingdom,nairobi,Nairobi,False,pm25,0.8666166543960572,0.0086349839121482,0.8891164302825928,-0.022499775886535622
manchester,United Kingdom,nairobi,Nairobi,False,lst,0.9601059913635254,0.0033541021266174,0.966173541545868,-0.006067550182342618
manchester,United Kingdom,luanda,Luanda,False,gdp,0.8353741765022278,0.028200246305831,0.8414955377578736,-0.006121361255645774
manchester,United Kingdom,luanda,Luanda,False,pop,0.8640616178512573,0.0172692979560758,0.8801110029220581,-0.01604938507080078
manchester,United Kingdom,luanda,Luanda,False,ntl,0.8143713235855102,0.0507613465783854,0.812785518169403,0.0015858054161072
manchester,United Kingdom,luanda,Luanda,False,pm25,0.8233663678169251,0.0325987501144366,0.8337416887283325,-0.01037532091140747
manchester,United Kingdom,luanda,Luanda,False,lst,0.7186465978622436,0.0353474365346921,0.7419010162353515,-0.023254418373107932
manchester,United Kingdom,lisbon,Lisbon,False,gdp,0.7756429076194763,0.0440909589764231,0.7164652705192566,0.05917763710021973
manchester,United Kingdom,lisbon,Lisbon,False,pop,0.8047152280807495,0.0082853859781133,0.803043806552887,0.0016714215278624822
manchester,United Kingdom,lisbon,Lisbon,False,ntl,0.7901052117347718,0.0221576895379669,0.7678987264633179,0.022206485271453857
manchester,United Kingdom,lisbon,Lisbon,False,pm25,0.5428910970687866,0.1000935561856209,0.4636227846145629,0.07926831245422367
manchester,United Kingdom,lisbon,Lisbon,False,lst,0.6921792149543762,0.024495442493421,0.6537789225578308,0.03840029239654541
manchester,United Kingdom,paris,Paris,False,gdp,0.9112144351005554,0.0217300928394089,0.8880734801292419,0.02314095497131352
manchester,United Kingdom,paris,Paris,False,pop,0.80964435338974,0.0128029417195238,0.8072999238967895,0.0023444294929504395
manchester,United Kingdom,paris,Paris,False,ntl,0.7715841054916381,0.0169161569538158,0.7430349588394165,0.028549146652221635
manchester,United Kingdom,paris,Paris,False,pm25,0.8714127659797668,0.0231010502444633,0.780507504940033,0.09090526103973384
manchester,United Kingdom,paris,Paris,False,lst,0.784653103351593,0.024047147310869,0.7451892018318176,0.03946390151977541
manchester,United Kingdom,manchester,Manchester,True,gdp,0.8963234424591064,0.0090900054689602,0.8449504256248475,0.05137301683425899
manchester,United Kingdom,manchester,Manchester,True,pop,0.6481467723846436,0.0209728867651599,0.6390231609344482,0.009123611450195357
manchester,United Kingdom,manchester,Manchester,True,ntl,0.757837998867035,0.0251447154591215,0.7183585047721863,0.03947949409484863
manchester,United Kingdom,manchester,Manchester,True,pm25,0.9257354736328124,0.0039381965878008,0.7636056184768677,0.1621298551559447
manchester,United Kingdom,manchester,Manchester,True,lst,0.7409891247749328,0.0072100389427553,0.6733092188835144,0.06767990589141848
manchester,United Kingdom,montreal,Montreal,False,gdp,0.8497833251953125,0.0267110086509015,0.8344319939613343,0.01535133123397825
manchester,United Kingdom,montreal,Montreal,False,pop,0.7920258045196533,0.0128126952208868,0.7864136219024658,0.005612182617187544
manchester,United Kingdom,montreal,Montreal,False,ntl,0.6996311545372009,0.0374780913394731,0.6908289074897767,0.008802247047424272
manchester,United Kingdom,montreal,Montreal,False,pm25,0.6574615716934205,0.0359949872994254,0.6027352809906006,0.05472629070281987
manchester,United Kingdom,montreal,Montreal,False,lst,0.5491617918014526,0.0204554903555001,0.5054529428482055,0.043708848953247115
manchester,United Kingdom,los_angeles,Los Angeles,False,gdp,0.8004069566726685,0.0249603496256127,0.7770539283752441,0.02335302829742436
manchester,United Kingdom,los_angeles,Los Angeles,False,pop,0.6893057703971863,0.0195295846199343,0.6913731694221497,-0.0020673990249633345
manchester,United Kingdom,los_angeles,Los Angeles,False,ntl,0.750987195968628,0.0206972761255964,0.7511767148971558,-0.00018951892852780983
manchester,United Kingdom,los_angeles,Los Angeles,False,pm25,0.8072973847389221,0.0095798123716233,0.7626042246818543,0.044693160057067804
manchester,United Kingdom,los_angeles,Los Angeles,False,lst,0.8704991459846496,0.0112958954122313,0.8634871125221253,0.007012033462524325
manchester,United Kingdom,rio_de_janeiro,Rio de Janeiro,False,gdp,0.6302722573280335,0.0605778316544908,0.6296295523643494,0.0006427049636841264
manchester,United Kingdom,rio_de_janeiro,Rio de Janeiro,False,pop,0.8770931243896485,0.0041557087772762,0.8807548522949219,-0.0036617279052734153
manchester,United Kingdom,rio_de_janeiro,Rio de Janeiro,False,ntl,0.7562167048454285,0.0497541230442006,0.7783257603645325,-0.022109055519104026
manchester,United Kingdom,rio_de_janeiro,Rio de Janeiro,False,pm25,0.7992705702781677,0.0137556370049531,0.8176258087158204,-0.018355238437652632
manchester,United Kingdom,rio_de_janeiro,Rio de Janeiro,False,lst,0.8992629528045655,0.0195926999187256,0.9158910751342774,-0.016628122329711892
manchester,United Kingdom,buenos_aires,Buenos Aires,False,gdp,0.9248831391334532,0.0215814635046413,0.9271620750427246,-0.002278935909271418
manchester,United Kingdom,buenos_aires,Buenos Aires,False,pop,0.8954690217971801,0.0058745576821889,0.9026326656341552,-0.007163643836975098
manchester,United Kingdom,buenos_aires,Buenos Aires,False,ntl,0.6829890608787537,0.0242377250493688,0.7047477126121521,-0.021758651733398415
manchester,United Kingdom,buenos_aires,Buenos Aires,False,pm25,0.8214167475700378,0.0206175598466907,0.8404715895652771,-0.019054841995239324
manchester,United Kingdom,buenos_aires,Buenos Aires,False,lst,0.4757698774337768,0.0516528050213139,0.5342148661613464,-0.05844498872756959
montreal,Canada,bangkok,Bangkok,False,gdp,0.8476171016693115,0.0104433594819271,0.8584480166435242,-0.010830914974212735
montreal,Canada,bangkok,Bangkok,False,pop,0.8528424978256226,0.0042355779313056,0.8705501914024353,-0.017707693576812678
montreal,Canada,bangkok,Bangkok,False,ntl,0.7765350222587586,0.0090042454259234,0.7915264129638672,-0.014991390705108576
montreal,Canada,bangkok,Bangkok,False,pm25,0.8891209602355957,0.0096388171603287,0.9114272713661192,-0.022306311130523504
montreal,Canada,bangkok,Bangkok,False,lst,0.8572183609008789,0.0092769377634184,0.8792263746261597,-0.02200801372528083
montreal,Canada,chengdu,Chengdu,False,gdp,0.4551832795143127,0.1009446663276304,0.4788837194442749,-0.02370043992996218
montreal,Canada,chengdu,Chengdu,False,pop,0.8550272464752198,0.0068193435797991,0.8577033996582031,-0.0026761531829833096
montreal,Canada,chengdu,Chengdu,False,ntl,0.8200358748435974,0.0121118182465708,0.8213744521141052,-0.0013385772705077903
montreal,Canada,chengdu,Chengdu,False,pm25,0.8726467251777649,0.0046787019863195,0.8718617200851441,0.0007850050926208052
montreal,Canada,chengdu,Chengdu,False,lst,0.8269909858703614,0.0154520107509745,0.8299230694770813,-0.0029320836067199263
montreal,Canada,osaka,Osaka,False,gdp,0.9216457962989808,0.0039370829446624,0.9113026142120362,0.010343182086944624
montreal,Canada,osaka,Osaka,False,pop,0.8704447150230408,0.0057560794332511,0.8717270970344544,-0.0012823820114136186
montreal,Canada,osaka,Osaka,False,ntl,0.828415036201477,0.0172165522034001,0.8243282318115235,0.004086804389953569
montreal,Canada,osaka,Osaka,False,pm25,0.8210600137710571,0.0295130408460277,0.8070080041885376,0.014052009582519509
montreal,Canada,osaka,Osaka,False,lst,0.9014079451560976,0.0037046489419438,0.9032204151153564,-0.0018124699592588778
montreal,Canada,mumbai,Mumbai,False,gdp,0.8379899501800537,0.0142646177309279,0.8477168917655945,-0.009726941585540771
montreal,Canada,mumbai,Mumbai,False,pop,0.8396336317062378,0.0070593357923362,0.844646668434143,-0.005013036727905207
montreal,Canada,mumbai,Mumbai,False,ntl,0.8303464889526367,0.0174999524448998,0.8521237134933471,-0.021777224540710405
montreal,Canada,mumbai,Mumbai,False,pm25,0.4237618088722229,0.0379442587018906,0.4581387996673584,-0.034376990795135454
montreal,Canada,mumbai,Mumbai,False,lst,0.7524692296981812,0.0279492866324852,0.7870760679244995,-0.03460683822631827
montreal,Canada,melbourne,Melbourne,False,gdp,0.7862934827804565,0.0686020066871929,0.7714314699172974,0.014862012863159135
montreal,Canada,melbourne,Melbourne,False,pop,0.5182050824165344,0.101784366885821,0.5218629121780396,-0.0036578297615051936
montreal,Canada,melbourne,Melbourne,False,ntl,0.7343264818191528,0.0220311597196989,0.7648703336715699,-0.030543851852417037
montreal,Canada,melbourne,Melbourne,False,pm25,0.7563616037368774,0.042225674415102,0.7961736559867859,-0.03981205224990847
montreal,Canada,melbourne,Melbourne,False,lst,0.8150923728942872,0.0248506952931461,0.8441975474357605,-0.029105174541473322
montreal,Canada,johannesburg,Johannesburg,False,gdp,0.6920952200889587,0.0706427789614028,0.7220397353172302,-0.029944515228271462
montreal,Canada,johannesburg,Johannesburg,False,pop,0.8196857929229736,0.0036420595407868,0.8277344465255737,-0.008048653602600098
montreal,Canada,johannesburg,Johannesburg,False,ntl,0.6447723627090454,0.0083945835087184,0.668639063835144,-0.023866701126098677
montreal,Canada,johannesburg,Johannesburg,False,pm25,0.6861445546150208,0.025213487170189,0.7320334315299988,-0.045888876914978005
montreal,Canada,johannesburg,Johannesburg,False,lst,0.8562981009483337,0.0085363301111056,0.8753825187683105,-0.01908441781997683
montreal,Canada,nairobi,Nairobi,False,gdp,0.5657886028289795,0.0877609095685556,0.5730507969856262,-0.007262194156646751
montreal,Canada,nairobi,Nairobi,False,pop,0.85081387758255,0.0214775756702662,0.863427746295929,-0.012613868713378995
montreal,Canada,nairobi,Nairobi,False,ntl,0.8931092977523803,0.0138431532807855,0.8931140542030335,-4.756450653120581e-06
montreal,Canada,nairobi,Nairobi,False,pm25,0.8580008983612061,0.0066296973655275,0.8891164302825928,-0.03111553192138672
montreal,Canada,nairobi,Nairobi,False,lst,0.9601657748222352,0.0026133871396396,0.966173541545868,-0.00600776672363279
montreal,Canada,luanda,Luanda,False,gdp,0.8293815493583679,0.0226642609210858,0.8414955377578736,-0.012113988399505615
montreal,Canada,luanda,Luanda,False,pop,0.8607278823852539,0.0168429113049923,0.8801110029220581,-0.019383120536804244
montreal,Canada,luanda,Luanda,False,ntl,0.8115440726280212,0.0502795438705822,0.812785518169403,-0.001241445541381836
montreal,Canada,luanda,Luanda,False,pm25,0.7587571978569031,0.0700103928484131,0.8337416887283325,-0.07498449087142944
montreal,Canada,luanda,Luanda,False,lst,0.7064794540405274,0.0268091137088201,0.7419010162353515,-0.035421562194824174
montreal,Canada,lisbon,Lisbon,False,gdp,0.7331517696380615,0.0663670076137008,0.7164652705192566,0.01668649911880493
montreal,Canada,lisbon,Lisbon,False,pop,0.7930779933929444,0.02084817320679,0.803043806552887,-0.009965813159942605
montreal,Canada,lisbon,Lisbon,False,ntl,0.7629619002342224,0.0161907581054901,0.7678987264633179,-0.004936826229095526
montreal,Canada,lisbon,Lisbon,False,pm25,0.4874578952789307,0.1308046577359073,0.4636227846145629,0.023835110664367776
montreal,Canada,lisbon,Lisbon,False,lst,0.6342954874038697,0.0184466611195489,0.6537789225578308,-0.019483435153961115
montreal,Canada,paris,Paris,False,gdp,0.9022340655326844,0.0211467464678572,0.8880734801292419,0.01416058540344245
montreal,Canada,paris,Paris,False,pop,0.8098186731338501,0.010398743049553,0.8072999238967895,0.0025187492370606357
montreal,Canada,paris,Paris,False,ntl,0.7670457601547241,0.0245130930345141,0.7430349588394165,0.02401080131530764
montreal,Canada,paris,Paris,False,pm25,0.811900532245636,0.0291426165817677,0.780507504940033,0.031393027305603005
montreal,Canada,paris,Paris,False,lst,0.7644256711006164,0.0194027791279006,0.7451892018318176,0.01923646926879885
montreal,Canada,manchester,Manchester,False,gdp,0.8680131435394287,0.0076967364003496,0.8449504256248475,0.023062717914581254
montreal,Canada,manchester,Manchester,False,pop,0.6421976685523987,0.0181242060129475,0.6390231609344482,0.0031745076179504617
montreal,Canada,manchester,Manchester,False,ntl,0.7137725830078125,0.0307934679271338,0.7183585047721863,-0.004585921764373779
montreal,Canada,manchester,Manchester,False,pm25,0.7903084397315979,0.0315957901802016,0.7636056184768677,0.026702821254730225
montreal,Canada,manchester,Manchester,False,lst,0.6848653435707093,0.018867443371752,0.6733092188835144,0.011556124687194913
montreal,Canada,montreal,Montreal,True,gdp,0.8818534731864929,0.0273609638342048,0.8344319939613343,0.0474214792251586
montreal,Canada,montreal,Montreal,True,pop,0.808170223236084,0.0098777935541492,0.7864136219024658,0.02175660133361823
montreal,Canada,montreal,Montreal,True,ntl,0.7343526601791381,0.0401848104839719,0.6908289074897767,0.04352375268936148
montreal,Canada,montreal,Montreal,True,pm25,0.7608615040779114,0.0458297422044083,0.6027352809906006,0.15812622308731084
montreal,Canada,montreal,Montreal,True,lst,0.6313580513000489,0.024485769105288,0.5054529428482055,0.12590510845184333
montreal,Canada,los_angeles,Los Angeles,False,gdp,0.7984541654586792,0.0202401429069342,0.7770539283752441,0.02140023708343508
montreal,Canada,los_angeles,Los Angeles,False,pop,0.6857125401496887,0.0180663104282158,0.6913731694221497,-0.005660629272460915
montreal,Canada,los_angeles,Los Angeles,False,ntl,0.7489897727966308,0.015672421144715,0.7511767148971558,-0.0021869421005249468
montreal,Canada,los_angeles,Los Angeles,False,pm25,0.7427124142646789,0.0197275188120349,0.7626042246818543,-0.01989181041717536
montreal,Canada,los_angeles,Los Angeles,False,lst,0.857105553150177,0.0192631211938112,0.8634871125221253,-0.006381559371948287
montreal,Canada,rio_de_janeiro,Rio de Janeiro,False,gdp,0.6335091710090637,0.0997927588748953,0.6296295523643494,0.003879618644714311
montreal,Canada,rio_de_janeiro,Rio de Janeiro,False,pop,0.8749335646629334,0.0047721604074057,0.8807548522949219,-0.005821287631988525
montreal,Canada,rio_de_janeiro,Rio de Janeiro,False,ntl,0.7460747122764587,0.0589983368193528,0.7783257603645325,-0.032251048088073775
montreal,Canada,rio_de_janeiro,Rio de Janeiro,False,pm25,0.7942889571189881,0.0148255007815194,0.8176258087158204,-0.023336851596832298
montreal,Canada,rio_de_janeiro,Rio de Janeiro,False,lst,0.8973134398460388,0.019490633966933,0.9158910751342774,-0.018577635288238525
montreal,Canada,buenos_aires,Buenos Aires,False,gdp,0.9108372092247008,0.0262762092116503,0.9271620750427246,-0.016324865818023837
montreal,Canada,buenos_aires,Buenos Aires,False,pop,0.8970296621322632,0.0061589606740815,0.9026326656341552,-0.005603003501892023
montreal,Canada,buenos_aires,Buenos Aires,False,ntl,0.6831169247627258,0.0209343503607766,0.7047477126121521,-0.021630787849426292
montreal,Canada,buenos_aires,Buenos Aires,False,pm25,0.8095595121383667,0.0202704503966403,0.8404715895652771,-0.030912077426910378
montreal,Canada,buenos_aires,Buenos Aires,False,lst,0.4814185738563538,0.0484359094440255,0.5342148661613464,-0.05279629230499261
los_angeles,United States,bangkok,Bangkok,False,gdp,0.8736102938652038,0.0123595665838532,0.8584480166435242,0.015162277221679621
los_angeles,United States,bangkok,Bangkok,False,pop,0.8693915843963623,0.0056721472620962,0.8705501914024353,-0.0011586070060729536
los_angeles,United States,bangkok,Bangkok,False,ntl,0.7927719950675964,0.0126186446831729,0.7915264129638672,0.0012455821037292703
los_angeles,United States,bangkok,Bangkok,False,pm25,0.9475958585739136,0.0063783083601511,0.9114272713661192,0.03616858720779437
los_angeles,United States,bangkok,Bangkok,False,lst,0.877775514125824,0.0068306673553822,0.8792263746261597,-0.0014508605003357156
los_angeles,United States,chengdu,Chengdu,False,gdp,0.4787737727165222,0.1056404282770531,0.4788837194442749,-0.00010994672775266334
los_angeles,United States,chengdu,Chengdu,False,pop,0.8582675695419312,0.0068636596293924,0.8577033996582031,0.000564169883728094
los_angeles,United States,chengdu,Chengdu,False,ntl,0.8313894748687745,0.012966630848063,0.8213744521141052,0.010015022754669256
los_angeles,United States,chengdu,Chengdu,False,pm25,0.8894834876060486,0.0018846191645044,0.8718617200851441,0.017621767520904497
los_angeles,United States,chengdu,Chengdu,False,lst,0.8378582119941711,0.0121043392549884,0.8299230694770813,0.007935142517089822
los_angeles,United States,osaka,Osaka,False,gdp,0.9264885663986206,0.0023241507560479,0.9113026142120362,0.015185952186584473
los_angeles,United States,osaka,Osaka,False,pop,0.870619535446167,0.00599031827914,0.8717270970344544,-0.001107561588287398
los_angeles,United States,osaka,Osaka,False,ntl,0.8193151354789734,0.0333167733311441,0.8243282318115235,-0.005013096332550093
los_angeles,United States,osaka,Osaka,False,pm25,0.8381258606910705,0.0224781751118121,0.8070080041885376,0.03111785650253296
los_angeles,United States,osaka,Osaka,False,lst,0.9105295419692994,0.0014251924968557,0.9032204151153564,0.0073091268539429155
los_angeles,United States,mumbai,Mumbai,False,gdp,0.854503083229065,0.0158816405877024,0.8477168917655945,0.006786191463470481
los_angeles,United States,mumbai,Mumbai,False,pop,0.8418809652328492,0.0062961662233822,0.844646668434143,-0.0027657032012938787
los_angeles,United States,mumbai,Mumbai,False,ntl,0.8530609250068665,0.0112714837088608,0.8521237134933471,0.0009372115135193315
los_angeles,United States,mumbai,Mumbai,False,pm25,0.4376914978027343,0.036215941327541,0.4581387996673584,-0.020447301864624068
los_angeles,United States,mumbai,Mumbai,False,lst,0.7872464537620545,0.0111996511680627,0.7870760679244995,0.00017038583755502046
los_angeles,United States,melbourne,Melbourne,False,gdp,0.7667760252952576,0.0872208388934399,0.7714314699172974,-0.004655444622039817
los_angeles,United States,melbourne,Melbourne,False,pop,0.522544777393341,0.0935408016345562,0.5218629121780396,0.0006818652153014471
los_angeles,United States,melbourne,Melbourne,False,ntl,0.7429638028144836,0.0261757584266763,0.7648703336715699,-0.02190653085708627
los_angeles,United States,melbourne,Melbourne,False,pm25,0.7773597121238709,0.0426067933312551,0.7961736559867859,-0.018813943862915017
los_angeles,United States,melbourne,Melbourne,False,lst,0.826824676990509,0.0232356787368705,0.8441975474357605,-0.017372870445251487
los_angeles,United States,johannesburg,Johannesburg,False,gdp,0.7097800135612488,0.0508087508237131,0.7220397353172302,-0.012259721755981445
los_angeles,United States,johannesburg,Johannesburg,False,pop,0.826692521572113,0.00348678911475,0.8277344465255737,-0.0010419249534606712
los_angeles,United States,johannesburg,Johannesburg,False,ntl,0.6568174481391906,0.0121111213014519,0.668639063835144,-0.011821615695953414
los_angeles,United States,johannesburg,Johannesburg,False,pm25,0.7278775215148926,0.0190519569156931,0.7320334315299988,-0.004155910015106179
los_angeles,United States,johannesburg,Johannesburg,False,lst,0.8691300988197327,0.007035898578823,0.8753825187683105,-0.0062524199485778365
los_angeles,United States,nairobi,Nairobi,False,gdp,0.5841255784034729,0.0953928607077475,0.5730507969856262,0.01107478141784668
los_angeles,United States,nairobi,Nairobi,False,pop,0.8503347039222717,0.0265301884415309,0.863427746295929,-0.013093042373657271
los_angeles,United States,nairobi,Nairobi,False,ntl,0.8949205160140992,0.0088830365112536,0.8931140542030335,0.001806461811065696
los_angeles,United States,nairobi,Nairobi,False,pm25,0.8893359065055847,0.007142405321653,0.8891164302825928,0.00021947622299189895
los_angeles,United States,nairobi,Nairobi,False,lst,0.964043629169464,0.0023688184686679,0.966173541545868,-0.0021299123764040306
los_angeles,United States,luanda,Luanda,False,gdp,0.8389436364173889,0.0227293528890631,0.8414955377578736,-0.0025519013404846635
los_angeles,United States,luanda,Luanda,False,pop,0.8771846532821655,0.0236082552548021,0.8801110029220581,-0.002926349639892578
los_angeles,United States,luanda,Luanda,False,ntl,0.8225977063179016,0.0303527240306586,0.812785518169403,0.009812188148498602
los_angeles,United States,luanda,Luanda,False,pm25,0.8412057995796204,0.0241034888773692,0.8337416887283325,0.007464110851287842
los_angeles,United States,luanda,Luanda,False,lst,0.7359999895095826,0.0304986074664821,0.7419010162353515,-0.005901026725768976
los_angeles,United States,lisbon,Lisbon,False,gdp,0.7718792676925659,0.057373970306448,0.7164652705192566,0.055413997173309304
los_angeles,United States,lisbon,Lisbon,False,pop,0.800170361995697,0.0135752139258387,0.803043806552887,-0.0028734445571899636
los_angeles,United States,lisbon,Lisbon,False,ntl,0.7717128276824952,0.0156083769835183,0.7678987264633179,0.003814101219177246
los_angeles,United States,lisbon,Lisbon,False,pm25,0.516264021396637,0.087529667576821,0.4636227846145629,0.05264123678207405
los_angeles,United States,lisbon,Lisbon,False,lst,0.6680482268333435,0.034301879659913,0.6537789225578308,0.014269304275512762
los_angeles,United States,paris,Paris,False,gdp,0.8972362756729126,0.0167691150443909,0.8880734801292419,0.009162795543670721
los_angeles,United States,paris,Paris,False,pop,0.8134459972381591,0.0124613776943426,0.8072999238967895,0.006146073341369629
los_angeles,United States,paris,Paris,False,ntl,0.7632026314735413,0.0226346793132533,0.7430349588394165,0.020167672634124778
los_angeles,United States,paris,Paris,False,pm25,0.8052236437797546,0.0546119337847033,0.780507504940033,0.02471613883972168
los_angeles,United States,paris,Paris,False,lst,0.7770182132720947,0.0226862992433037,0.7451892018318176,0.031829011440277166
los_angeles,United States,manchester,Manchester,False,gdp,0.8704406261444092,0.0067255939324791,0.8449504256248475,0.025490200519561745
los_angeles,United States,manchester,Manchester,False,pop,0.639653992652893,0.0263096869402228,0.6390231609344482,0.000630831718444802
los_angeles,United States,manchester,Manchester,False,ntl,0.7310827255249024,0.0212895343911658,0.7183585047721863,0.012724220752716064
los_angeles,United States,manchester,Manchester,False,pm25,0.8050592541694641,0.0289931516490063,0.7636056184768677,0.04145363569259641
los_angeles,United States,manchester,Manchester,False,lst,0.7054716587066651,0.0127549124866366,0.6733092188835144,0.0321624398231507
los_angeles,United States,montreal,Montreal,False,gdp,0.8766231179237366,0.0266997950227057,0.8344319939613343,0.04219112396240232
los_angeles,United States,montreal,Montreal,False,pop,0.7981552720069885,0.0115881682230879,0.7864136219024658,0.011741650104522772
los_angeles,United States,montreal,Montreal,False,ntl,0.734217619895935,0.0403895792678416,0.6908289074897767,0.04338871240615838
los_angeles,United States,montreal,Montreal,False,pm25,0.7234621286392212,0.0485844932876652,0.6027352809906006,0.12072684764862063
los_angeles,United States,montreal,Montreal,False,lst,0.6295267462730407,0.0155043238586134,0.5054529428482055,0.1240738034248352
los_angeles,United States,los_angeles,Los Angeles,True,gdp,0.8360401391983032,0.0134011721437234,0.7770539283752441,0.058986210823059104
los_angeles,United States,los_angeles,Los Angeles,True,pop,0.6969435572624206,0.0195549629394859,0.6913731694221497,0.005570387840270974
los_angeles,United States,los_angeles,Los Angeles,True,ntl,0.7737890958786011,0.0168233817174815,0.7511767148971558,0.022612380981445357
los_angeles,United States,los_angeles,Los Angeles,True,pm25,0.8528228402137756,0.0084417330174401,0.7626042246818543,0.09021861553192134
los_angeles,United States,los_angeles,Los Angeles,True,lst,0.8986126184463501,0.0102492770428208,0.8634871125221253,0.03512550592422481
los_angeles,United States,rio_de_janeiro,Rio de Janeiro,False,gdp,0.6395907163619995,0.0871536758365484,0.6296295523643494,0.009961163997650124
los_angeles,United States,rio_de_janeiro,Rio de Janeiro,False,pop,0.8783052086830139,0.0051313635980726,0.8807548522949219,-0.0024496436119080256
los_angeles,United States,rio_de_janeiro,Rio de Janeiro,False,ntl,0.7529106259346008,0.0493219642358807,0.7783257603645325,-0.025415134429931707
los_angeles,United States,rio_de_janeiro,Rio de Janeiro,False,pm25,0.8116313219070435,0.006788076717535,0.8176258087158204,-0.0059944868087769
los_angeles,United States,rio_de_janeiro,Rio de Janeiro,False,lst,0.9087478280067444,0.0160219732233971,0.9158910751342774,-0.007143247127533003
los_angeles,United States,buenos_aires,Buenos Aires,False,gdp,0.9327195167541504,0.0180361231963732,0.9271620750427246,0.0055574417114258035
los_angeles,United States,buenos_aires,Buenos Aires,False,pop,0.8978844046592712,0.0081021035282891,0.9026326656341552,-0.004748260974884011
los_angeles,United States,buenos_aires,Buenos Aires,False,ntl,0.7082296371459961,0.0225629255975748,0.7047477126121521,0.003481924533843994
los_angeles,United States,buenos_aires,Buenos Aires,False,pm25,0.8335173964500427,0.0309877521607221,0.8404715895652771,-0.006954193115234375
los_angeles,United States,buenos_aires,Buenos Aires,False,lst,0.5290010809898377,0.0344926551241249,0.5342148661613464,-0.0052137851715087224
rio_de_janeiro,Brazil,bangkok,Bangkok,False,gdp,0.8810694336891174,0.0149965124427592,0.8584480166435242,0.022621417045593173
rio_de_janeiro,Brazil,bangkok,Bangkok,False,pop,0.8683957576751709,0.0046860045534763,0.8705501914024353,-0.0021544337272644265
rio_de_janeiro,Brazil,bangkok,Bangkok,False,ntl,0.7955385208129883,0.0075679271561771,0.7915264129638672,0.004012107849121094
rio_de_janeiro,Brazil,bangkok,Bangkok,False,pm25,0.946922254562378,0.0048276426425605,0.9114272713661192,0.03549498319625877
rio_de_janeiro,Brazil,bangkok,Bangkok,False,lst,0.8831738114356995,0.0097905819157266,0.8792263746261597,0.003947436809539795
rio_de_janeiro,Brazil,chengdu,Chengdu,False,gdp,0.4652608036994934,0.1063345349314944,0.4788837194442749,-0.013622915744781472
rio_de_janeiro,Brazil,chengdu,Chengdu,False,pop,0.858483612537384,0.0047307335460278,0.8577033996582031,0.0007802128791809526
rio_de_janeiro,Brazil,chengdu,Chengdu,False,ntl,0.8112896800041198,0.0209482779229212,0.8213744521141052,-0.010084772109985374
rio_de_janeiro,Brazil,chengdu,Chengdu,False,pm25,0.8669999241828918,0.0091043711509546,0.8718617200851441,-0.0048617959022522195
rio_de_janeiro,Brazil,chengdu,Chengdu,False,lst,0.8236048698425293,0.0135433594507345,0.8299230694770813,-0.006318199634551935
rio_de_janeiro,Brazil,osaka,Osaka,False,gdp,0.9079828858375548,0.0059950909488231,0.9113026142120362,-0.0033197283744813566
rio_de_janeiro,Brazil,osaka,Osaka,False,pop,0.8695952892303467,0.0034250100849326,0.8717270970344544,-0.0021318078041077104
rio_de_janeiro,Brazil,osaka,Osaka,False,ntl,0.8204451560974121,0.0113528013271209,0.8243282318115235,-0.0038830757141113947
rio_de_janeiro,Brazil,osaka,Osaka,False,pm25,0.7939055919647217,0.0263228618124786,0.8070080041885376,-0.013102412223815918
rio_de_janeiro,Brazil,osaka,Osaka,False,lst,0.9026973962783812,0.0025929873770901,0.9032204151153564,-0.0005230188369752531
rio_de_janeiro,Brazil,mumbai,Mumbai,False,gdp,0.8511941194534302,0.0199257686121876,0.8477168917655945,0.003477227687835649
rio_de_janeiro,Brazil,mumbai,Mumbai,False,pop,0.8418095946311951,0.0055239592553446,0.844646668434143,-0.0028370738029479536
rio_de_janeiro,Brazil,mumbai,Mumbai,False,ntl,0.8556101560592652,0.0167652909101323,0.8521237134933471,0.003486442565918013
rio_de_janeiro,Brazil,mumbai,Mumbai,False,pm25,0.5100007772445678,0.018482010068109,0.4581387996673584,0.05186197757720945
rio_de_janeiro,Brazil,mumbai,Mumbai,False,lst,0.7922062158584595,0.0199856135550418,0.7870760679244995,0.00513014793396005
rio_de_janeiro,Brazil,melbourne,Melbourne,False,gdp,0.8104604005813598,0.0887861867468224,0.7714314699172974,0.03902893066406243
rio_de_janeiro,Brazil,melbourne,Melbourne,False,pop,0.5351271033287048,0.0875100601725357,0.5218629121780396,0.013264191150665239
rio_de_janeiro,Brazil,melbourne,Melbourne,False,ntl,0.7742591977119446,0.0238740791850468,0.7648703336715699,0.009388864040374756
rio_de_janeiro,Brazil,melbourne,Melbourne,False,pm25,0.8298059701919556,0.0326664087346285,0.7961736559867859,0.033632314205169656
rio_de_janeiro,Brazil,melbourne,Melbourne,False,lst,0.8623286366462708,0.0255391518847686,0.8441975474357605,0.01813108921051032
rio_de_janeiro,Brazil,johannesburg,Johannesburg,False,gdp,0.7400395274162292,0.0593433680767191,0.7220397353172302,0.017999792098999046
rio_de_janeiro,Brazil,johannesburg,Johannesburg,False,pop,0.8254302024841309,0.0032557332022051,0.8277344465255737,-0.0023042440414428045
rio_de_janeiro,Brazil,johannesburg,Johannesburg,False,ntl,0.6671952486038208,0.0091207752234758,0.668639063835144,-0.0014438152313231978
rio_de_janeiro,Brazil,johannesburg,Johannesburg,False,pm25,0.7746387958526612,0.0220907468078585,0.7320334315299988,0.042605364322662376
rio_de_janeiro,Brazil,johannesburg,Johannesburg,False,lst,0.8864969968795776,0.009914087456117,0.8753825187683105,0.01111447811126709
rio_de_janeiro,Brazil,nairobi,Nairobi,False,gdp,0.5885414838790893,0.0990175461185066,0.5730507969856262,0.015490686893463113
rio_de_janeiro,Brazil,nairobi,Nairobi,False,pop,0.8657876968383789,0.0170002521860805,0.863427746295929,0.0023599505424498624
rio_de_janeiro,Brazil,nairobi,Nairobi,False,ntl,0.9064967513084412,0.0133253136751275,0.8931140542030335,0.013382697105407737
rio_de_janeiro,Brazil,nairobi,Nairobi,False,pm25,0.8995786428451538,0.0057776537727663,0.8891164302825928,0.010462212562560969
rio_de_janeiro,Brazil,nairobi,Nairobi,False,lst,0.967497169971466,0.0022754200681754,0.966173541545868,0.001323628425597967
rio_de_janeiro,Brazil,luanda,Luanda,False,gdp,0.8689456820487976,0.0340032890248628,0.8414955377578736,0.027450144290924072
rio_de_janeiro,Brazil,luanda,Luanda,False,pop,0.8973940372467041,0.0154269781454192,0.8801110029220581,0.01728303432464595
rio_de_janeiro,Brazil,luanda,Luanda,False,ntl,0.8298441886901855,0.0489498365292951,0.812785518169403,0.01705867052078247
rio_de_janeiro,Brazil,luanda,Luanda,False,pm25,0.8457284569740295,0.0376442715790396,0.8337416887283325,0.011986768245697
rio_de_janeiro,Brazil,luanda,Luanda,False,lst,0.7727121949195862,0.0278034031968139,0.7419010162353515,0.030811178684234664
rio_de_janeiro,Brazil,lisbon,Lisbon,False,gdp,0.7335103511810303,0.0587698101713363,0.7164652705192566,0.01704508066177368
rio_de_janeiro,Brazil,lisbon,Lisbon,False,pop,0.7910893797874451,0.0218886279847873,0.803043806552887,-0.011954426765441895
rio_de_janeiro,Brazil,lisbon,Lisbon,False,ntl,0.7648607969284058,0.025568063278262,0.7678987264633179,-0.0030379295349121094
rio_de_janeiro,Brazil,lisbon,Lisbon,False,pm25,0.4201306223869324,0.093765173099564,0.4636227846145629,-0.043492162227630526
rio_de_janeiro,Brazil,lisbon,Lisbon,False,lst,0.5331157088279724,0.1541102528241478,0.6537789225578308,-0.12066321372985833
rio_de_janeiro,Brazil,paris,Paris,False,gdp,0.8741843104362488,0.0216399296691785,0.8880734801292419,-0.013889169692993142
rio_de_janeiro,Brazil,paris,Paris,False,pop,0.7991754651069641,0.0149176453950901,0.8072999238967895,-0.008124458789825373
rio_de_janeiro,Brazil,paris,Paris,False,ntl,0.7199596524238586,0.0276571003475221,0.7430349588394165,-0.023075306415557884
rio_de_janeiro,Brazil,paris,Paris,False,pm25,0.757111918926239,0.0626567612269174,0.780507504940033,-0.02339558601379399
rio_de_janeiro,Brazil,paris,Paris,False,lst,0.7089381098747254,0.017963517252048,0.7451892018318176,-0.036251091957092196
rio_de_janeiro,Brazil,manchester,Manchester,False,gdp,0.831734013557434,0.0239215571355127,0.8449504256248475,-0.013216412067413419
rio_de_janeiro,Brazil,manchester,Manchester,False,pop,0.6323223233222961,0.020150723681939,0.6390231609344482,-0.006700837612152122
rio_de_janeiro,Brazil,manchester,Manchester,False,ntl,0.6923578023910523,0.0218750959911685,0.7183585047721863,-0.026000702381134055
rio_de_janeiro,Brazil,manchester,Manchester,False,pm25,0.7051579117774963,0.0307126194844074,0.7636056184768677,-0.05844770669937138
rio_de_janeiro,Brazil,manchester,Manchester,False,lst,0.6228886008262634,0.0462534926431697,0.6733092188835144,-0.050420618057250954
rio_de_janeiro,Brazil,montreal,Montreal,False,gdp,0.8357773900032044,0.0352310867939156,0.8344319939613343,0.0013453960418701172
rio_de_janeiro,Brazil,montreal,Montreal,False,pop,0.7732741594314575,0.0152143205827241,0.7864136219024658,-0.013139462471008279
rio_de_janeiro,Brazil,montreal,Montreal,False,ntl,0.6777971982955933,0.0431183319748933,0.6908289074897767,-0.013031709194183394
rio_de_janeiro,Brazil,montreal,Montreal,False,pm25,0.5479928731918335,0.0255966801146465,0.6027352809906006,-0.054742407798767045
rio_de_janeiro,Brazil,montreal,Montreal,False,lst,0.4648600220680237,0.0417129632106463,0.5054529428482055,-0.04059292078018184
rio_de_janeiro,Brazil,los_angeles,Los Angeles,False,gdp,0.7808855414390564,0.0206584474611612,0.7770539283752441,0.0038316130638123003
rio_de_janeiro,Brazil,los_angeles,Los Angeles,False,pop,0.6860491871833801,0.0183742453253141,0.6913731694221497,-0.005323982238769509
rio_de_janeiro,Brazil,los_angeles,Los Angeles,False,ntl,0.7530346870422363,0.0175160005921638,0.7511767148971558,0.0018579721450805442
rio_de_janeiro,Brazil,los_angeles,Los Angeles,False,pm25,0.7682436823844909,0.0167312950118812,0.7626042246818543,0.00563945770263663
rio_de_janeiro,Brazil,los_angeles,Los Angeles,False,lst,0.8551470756530761,0.0149454347477801,0.8634871125221253,-0.008340036869049161
rio_de_janeiro,Brazil,rio_de_janeiro,Rio de Janeiro,True,gdp,0.6963027954101563,0.0904038853889295,0.6296295523643494,0.06667324304580691
rio_de_janeiro,Brazil,rio_de_janeiro,Rio de Janeiro,True,pop,0.8868985652923584,0.0019224413646007,0.8807548522949219,0.006143712997436546
rio_de_janeiro,Brazil,rio_de_janeiro,Rio de Janeiro,True,ntl,0.8142419695854187,0.0238461039423679,0.7783257603645325,0.03591620922088623
rio_de_janeiro,Brazil,rio_de_janeiro,Rio de Janeiro,True,pm25,0.8750030279159546,0.0145569480892232,0.8176258087158204,0.05737721920013428
rio_de_janeiro,Brazil,rio_de_janeiro,Rio de Janeiro,True,lst,0.9381561517715454,0.0082362016666491,0.9158910751342774,0.022265076637268066
rio_de_janeiro,Brazil,buenos_aires,Buenos Aires,False,gdp,0.9426504731178283,0.0105612172722935,0.9271620750427246,0.015488398075103715
rio_de_janeiro,Brazil,buenos_aires,Buenos Aires,False,pop,0.907095992565155,0.0064919498318044,0.9026326656341552,0.0044633269309998225
rio_de_janeiro,Brazil,buenos_aires,Buenos Aires,False,ntl,0.7410414099693299,0.0290613829636265,0.7047477126121521,0.0362936973571778
rio_de_janeiro,Brazil,buenos_aires,Buenos Aires,False,pm25,0.8878902554512024,0.0142087877872616,0.8404715895652771,0.04741866588592525
rio_de_janeiro,Brazil,buenos_aires,Buenos Aires,False,lst,0.6086006402969361,0.0420665771209253,0.5342148661613464,0.07438577413558967
buenos_aires,Argentina,bangkok,Bangkok,False,gdp,0.8798599481582642,0.0141811158917886,0.8584480166435242,0.021411931514739968
buenos_aires,Argentina,bangkok,Bangkok,False,pop,0.8643263578414917,0.0041134028041528,0.8705501914024353,-0.006223833560943581
buenos_aires,Argentina,bangkok,Bangkok,False,ntl,0.7909396648406982,0.0090714796447196,0.7915264129638672,-0.0005867481231689453
buenos_aires,Argentina,bangkok,Bangkok,False,pm25,0.9322664618492128,0.012348690606202,0.9114272713661192,0.020839190483093573
buenos_aires,Argentina,bangkok,Bangkok,False,lst,0.8801408886909485,0.0100210131175652,0.8792263746261597,0.0009145140647888184
buenos_aires,Argentina,chengdu,Chengdu,False,gdp,0.4730737566947937,0.1073707339081006,0.4788837194442749,-0.005809962749481201
buenos_aires,Argentina,chengdu,Chengdu,False,pop,0.8513366341590881,0.0025293610194829,0.8577033996582031,-0.006366765499114968
buenos_aires,Argentina,chengdu,Chengdu,False,ntl,0.8132973313331604,0.0207282584360588,0.8213744521141052,-0.008077120780944802
buenos_aires,Argentina,chengdu,Chengdu,False,pm25,0.8718663334846497,0.0063431028029667,0.8718617200851441,4.613399505637439e-06
buenos_aires,Argentina,chengdu,Chengdu,False,lst,0.8246908903121948,0.0093202523807085,0.8299230694770813,-0.005232179164886497
buenos_aires,Argentina,osaka,Osaka,False,gdp,0.911842942237854,0.0046446582995974,0.9113026142120362,0.0005403280258178267
buenos_aires,Argentina,osaka,Osaka,False,pop,0.8679159760475159,0.0056754192004658,0.8717270970344544,-0.0038111209869384766
buenos_aires,Argentina,osaka,Osaka,False,ntl,0.8293131709098815,0.0103320884974097,0.8243282318115235,0.0049849390983580655
buenos_aires,Argentina,osaka,Osaka,False,pm25,0.8057119846343994,0.0255486912219401,0.8070080041885376,-0.0012960195541381614
buenos_aires,Argentina,osaka,Osaka,False,lst,0.9006706714630127,0.0018234006135328,0.9032204151153564,-0.002549743652343728
buenos_aires,Argentina,mumbai,Mumbai,False,gdp,0.8549418091773987,0.016298904225521,0.8477168917655945,0.007224917411804199
buenos_aires,Argentina,mumbai,Mumbai,False,pop,0.8428654909133911,0.0061095769578178,0.844646668434143,-0.0017811775207519087
buenos_aires,Argentina,mumbai,Mumbai,False,ntl,0.8522248506546021,0.0103475266199865,0.8521237134933471,0.00010113716125492722
buenos_aires,Argentina,mumbai,Mumbai,False,pm25,0.4569398999214172,0.0320456110488332,0.4581387996673584,-0.0011988997459411732
buenos_aires,Argentina,mumbai,Mumbai,False,lst,0.7795824885368348,0.0365003273103565,0.7870760679244995,-0.007493579387664706
buenos_aires,Argentina,melbourne,Melbourne,False,gdp,0.7964873552322388,0.0992510418506724,0.7714314699172974,0.025055885314941406
buenos_aires,Argentina,melbourne,Melbourne,False,pop,0.5330883145332337,0.0987772838634656,0.5218629121780396,0.011225402355194092
buenos_aires,Argentina,melbourne,Melbourne,False,ntl,0.778834593296051,0.0167715484473482,0.7648703336715699,0.013964259624481112
buenos_aires,Argentina,melbourne,Melbourne,False,pm25,0.8420728921890259,0.0323403356630437,0.7961736559867859,0.04589923620224001
buenos_aires,Argentina,melbourne,Melbourne,False,lst,0.8769600868225098,0.0206013192408449,0.8441975474357605,0.032762539386749334
buenos_aires,Argentina,johannesburg,Johannesburg,False,gdp,0.7424107432365418,0.0829304099913252,0.7220397353172302,0.020371007919311568
buenos_aires,Argentina,johannesburg,Johannesburg,False,pop,0.8260082364082336,0.0013753330517072,0.8277344465255737,-0.0017262101173400879
buenos_aires,Argentina,johannesburg,Johannesburg,False,ntl,0.6659391641616821,0.0066321268512478,0.668639063835144,-0.0026998996734619585
buenos_aires,Argentina,johannesburg,Johannesburg,False,pm25,0.8124009609222412,0.0154615036920718,0.7320334315299988,0.08036752939224245
buenos_aires,Argentina,johannesburg,Johannesburg,False,lst,0.8900675773620605,0.0040930454582438,0.8753825187683105,0.014685058593750022
buenos_aires,Argentina,nairobi,Nairobi,False,gdp,0.5960537314414978,0.1139030402699148,0.5730507969856262,0.023002934455871538
buenos_aires,Argentina,nairobi,Nairobi,False,pop,0.8618475317955017,0.0210473745335398,0.863427746295929,-0.001580214500427335
buenos_aires,Argentina,nairobi,Nairobi,False,ntl,0.8957517743110657,0.0107052765785081,0.8931140542030335,0.0026377201080322044
buenos_aires,Argentina,nairobi,Nairobi,False,pm25,0.9005525946617127,0.00478545471504,0.8891164302825928,0.011436164379119873
buenos_aires,Argentina,nairobi,Nairobi,False,lst,0.9675201058387756,0.0028105852490087,0.966173541545868,0.0013465642929075816
buenos_aires,Argentina,luanda,Luanda,False,gdp,0.8498515605926513,0.0337391604110252,0.8414955377578736,0.008356022834777765
buenos_aires,Argentina,luanda,Luanda,False,pop,0.889430022239685,0.009795269806363,0.8801110029220581,0.009319019317626909
buenos_aires,Argentina,luanda,Luanda,False,ntl,0.8272148013114929,0.0452071233643238,0.812785518169403,0.01442928314208991
buenos_aires,Argentina,luanda,Luanda,False,pm25,0.8534011483192444,0.0285168742250602,0.8337416887283325,0.019659459590911865
buenos_aires,Argentina,luanda,Luanda,False,lst,0.7578721642494202,0.0286836957823047,0.7419010162353515,0.015971148014068626
buenos_aires,Argentina,lisbon,Lisbon,False,gdp,0.7185672402381897,0.0608097183151273,0.7164652705192566,0.002101969718933172
buenos_aires,Argentina,lisbon,Lisbon,False,pop,0.7901312589645386,0.0176548591303754,0.803043806552887,-0.012912547588348366
buenos_aires,Argentina,lisbon,Lisbon,False,ntl,0.7660488247871399,0.0287491505177241,0.7678987264633179,-0.0018499016761780451
buenos_aires,Argentina,lisbon,Lisbon,False,pm25,0.4362322926521301,0.101864665352669,0.4636227846145629,-0.027390491962432817
buenos_aires,Argentina,lisbon,Lisbon,False,lst,0.6055941939353943,0.0230531975075599,0.6537789225578308,-0.0481847286224365
buenos_aires,Argentina,paris,Paris,False,gdp,0.8904032230377197,0.0203819907903691,0.8880734801292419,0.002329742908477761
buenos_aires,Argentina,paris,Paris,False,pop,0.8008813261985779,0.0097546889344426,0.8072999238967895,-0.0064185976982116255
buenos_aires,Argentina,paris,Paris,False,ntl,0.7157314419746399,0.0347403444448083,0.7430349588394165,-0.02730351686477661
buenos_aires,Argentina,paris,Paris,False,pm25,0.7661494374275207,0.0239989870168308,0.780507504940033,-0.01435806751251223
buenos_aires,Argentina,paris,Paris,False,lst,0.7339737296104432,0.0234151471492506,0.7451892018318176,-0.011215472221374423
buenos_aires,Argentina,manchester,Manchester,False,gdp,0.821402907371521,0.0123283960836916,0.8449504256248475,-0.02354751825332646
buenos_aires,Argentina,manchester,Manchester,False,pop,0.6336492300033569,0.0198741414138784,0.6390231609344482,-0.005373930931091286
buenos_aires,Argentina,manchester,Manchester,False,ntl,0.6968006730079651,0.0265172328020377,0.7183585047721863,-0.021557831764221214
buenos_aires,Argentina,manchester,Manchester,False,pm25,0.6967229008674621,0.0333978117316503,0.7636056184768677,-0.06688271760940556
buenos_aires,Argentina,manchester,Manchester,False,lst,0.6371841311454773,0.0530175253328831,0.6733092188835144,-0.03612508773803702
buenos_aires,Argentina,montreal,Montreal,False,gdp,0.8435522317886353,0.0329543544889745,0.8344319939613343,0.009120237827300981
buenos_aires,Argentina,montreal,Montreal,False,pop,0.7761606931686401,0.0138528305697306,0.7864136219024658,-0.010252928733825661
buenos_aires,Argentina,montreal,Montreal,False,ntl,0.6776461720466613,0.0400295067476443,0.6908289074897767,-0.013182735443115323
buenos_aires,Argentina,montreal,Montreal,False,pm25,0.5582421064376831,0.0275342471491225,0.6027352809906006,-0.04449317455291746
buenos_aires,Argentina,montreal,Montreal,False,lst,0.4887409210205078,0.0504705210398368,0.5054529428482055,-0.01671202182769771
buenos_aires,Argentina,los_angeles,Los Angeles,False,gdp,0.7971296072006225,0.0223513263130753,0.7770539283752441,0.020075678825378418
buenos_aires,Argentina,los_angeles,Los Angeles,False,pop,0.6863889336585999,0.017851615142806,0.6913731694221497,-0.0049842357635497825
buenos_aires,Argentina,los_angeles,Los Angeles,False,ntl,0.7464632272720337,0.0178620348673873,0.7511767148971558,-0.004713487625122026
buenos_aires,Argentina,los_angeles,Los Angeles,False,pm25,0.7611629486083984,0.0190974205529848,0.7626042246818543,-0.0014412760734558994
buenos_aires,Argentina,los_angeles,Los Angeles,False,lst,0.8601396083831787,0.017467632286237,0.8634871125221253,-0.0033475041389465776
buenos_aires,Argentina,rio_de_janeiro,Rio de Janeiro,False,gdp,0.6759115934371949,0.107079430361917,0.6296295523643494,0.0462820410728455
buenos_aires,Argentina,rio_de_janeiro,Rio de Janeiro,False,pop,0.8795863270759583,0.0024053172102144,0.8807548522949219,-0.0011685252189636008
buenos_aires,Argentina,rio_de_janeiro,Rio de Janeiro,False,ntl,0.7959166169166565,0.0221154301242453,0.7783257603645325,0.017590856552124
buenos_aires,Argentina,rio_de_janeiro,Rio de Janeiro,False,pm25,0.8358059525489807,0.0312216174687445,0.8176258087158204,0.018180143833160356
buenos_aires,Argentina,rio_de_janeiro,Rio de Janeiro,False,lst,0.9237083554267884,0.0124719400950383,0.9158910751342774,0.007817280292511053
buenos_aires,Argentina,buenos_aires,Buenos Aires,True,gdp,0.953904378414154,0.0115895675864637,0.9271620750427246,0.026742303371429355
buenos_aires,Argentina,buenos_aires,Buenos Aires,True,pop,0.9095463037490844,0.0084592495535994,0.9026326656341552,0.006913638114929177
buenos_aires,Argentina,buenos_aires,Buenos Aires,True,ntl,0.7483736515045166,0.0308907973818772,0.7047477126121521,0.043625938892364546
buenos_aires,Argentina,buenos_aires,Buenos Aires,True,pm25,0.9135570764541626,0.0121031502460835,0.8404715895652771,0.0730854868888855
buenos_aires,Argentina,buenos_aires,Buenos Aires,True,lst,0.637401568889618,0.022468947492738,0.5342148661613464,0.10318670272827157
