city,city_label,country,scope,poi_retained_pct,task,r2,r2_seed_sd,aef_r2,delta_r2
bangkok,Bangkok,Thailand,city,1,gdp,0.8880693197250367,0.0140813843049608,0.8584480166435242,0.0296213030815124
bangkok,Bangkok,Thailand,city,1,pop,0.8613458037376404,0.003712043145697,0.8705501914024353,-0.0092043876647949
bangkok,Bangkok,Thailand,city,1,ntl,0.7894754886627198,0.0081787399797481,0.7915264129638672,-0.0020509243011473
bangkok,Bangkok,Thailand,city,1,pm25,0.9298771500587464,0.0075405189552132,0.9114272713661192,0.0184498786926271
bangkok,Bangkok,Thailand,city,1,lst,0.8769335985183716,0.0071602720104504,0.8792263746261597,-0.0022927761077881
bangkok,Bangkok,Thailand,city,2,gdp,0.8949770927429199,0.0104623500571963,0.8584480166435242,0.0365290760993957
bangkok,Bangkok,Thailand,city,2,pop,0.8648241043090821,0.0046036297868943,0.8705501914024353,-0.0057260870933532
bangkok,Bangkok,Thailand,city,2,ntl,0.7947131514549255,0.0108596195578023,0.7915264129638672,0.0031867384910583
bangkok,Bangkok,Thailand,city,2,pm25,0.9399439692497252,0.0026295508862098,0.9114272713661192,0.028516697883606
bangkok,Bangkok,Thailand,city,2,lst,0.8875613331794738,0.0084510867517141,0.8792263746261597,0.0083349585533141
bangkok,Bangkok,Thailand,city,5,gdp,0.8986206889152527,0.0084361069684125,0.8584480166435242,0.0401726722717284
bangkok,Bangkok,Thailand,city,5,pop,0.8688621044158935,0.0051381717563206,0.8705501914024353,-0.0016880869865417
bangkok,Bangkok,Thailand,city,5,ntl,0.8007580637931824,0.0087070891300044,0.7915264129638672,0.0092316508293152
bangkok,Bangkok,Thailand,city,5,pm25,0.9449854731559754,0.0063130130177018,0.9114272713661192,0.0335582017898561
bangkok,Bangkok,Thailand,city,5,lst,0.8913934350013732,0.006399148389272,0.8792263746261597,0.0121670603752135
bangkok,Bangkok,Thailand,city,10,gdp,0.9043006539344788,0.0090889461825715,0.8584480166435242,0.0458526372909545
bangkok,Bangkok,Thailand,city,10,pop,0.8749158143997192,0.0028513235419093,0.8705501914024353,0.0043656229972839
bangkok,Bangkok,Thailand,city,10,ntl,0.8042431473731995,0.0085687026591804,0.7915264129638672,0.0127167344093322
bangkok,Bangkok,Thailand,city,10,pm25,0.9705599069595336,0.0027489107450025,0.9114272713661192,0.0591326355934144
bangkok,Bangkok,Thailand,city,10,lst,0.8971607565879822,0.0059258292755788,0.8792263746261597,0.0179343819618225
bangkok,Bangkok,Thailand,city,20,gdp,0.9051432251930236,0.0092886937884117,0.8584480166435242,0.0466952085494993
bangkok,Bangkok,Thailand,city,20,pop,0.8816417932510376,0.0015130601533595,0.8705501914024353,0.0110916018486023
bangkok,Bangkok,Thailand,city,20,ntl,0.8087778091430664,0.0070440550667129,0.7915264129638672,0.0172513961791992
bangkok,Bangkok,Thailand,city,20,pm25,0.9765226125717164,0.0015316965531964,0.9114272713661192,0.0650953412055971
bangkok,Bangkok,Thailand,city,20,lst,0.9004819750785827,0.0049570663215204,0.8792263746261597,0.021255600452423
bangkok,Bangkok,Thailand,city,40,gdp,0.9156541943550108,0.0067420845754512,0.8584480166435242,0.0572061777114866
bangkok,Bangkok,Thailand,city,40,pop,0.8957818984985352,0.0031910826365244,0.8705501914024353,0.0252317070960998
bangkok,Bangkok,Thailand,city,40,ntl,0.8146614909172059,0.0064912806801989,0.7915264129638672,0.0231350779533386
bangkok,Bangkok,Thailand,city,40,pm25,0.9776607751846312,0.000566816472048,0.9114272713661192,0.066233503818512
bangkok,Bangkok,Thailand,city,40,lst,0.904718804359436,0.0040359525358565,0.8792263746261597,0.0254924297332762
bangkok,Bangkok,Thailand,city,60,gdp,0.9250701546669008,0.0112919227956067,0.8584480166435242,0.0666221380233765
bangkok,Bangkok,Thailand,city,60,pop,0.8967983841896057,0.0038145316541101,0.8705501914024353,0.0262481927871703
bangkok,Bangkok,Thailand,city,60,ntl,0.8158856749534606,0.0071361844509784,0.7915264129638672,0.0243592619895934
bangkok,Bangkok,Thailand,city,60,pm25,0.9780739665031432,0.0009800325431636,0.9114272713661192,0.0666466951370239
bangkok,Bangkok,Thailand,city,60,lst,0.9062457919120788,0.0039324199935605,0.8792263746261597,0.027019417285919
bangkok,Bangkok,Thailand,city,80,gdp,0.9229931116104126,0.0094173681387924,0.8584480166435242,0.0645450949668884
bangkok,Bangkok,Thailand,city,80,pop,0.8977911114692688,0.0044186415943621,0.8705501914024353,0.0272409200668335
bangkok,Bangkok,Thailand,city,80,ntl,0.8195836305618286,0.0047300362532574,0.7915264129638672,0.0280572175979614
bangkok,Bangkok,Thailand,city,80,pm25,0.9790890336036682,0.0016703582842811,0.9114272713661192,0.0676617622375489
bangkok,Bangkok,Thailand,city,80,lst,0.9066317081451416,0.0040160060785843,0.8792263746261597,0.0274053335189818
bangkok,Bangkok,Thailand,city,100,gdp,0.9214006543159484,0.0068916261328648,0.8584480166435242,0.0629526376724242
bangkok,Bangkok,Thailand,city,100,pop,0.9011158227920532,0.0041240746619585,0.8705501914024353,0.0305656313896178
bangkok,Bangkok,Thailand,city,100,ntl,0.8169337034225463,0.004001778433433,0.7915264129638672,0.0254072904586791
bangkok,Bangkok,Thailand,city,100,pm25,0.9781281590461732,0.0014753618869197,0.9114272713661192,0.066700887680054
bangkok,Bangkok,Thailand,city,100,lst,0.911320149898529,0.0033931686368045,0.8792263746261597,0.0320937752723693
bangkok,Bangkok,Thailand,country,1,gdp,0.894981324672699,0.0102221883238197,0.8584480166435242,0.0365333080291747
bangkok,Bangkok,Thailand,country,1,pop,0.8666945338249207,0.003805680282507,0.8705501914024353,-0.0038556575775146
bangkok,Bangkok,Thailand,country,1,ntl,0.7989451885223389,0.0103766895357124,0.7915264129638672,0.0074187755584717
bangkok,Bangkok,Thailand,country,1,pm25,0.9352431178092956,0.0042247725159542,0.9114272713661192,0.0238158464431763
bangkok,Bangkok,Thailand,country,1,lst,0.8874803423881531,0.0062452497347668,0.8792263746261597,0.0082539677619933
bangkok,Bangkok,Thailand,country,2,gdp,0.897736918926239,0.0074922715354852,0.8584480166435242,0.0392889022827147
bangkok,Bangkok,Thailand,country,2,pop,0.8684306144714355,0.0051081246330578,0.8705501914024353,-0.0021195769309997
bangkok,Bangkok,Thailand,country,2,ntl,0.7978687524795532,0.0066368823817372,0.7915264129638672,0.006342339515686
bangkok,Bangkok,Thailand,country,2,pm25,0.939443063735962,0.0064510826140855,0.9114272713661192,0.0280157923698427
bangkok,Bangkok,Thailand,country,2,lst,0.8904125332832337,0.0073377663513591,0.8792263746261597,0.0111861586570739
bangkok,Bangkok,Thailand,country,5,gdp,0.9034236669540404,0.0115755260641338,0.8584480166435242,0.0449756503105162
bangkok,Bangkok,Thailand,country,5,pop,0.8707668066024781,0.0048678482425346,0.8705501914024353,0.0002166152000427
bangkok,Bangkok,Thailand,country,5,ntl,0.8020889401435852,0.0084264043037865,0.7915264129638672,0.010562527179718
bangkok,Bangkok,Thailand,country,5,pm25,0.9523802757263184,0.0054238365060171,0.9114272713661192,0.0409530043601992
bangkok,Bangkok,Thailand,country,5,lst,0.8921204447746277,0.0062445185499712,0.8792263746261597,0.0128940701484679
bangkok,Bangkok,Thailand,country,10,gdp,0.9054307222366332,0.0078473951296121,0.8584480166435242,0.046982705593109
bangkok,Bangkok,Thailand,country,10,pop,0.8764686107635498,0.0046707806339299,0.8705501914024353,0.0059184193611144
bangkok,Bangkok,Thailand,country,10,ntl,0.8043291807174683,0.00603189533636,0.7915264129638672,0.0128027677536011
bangkok,Bangkok,Thailand,country,10,pm25,0.9653463125228882,0.002820235990789,0.9114272713661192,0.0539190411567689
bangkok,Bangkok,Thailand,country,10,lst,0.8963080644607544,0.0050873940946227,0.8792263746261597,0.0170816898345946
bangkok,Bangkok,Thailand,country,20,gdp,0.9052992463111876,0.0100249832766661,0.8584480166435242,0.0468512296676634
bangkok,Bangkok,Thailand,country,20,pop,0.8795760154724122,0.0022522850520615,0.8705501914024353,0.0090258240699768
bangkok,Bangkok,Thailand,country,20,ntl,0.8068159937858581,0.0089952192025606,0.7915264129638672,0.0152895808219909
bangkok,Bangkok,Thailand,country,20,pm25,0.969619631767273,0.0029212181153621,0.9114272713661192,0.0581923604011537
bangkok,Bangkok,Thailand,country,20,lst,0.8982709169387817,0.007478189699499,0.8792263746261597,0.0190445423126219
bangkok,Bangkok,Thailand,country,40,gdp,0.9069972515106202,0.0069801312110611,0.8584480166435242,0.0485492348670959
bangkok,Bangkok,Thailand,country,40,pop,0.883904242515564,0.0030491786720453,0.8705501914024353,0.0133540511131287
bangkok,Bangkok,Thailand,country,40,ntl,0.808485472202301,0.0073488393463905,0.7915264129638672,0.0169590592384338
bangkok,Bangkok,Thailand,country,40,pm25,0.9706085205078124,0.0021639551072551,0.9114272713661192,0.0591812491416932
bangkok,Bangkok,Thailand,country,40,lst,0.8992389440536499,0.005581353887993,0.8792263746261597,0.0200125694274901
bangkok,Bangkok,Thailand,country,60,gdp,0.9053434371948242,0.010382118771012,0.8584480166435242,0.0468954205513
bangkok,Bangkok,Thailand,country,60,pop,0.8851307511329651,0.0033396103153154,0.8705501914024353,0.0145805597305298
bangkok,Bangkok,Thailand,country,60,ntl,0.8098272323608399,0.0075965082386492,0.7915264129638672,0.0183008193969727
bangkok,Bangkok,Thailand,country,60,pm25,0.972051239013672,0.0018571836437726,0.9114272713661192,0.0606239676475527
bangkok,Bangkok,Thailand,country,60,lst,0.9029159903526306,0.0064266019977934,0.8792263746261597,0.0236896157264708
bangkok,Bangkok,Thailand,country,80,gdp,0.9091359853744508,0.0093402709367724,0.8584480166435242,0.0506879687309266
bangkok,Bangkok,Thailand,country,80,pop,0.8869006037712097,0.0042279847483944,0.8705501914024353,0.0163504123687744
bangkok,Bangkok,Thailand,country,80,ntl,0.8093658208847045,0.0058453666008938,0.7915264129638672,0.0178394079208373
bangkok,Bangkok,Thailand,country,80,pm25,0.9712405562400818,0.0012711198725048,0.9114272713661192,0.0598132848739625
bangkok,Bangkok,Thailand,country,80,lst,0.9017741560935976,0.0047513410916075,0.8792263746261597,0.0225477814674378
bangkok,Bangkok,Thailand,country,100,gdp,0.9118983626365662,0.0123013455393317,0.8584480166435242,0.0534503459930419
bangkok,Bangkok,Thailand,country,100,pop,0.8893534183502197,0.0030657093535196,0.8705501914024353,0.0188032269477844
bangkok,Bangkok,Thailand,country,100,ntl,0.8102314710617066,0.0079503094664511,0.7915264129638672,0.0187050580978394
bangkok,Bangkok,Thailand,country,100,pm25,0.9732138395309448,0.0013769655671233,0.9114272713661192,0.0617865681648255
bangkok,Bangkok,Thailand,country,100,lst,0.9037063717842102,0.0043911223015631,0.8792263746261597,0.0244799971580504
bangkok,Bangkok,Thailand,country_loco,1,gdp,0.8846444010734558,0.0143142565907787,0.8584480166435242,0.0261963844299315
bangkok,Bangkok,Thailand,country_loco,1,pop,0.8628905534744262,0.0041192372301119,0.8705501914024353,-0.007659637928009
bangkok,Bangkok,Thailand,country_loco,1,ntl,0.7933796882629395,0.0095178445990926,0.7915264129638672,0.0018532752990723
bangkok,Bangkok,Thailand,country_loco,1,pm25,0.936499047279358,0.0066685967508189,0.9114272713661192,0.0250717759132387
bangkok,Bangkok,Thailand,country_loco,1,lst,0.884205412864685,0.0048756928670504,0.8792263746261597,0.0049790382385253
bangkok,Bangkok,Thailand,country_loco,2,gdp,0.8903857469558716,0.0116158339212027,0.8584480166435242,0.0319377303123473
bangkok,Bangkok,Thailand,country_loco,2,pop,0.8664541721343995,0.0036507649621635,0.8705501914024353,-0.0040960192680358
bangkok,Bangkok,Thailand,country_loco,2,ntl,0.7983179092407227,0.0093854407076472,0.7915264129638672,0.0067914962768554
bangkok,Bangkok,Thailand,country_loco,2,pm25,0.9394858956336976,0.0044991463935163,0.9114272713661192,0.0280586242675783
bangkok,Bangkok,Thailand,country_loco,2,lst,0.8888408064842224,0.0063418926227791,0.8792263746261597,0.0096144318580626
bangkok,Bangkok,Thailand,country_loco,5,gdp,0.8952792048454284,0.0111609792701033,0.8584480166435242,0.0368311882019042
bangkok,Bangkok,Thailand,country_loco,5,pop,0.8695764780044556,0.0043523471226908,0.8705501914024353,-0.0009737133979796
bangkok,Bangkok,Thailand,country_loco,5,ntl,0.8010699987411499,0.0044453165145697,0.7915264129638672,0.0095435857772827
bangkok,Bangkok,Thailand,country_loco,5,pm25,0.9534738540649416,0.0046344148762152,0.9114272713661192,0.0420465826988223
bangkok,Bangkok,Thailand,country_loco,5,lst,0.8921639800071717,0.0067650309077945,0.8792263746261597,0.0129376053810119
bangkok,Bangkok,Thailand,country_loco,10,gdp,0.900574016571045,0.0119745148720203,0.8584480166435242,0.0421259999275207
bangkok,Bangkok,Thailand,country_loco,10,pop,0.874360179901123,0.00385533776281,0.8705501914024353,0.0038099884986877
bangkok,Bangkok,Thailand,country_loco,10,ntl,0.8022243738174438,0.0040735671553856,0.7915264129638672,0.0106979608535766
bangkok,Bangkok,Thailand,country_loco,10,pm25,0.9621098041534424,0.0038519770756893,0.9114272713661192,0.0506825327873231
bangkok,Bangkok,Thailand,country_loco,10,lst,0.8914179086685181,0.0076087592760526,0.8792263746261597,0.0121915340423583
bangkok,Bangkok,Thailand,country_loco,20,gdp,0.9017099261283874,0.0112386444054027,0.8584480166435242,0.0432619094848631
bangkok,Bangkok,Thailand,country_loco,20,pop,0.8769764184951783,0.002851679811914,0.8705501914024353,0.0064262270927429
bangkok,Bangkok,Thailand,country_loco,20,ntl,0.8033756971359253,0.0075187336674408,0.7915264129638672,0.0118492841720581
bangkok,Bangkok,Thailand,country_loco,20,pm25,0.9674082279205324,0.0025988871374044,0.9114272713661192,0.0559809565544131
bangkok,Bangkok,Thailand,country_loco,20,lst,0.894999647140503,0.0055648742194838,0.8792263746261597,0.0157732725143432
bangkok,Bangkok,Thailand,country_loco,40,gdp,0.9020270347595216,0.0135230466147365,0.8584480166435242,0.0435790181159974
bangkok,Bangkok,Thailand,country_loco,40,pop,0.877339220046997,0.0056411652944666,0.8705501914024353,0.0067890286445617
bangkok,Bangkok,Thailand,country_loco,40,ntl,0.8069857120513916,0.0096164092099321,0.7915264129638672,0.0154592990875244
bangkok,Bangkok,Thailand,country_loco,40,pm25,0.9691847562789916,0.0029446654013851,0.9114272713661192,0.0577574849128723
bangkok,Bangkok,Thailand,country_loco,40,lst,0.8993065237998963,0.0037392966727521,0.8792263746261597,0.0200801491737365
bangkok,Bangkok,Thailand,country_loco,60,gdp,0.8979798555374146,0.0088713174904743,0.8584480166435242,0.0395318388938903
bangkok,Bangkok,Thailand,country_loco,60,pop,0.8792180418968201,0.0038733887685254,0.8705501914024353,0.0086678504943847
bangkok,Bangkok,Thailand,country_loco,60,ntl,0.806214201450348,0.0096669633099634,0.7915264129638672,0.0146877884864807
bangkok,Bangkok,Thailand,country_loco,60,pm25,0.9691681146621705,0.0014769463441867,0.9114272713661192,0.0577408432960512
bangkok,Bangkok,Thailand,country_loco,60,lst,0.8976322054862976,0.0061759818521483,0.8792263746261597,0.0184058308601379
bangkok,Bangkok,Thailand,country_loco,80,gdp,0.9019859313964844,0.0124482988501203,0.8584480166435242,0.0435379147529602
bangkok,Bangkok,Thailand,country_loco,80,pop,0.8804503679275513,0.003735167983229,0.8705501914024353,0.0099001765251159
bangkok,Bangkok,Thailand,country_loco,80,ntl,0.8065780639648438,0.0103804091717282,0.7915264129638672,0.0150516510009766
bangkok,Bangkok,Thailand,country_loco,80,pm25,0.9706714510917664,0.001797082475859,0.9114272713661192,0.0592441797256472
bangkok,Bangkok,Thailand,country_loco,80,lst,0.9004222869873046,0.0071143273005138,0.8792263746261597,0.0211959123611449
bangkok,Bangkok,Thailand,country_loco,100,gdp,0.9030137777328492,0.013273624396807,0.8584480166435242,0.0445657610893249
bangkok,Bangkok,Thailand,country_loco,100,pop,0.8795476078987121,0.0034950601269025,0.8705501914024353,0.0089974164962768
bangkok,Bangkok,Thailand,country_loco,100,ntl,0.8065848827362061,0.0055890486400594,0.7915264129638672,0.0150584697723389
bangkok,Bangkok,Thailand,country_loco,100,pm25,0.969138252735138,0.0025790946384288,0.9114272713661192,0.0577109813690187
bangkok,Bangkok,Thailand,country_loco,100,lst,0.9011513352394104,0.005238718670468,0.8792263746261597,0.0219249606132506
johannesburg,Johannesburg,South Africa,city,1,gdp,0.7029299139976501,0.0855564152245093,0.7220397353172302,-0.01910982131958
johannesburg,Johannesburg,South Africa,city,1,pop,0.8214706420898438,0.0038221265027266,0.8277344465255737,-0.0062638044357299
johannesburg,Johannesburg,South Africa,city,1,ntl,0.6514565706253052,0.0195123387023052,0.668639063835144,-0.0171824932098388
johannesburg,Johannesburg,South Africa,city,1,pm25,0.745002281665802,0.0120447539553541,0.7320334315299988,0.0129688501358031
johannesburg,Johannesburg,South Africa,city,1,lst,0.8683140873908997,0.0092674416341592,0.8753825187683105,-0.0070684313774108
johannesburg,Johannesburg,South Africa,city,2,gdp,0.7527953147888183,0.0457273612055136,0.7220397353172302,0.0307555794715881
johannesburg,Johannesburg,South Africa,city,2,pop,0.822163212299347,0.0017935234428986,0.8277344465255737,-0.0055712342262267
johannesburg,Johannesburg,South Africa,city,2,ntl,0.6603764891624451,0.0148294476876734,0.668639063835144,-0.0082625746726989
johannesburg,Johannesburg,South Africa,city,2,pm25,0.7716849327087403,0.0154910531772616,0.7320334315299988,0.0396515011787415
johannesburg,Johannesburg,South Africa,city,2,lst,0.8803664565086364,0.0077694190114572,0.8753825187683105,0.0049839377403259
johannesburg,Johannesburg,South Africa,city,5,gdp,0.7591449618339539,0.0550853887775265,0.7220397353172302,0.0371052265167236
johannesburg,Johannesburg,South Africa,city,5,pop,0.8241629123687744,0.0024950140558212,0.8277344465255737,-0.0035715341567993
johannesburg,Johannesburg,South Africa,city,5,ntl,0.664475417137146,0.0121768631967577,0.668639063835144,-0.004163646697998
johannesburg,Johannesburg,South Africa,city,5,pm25,0.8077019572257995,0.0080053039745313,0.7320334315299988,0.0756685256958007
johannesburg,Johannesburg,South Africa,city,5,lst,0.8901169300079346,0.0055105430084521,0.8753825187683105,0.014734411239624
johannesburg,Johannesburg,South Africa,city,10,gdp,0.7642409920692443,0.0614859033311407,0.7220397353172302,0.0422012567520141
johannesburg,Johannesburg,South Africa,city,10,pop,0.8251075744628906,0.0022501303610011,0.8277344465255737,-0.002626872062683
johannesburg,Johannesburg,South Africa,city,10,ntl,0.6766193270683288,0.0108562014910772,0.668639063835144,0.0079802632331847
johannesburg,Johannesburg,South Africa,city,10,pm25,0.8210441589355468,0.0106954469847783,0.7320334315299988,0.089010727405548
johannesburg,Johannesburg,South Africa,city,10,lst,0.8944514513015747,0.0029689415205601,0.8753825187683105,0.0190689325332641
johannesburg,Johannesburg,South Africa,city,20,gdp,0.7701975584030152,0.0553759815275636,0.7220397353172302,0.0481578230857849
johannesburg,Johannesburg,South Africa,city,20,pop,0.8247560262680054,0.0024031164806546,0.8277344465255737,-0.0029784202575683
johannesburg,Johannesburg,South Africa,city,20,ntl,0.684110689163208,0.0099396332513674,0.668639063835144,0.015471625328064
johannesburg,Johannesburg,South Africa,city,20,pm25,0.8298735976219177,0.0132766089999254,0.7320334315299988,0.0978401660919189
johannesburg,Johannesburg,South Africa,city,20,lst,0.8981614589691163,0.0045236146809367,0.8753825187683105,0.0227789402008057
johannesburg,Johannesburg,South Africa,city,40,gdp,0.7869089722633362,0.046270083404549,0.7220397353172302,0.064869236946106
johannesburg,Johannesburg,South Africa,city,40,pop,0.823192834854126,0.0021560649589382,0.8277344465255737,-0.0045416116714477
johannesburg,Johannesburg,South Africa,city,40,ntl,0.6874210238456726,0.010143228853973,0.668639063835144,0.0187819600105285
johannesburg,Johannesburg,South Africa,city,40,pm25,0.8299673438072205,0.0147578548269849,0.7320334315299988,0.0979339122772217
johannesburg,Johannesburg,South Africa,city,40,lst,0.9006795406341552,0.0064812801963381,0.8753825187683105,0.0252970218658447
johannesburg,Johannesburg,South Africa,city,60,gdp,0.7781048059463501,0.0537807255754648,0.7220397353172302,0.0560650706291199
johannesburg,Johannesburg,South Africa,city,60,pop,0.823403787612915,0.002354776470892,0.8277344465255737,-0.0043306589126587
johannesburg,Johannesburg,South Africa,city,60,ntl,0.6878990054130554,0.0042833690707142,0.668639063835144,0.0192599415779113
johannesburg,Johannesburg,South Africa,city,60,pm25,0.8367918014526368,0.0148469797802039,0.7320334315299988,0.1047583699226379
johannesburg,Johannesburg,South Africa,city,60,lst,0.904144012928009,0.0049869239262292,0.8753825187683105,0.0287614941596985
johannesburg,Johannesburg,South Africa,city,80,gdp,0.7974747538566589,0.0310623206409324,0.7220397353172302,0.0754350185394286
johannesburg,Johannesburg,South Africa,city,80,pop,0.8229631185531616,0.0018774011168841,0.8277344465255737,-0.004771327972412
johannesburg,Johannesburg,South Africa,city,80,ntl,0.6895027041435242,0.0058556958544684,0.668639063835144,0.0208636403083801
johannesburg,Johannesburg,South Africa,city,80,pm25,0.8404181003570557,0.0189064263873428,0.7320334315299988,0.1083846688270568
johannesburg,Johannesburg,South Africa,city,80,lst,0.9030716896057128,0.0040396584307539,0.8753825187683105,0.0276891708374023
johannesburg,Johannesburg,South Africa,city,100,gdp,0.7911169171333313,0.0339336748285469,0.7220397353172302,0.0690771818161011
johannesburg,Johannesburg,South Africa,city,100,pop,0.8243564963340759,0.0022887665198212,0.8277344465255737,-0.0033779501914977
johannesburg,Johannesburg,South Africa,city,100,ntl,0.6910069704055786,0.0076139333049632,0.668639063835144,0.0223679065704345
johannesburg,Johannesburg,South Africa,city,100,pm25,0.8421656370162964,0.0150735893436977,0.7320334315299988,0.1101322054862976
johannesburg,Johannesburg,South Africa,city,100,lst,0.9044416904449464,0.0049748210035133,0.8753825187683105,0.0290591716766358
johannesburg,Johannesburg,South Africa,country,1,gdp,0.7304777145385742,0.0796815041164715,0.7220397353172302,0.008437979221344
johannesburg,Johannesburg,South Africa,country,1,pop,0.8222015976905823,0.0015195599315472,0.8277344465255737,-0.0055328488349913
johannesburg,Johannesburg,South Africa,country,1,ntl,0.6567428827285766,0.0155413583711602,0.668639063835144,-0.0118961811065674
johannesburg,Johannesburg,South Africa,country,1,pm25,0.770676052570343,0.0192042747571812,0.7320334315299988,0.0386426210403442
johannesburg,Johannesburg,South Africa,country,1,lst,0.8742021679878235,0.0065178662961171,0.8753825187683105,-0.001180350780487
johannesburg,Johannesburg,South Africa,country,2,gdp,0.7493145823478699,0.0682184629162826,0.7220397353172302,0.0272748470306396
johannesburg,Johannesburg,South Africa,country,2,pop,0.8231204628944397,0.0026796161259698,0.8277344465255737,-0.0046139836311339
johannesburg,Johannesburg,South Africa,country,2,ntl,0.662609851360321,0.0115587938840659,0.668639063835144,-0.006029212474823
johannesburg,Johannesburg,South Africa,country,2,pm25,0.8013236880302429,0.0141120215577503,0.7320334315299988,0.0692902565002441
johannesburg,Johannesburg,South Africa,country,2,lst,0.8834341049194336,0.0072957329594089,0.8753825187683105,0.0080515861511231
johannesburg,Johannesburg,South Africa,country,5,gdp,0.7579059600830078,0.0745239901475134,0.7220397353172302,0.0358662247657776
johannesburg,Johannesburg,South Africa,country,5,pop,0.8247875809669495,0.0028941679951178,0.8277344465255737,-0.0029468655586242
johannesburg,Johannesburg,South Africa,country,5,ntl,0.6733887910842895,0.0053852431289994,0.668639063835144,0.0047497272491454
johannesburg,Johannesburg,South Africa,country,5,pm25,0.8108553171157837,0.0153282284397892,0.7320334315299988,0.0788218855857849
johannesburg,Johannesburg,South Africa,country,5,lst,0.8901867628097534,0.00596795094562,0.8753825187683105,0.0148042440414428
johannesburg,Johannesburg,South Africa,country,10,gdp,0.7586349844932556,0.0713995284128993,0.7220397353172302,0.0365952491760254
johannesburg,Johannesburg,South Africa,country,10,pop,0.8247103333473206,0.0022701901062841,0.8277344465255737,-0.0030241131782531
johannesburg,Johannesburg,South Africa,country,10,ntl,0.675217866897583,0.0078816623517691,0.668639063835144,0.0065788030624389
johannesburg,Johannesburg,South Africa,country,10,pm25,0.8161020994186401,0.0139999365356269,0.7320334315299988,0.0840686678886413
johannesburg,Johannesburg,South Africa,country,10,lst,0.8971500515937805,0.0034948981105009,0.8753825187683105,0.0217675328254699
johannesburg,Johannesburg,South Africa,country,20,gdp,0.7600351214408875,0.0788372349179502,0.7220397353172302,0.0379953861236572
johannesburg,Johannesburg,South Africa,country,20,pop,0.8252326011657715,0.0027075147941122,0.8277344465255737,-0.0025018453598022
johannesburg,Johannesburg,South Africa,country,20,ntl,0.6733929514884949,0.0060840412675889,0.668639063835144,0.0047538876533508
johannesburg,Johannesburg,South Africa,country,20,pm25,0.8135661125183106,0.0215042999033634,0.7320334315299988,0.0815326809883117
johannesburg,Johannesburg,South Africa,country,20,lst,0.8971662402153016,0.002117535415189,0.8753825187683105,0.021783721446991
johannesburg,Johannesburg,South Africa,country,40,gdp,0.7588346600532532,0.1038406731203428,0.7220397353172302,0.0367949247360229
johannesburg,Johannesburg,South Africa,country,40,pop,0.8265687584877014,0.0013149792430693,0.8277344465255737,-0.0011656880378723
johannesburg,Johannesburg,South Africa,country,40,ntl,0.6784626960754394,0.0073412113203374,0.668639063835144,0.0098236322402953
johannesburg,Johannesburg,South Africa,country,40,pm25,0.8303134799003601,0.0168216199596008,0.7320334315299988,0.0982800483703613
johannesburg,Johannesburg,South Africa,country,40,lst,0.9011207938194274,0.0044969803681549,0.8753825187683105,0.0257382750511169
johannesburg,Johannesburg,South Africa,country,60,gdp,0.7669926285743713,0.0845930204592677,0.7220397353172302,0.0449528932571411
johannesburg,Johannesburg,South Africa,country,60,pop,0.8269289851188659,0.0028459057717832,0.8277344465255737,-0.0008054614067077
johannesburg,Johannesburg,South Africa,country,60,ntl,0.6789455056190491,0.0053181089483967,0.668639063835144,0.010306441783905
johannesburg,Johannesburg,South Africa,country,60,pm25,0.833324134349823,0.0088605556214246,0.7320334315299988,0.1012907028198242
johannesburg,Johannesburg,South Africa,country,60,lst,0.904486334323883,0.0041487453789988,0.8753825187683105,0.0291038155555725
johannesburg,Johannesburg,South Africa,country,80,gdp,0.799505066871643,0.0536096972235956,0.7220397353172302,0.0774653315544128
johannesburg,Johannesburg,South Africa,country,80,pop,0.8272295594215393,0.0023418762550013,0.8277344465255737,-0.0005048871040344
johannesburg,Johannesburg,South Africa,country,80,ntl,0.677495288848877,0.0109906010572326,0.668639063835144,0.0088562250137329
johannesburg,Johannesburg,South Africa,country,80,pm25,0.8346972703933716,0.0125228114905506,0.7320334315299988,0.1026638388633728
johannesburg,Johannesburg,South Africa,country,80,lst,0.9034794688224792,0.0068278551516488,0.8753825187683105,0.0280969500541686
johannesburg,Johannesburg,South Africa,country,100,gdp,0.7839084029197693,0.0505328353022734,0.7220397353172302,0.061868667602539
johannesburg,Johannesburg,South Africa,country,100,pop,0.8270965695381165,0.0018406477639121,0.8277344465255737,-0.0006378769874572
johannesburg,Johannesburg,South Africa,country,100,ntl,0.6795552492141723,0.0062597333795772,0.668639063835144,0.0109161853790282
johannesburg,Johannesburg,South Africa,country,100,pm25,0.8340564012527466,0.0139385846032764,0.7320334315299988,0.1020229697227478
johannesburg,Johannesburg,South Africa,country,100,lst,0.9010127425193788,0.0063746844982384,0.8753825187683105,0.0256302237510682
johannesburg,Johannesburg,South Africa,country_loco,1,gdp,0.7177488684654236,0.0608438346679571,0.7220397353172302,-0.0042908668518065
johannesburg,Johannesburg,South Africa,country_loco,1,pop,0.8217974781990052,0.0022454604641526,0.8277344465255737,-0.0059369683265685
johannesburg,Johannesburg,South Africa,country_loco,1,ntl,0.6561174392700195,0.0167547246744761,0.668639063835144,-0.0125216245651245
johannesburg,Johannesburg,South Africa,country_loco,1,pm25,0.7529722809791565,0.0276792284256808,0.7320334315299988,0.0209388494491576
johannesburg,Johannesburg,South Africa,country_loco,1,lst,0.8699215531349183,0.0094976496352569,0.8753825187683105,-0.0054609656333922
johannesburg,Johannesburg,South Africa,country_loco,2,gdp,0.7281496047973632,0.0751662123195798,0.7220397353172302,0.006109869480133
johannesburg,Johannesburg,South Africa,country_loco,2,pop,0.8226336479187012,0.0018604234991223,0.8277344465255737,-0.0051007986068725
johannesburg,Johannesburg,South Africa,country_loco,2,ntl,0.6570382952690125,0.0131462206161689,0.668639063835144,-0.0116007685661315
johannesburg,Johannesburg,South Africa,country_loco,2,pm25,0.7757142543792724,0.0113340072780514,0.7320334315299988,0.0436808228492736
johannesburg,Johannesburg,South Africa,country_loco,2,lst,0.8767156362533569,0.0079825414893315,0.8753825187683105,0.0013331174850463
johannesburg,Johannesburg,South Africa,country_loco,5,gdp,0.7329647183418274,0.0752129875297377,0.7220397353172302,0.0109249830245972
johannesburg,Johannesburg,South Africa,country_loco,5,pop,0.8241896510124207,0.0024491637369855,0.8277344465255737,-0.003544795513153
johannesburg,Johannesburg,South Africa,country_loco,5,ntl,0.6658850193023682,0.0132332303844392,0.668639063835144,-0.0027540445327758
johannesburg,Johannesburg,South Africa,country_loco,5,pm25,0.7934132814407349,0.0125455123907934,0.7320334315299988,0.061379849910736
johannesburg,Johannesburg,South Africa,country_loco,5,lst,0.8767163276672363,0.0048930169597695,0.8753825187683105,0.0013338088989257
johannesburg,Johannesburg,South Africa,country_loco,10,gdp,0.7389031529426575,0.0721300693139383,0.7220397353172302,0.0168634176254273
johannesburg,Johannesburg,South Africa,country_loco,10,pop,0.8239135503768921,0.0020635486827924,0.8277344465255737,-0.0038208961486816
johannesburg,Johannesburg,South Africa,country_loco,10,ntl,0.6730430364608765,0.0078856270157196,0.668639063835144,0.0044039726257324
johannesburg,Johannesburg,South Africa,country_loco,10,pm25,0.8054836869239808,0.0184702577896692,0.7320334315299988,0.0734502553939819
johannesburg,Johannesburg,South Africa,country_loco,10,lst,0.8865252733230591,0.006092847947244,0.8753825187683105,0.0111427545547485
johannesburg,Johannesburg,South Africa,country_loco,20,gdp,0.7432933688163758,0.0680801800967557,0.7220397353172302,0.0212536334991455
johannesburg,Johannesburg,South Africa,country_loco,20,pop,0.8247344613075256,0.0019773555762902,0.8277344465255737,-0.0029999852180481
johannesburg,Johannesburg,South Africa,country_loco,20,ntl,0.6759006381034851,0.0050223634178823,0.668639063835144,0.007261574268341
johannesburg,Johannesburg,South Africa,country_loco,20,pm25,0.8095439553260804,0.0121935338900143,0.7320334315299988,0.0775105237960815
johannesburg,Johannesburg,South Africa,country_loco,20,lst,0.8940386295318603,0.0046873705930186,0.8753825187683105,0.0186561107635497
johannesburg,Johannesburg,South Africa,country_loco,40,gdp,0.7539175271987915,0.0617685088015644,0.7220397353172302,0.0318777918815612
johannesburg,Johannesburg,South Africa,country_loco,40,pop,0.8247843146324157,0.0023758168335614,0.8277344465255737,-0.0029501318931579
johannesburg,Johannesburg,South Africa,country_loco,40,ntl,0.6724049210548401,0.0060269085316665,0.668639063835144,0.003765857219696
johannesburg,Johannesburg,South Africa,country_loco,40,pm25,0.8112645030021668,0.0137265176314914,0.7320334315299988,0.079231071472168
johannesburg,Johannesburg,South Africa,country_loco,40,lst,0.8951327085494996,0.0073127223950549,0.8753825187683105,0.019750189781189
johannesburg,Johannesburg,South Africa,country_loco,60,gdp,0.750844419002533,0.0793775797604685,0.7220397353172302,0.0288046836853027
johannesburg,Johannesburg,South Africa,country_loco,60,pop,0.8249809622764588,0.0021912968901273,0.8277344465255737,-0.0027534842491149
johannesburg,Johannesburg,South Africa,country_loco,60,ntl,0.673794150352478,0.0106548454523567,0.668639063835144,0.0051550865173339
johannesburg,Johannesburg,South Africa,country_loco,60,pm25,0.8225088119506836,0.009083171988381,0.7320334315299988,0.0904753804206848
johannesburg,Johannesburg,South Africa,country_loco,60,lst,0.8970651149749755,0.004475481533598,0.8753825187683105,0.021682596206665
johannesburg,Johannesburg,South Africa,country_loco,80,gdp,0.7542993307113648,0.0750388308128235,0.7220397353172302,0.0322595953941345
johannesburg,Johannesburg,South Africa,country_loco,80,pop,0.8269202947616577,0.0020067110949362,0.8277344465255737,-0.0008141517639159
johannesburg,Johannesburg,South Africa,country_loco,80,ntl,0.6775497913360595,0.0063035024634001,0.668639063835144,0.0089107275009154
johannesburg,Johannesburg,South Africa,country_loco,80,pm25,0.8232898116111755,0.0158592174931779,0.7320334315299988,0.0912563800811767
johannesburg,Johannesburg,South Africa,country_loco,80,lst,0.8971823334693909,0.0063314884881793,0.8753825187683105,0.0217998147010803
johannesburg,Johannesburg,South Africa,country_loco,100,gdp,0.7566857695579529,0.0881859549651464,0.7220397353172302,0.0346460342407226
johannesburg,Johannesburg,South Africa,country_loco,100,pop,0.826527202129364,0.0016753239737874,0.8277344465255737,-0.0012072443962096
johannesburg,Johannesburg,South Africa,country_loco,100,ntl,0.6767821311950684,0.0094613341894482,0.668639063835144,0.0081430673599243
johannesburg,Johannesburg,South Africa,country_loco,100,pm25,0.8208705425262451,0.0144779418037235,0.7320334315299988,0.0888371109962463
johannesburg,Johannesburg,South Africa,country_loco,100,lst,0.896569287776947,0.006503450095002,0.8753825187683105,0.0211867690086364
los_angeles,Los Angeles,United States,city,1,gdp,0.8088294506072998,0.0211035062678001,0.7770539283752441,0.0317755222320557
los_angeles,Los Angeles,United States,city,1,pop,0.689159607887268,0.0196450869212464,0.6913731694221497,-0.0022135615348816
los_angeles,Los Angeles,United States,city,1,ntl,0.7528566718101501,0.0170031851949496,0.7511767148971558,0.0016799569129943
los_angeles,Los Angeles,United States,city,1,pm25,0.7941423416137695,0.0200871176543108,0.7626042246818543,0.0315381169319152
los_angeles,Los Angeles,United States,city,1,lst,0.8664304137229919,0.0144515270931825,0.8634871125221253,0.0029433012008666
los_angeles,Los Angeles,United States,city,2,gdp,0.8171189308166504,0.015764886247179,0.7770539283752441,0.0400650024414063
los_angeles,Los Angeles,United States,city,2,pop,0.6915127158164978,0.0187864256158213,0.6913731694221497,0.0001395463943481
los_angeles,Los Angeles,United States,city,2,ntl,0.7604667901992798,0.0162238573141311,0.7511767148971558,0.009290075302124
los_angeles,Los Angeles,United States,city,2,pm25,0.8096715450286865,0.0077218500151195,0.7626042246818543,0.0470673203468322
los_angeles,Los Angeles,United States,city,2,lst,0.8778285264968873,0.0126301651803091,0.8634871125221253,0.0143414139747619
los_angeles,Los Angeles,United States,city,5,gdp,0.8205510020256043,0.0146056104759249,0.7770539283752441,0.0434970736503601
los_angeles,Los Angeles,United States,city,5,pop,0.6881807446479797,0.0187131564957949,0.6913731694221497,-0.0031924247741699
los_angeles,Los Angeles,United States,city,5,ntl,0.761577022075653,0.0177558840752465,0.7511767148971558,0.0104003071784972
los_angeles,Los Angeles,United States,city,5,pm25,0.8116852760314941,0.0096291935255853,0.7626042246818543,0.0490810513496398
los_angeles,Los Angeles,United States,city,5,lst,0.8787720203399658,0.013298296290831,0.8634871125221253,0.0152849078178405
los_angeles,Los Angeles,United States,city,10,gdp,0.8218250155448914,0.0158168330630616,0.7770539283752441,0.0447710871696472
los_angeles,Los Angeles,United States,city,10,pop,0.6870431542396546,0.0197334814558924,0.6913731694221497,-0.004330015182495
los_angeles,Los Angeles,United States,city,10,ntl,0.7679760813713074,0.0188159076344196,0.7511767148971558,0.0167993664741515
los_angeles,Los Angeles,United States,city,10,pm25,0.8310034513473511,0.0082355820932454,0.7626042246818543,0.0683992266654968
los_angeles,Los Angeles,United States,city,10,lst,0.8789528846740723,0.0179836864232219,0.8634871125221253,0.015465772151947
los_angeles,Los Angeles,United States,city,20,gdp,0.8246610164642334,0.0123075702062389,0.7770539283752441,0.0476070880889892
los_angeles,Los Angeles,United States,city,20,pop,0.6923052430152893,0.0198906583004174,0.6913731694221497,0.0009320735931396
los_angeles,Los Angeles,United States,city,20,ntl,0.7701547741889954,0.0151677917678381,0.7511767148971558,0.0189780592918396
los_angeles,Los Angeles,United States,city,20,pm25,0.8333999037742614,0.0117270021183488,0.7626042246818543,0.0707956790924071
los_angeles,Los Angeles,United States,city,20,lst,0.885424816608429,0.0138957749937258,0.8634871125221253,0.0219377040863036
los_angeles,Los Angeles,United States,city,40,gdp,0.8250972151756286,0.0147313453113015,0.7770539283752441,0.0480432868003845
los_angeles,Los Angeles,United States,city,40,pop,0.6946854591369629,0.019708994686354,0.6913731694221497,0.0033122897148132
los_angeles,Los Angeles,United States,city,40,ntl,0.7790797472000122,0.0175216998581686,0.7511767148971558,0.0279030323028564
los_angeles,Los Angeles,United States,city,40,pm25,0.8596259474754333,0.0093856448049608,0.7626042246818543,0.097021722793579
los_angeles,Los Angeles,United States,city,40,lst,0.8967767119407654,0.0087723765626519,0.8634871125221253,0.03328959941864
los_angeles,Los Angeles,United States,city,60,gdp,0.8287099719047546,0.0126571820541264,0.7770539283752441,0.0516560435295104
los_angeles,Los Angeles,United States,city,60,pop,0.6986891150474548,0.0186961354027911,0.6913731694221497,0.0073159456253051
los_angeles,Los Angeles,United States,city,60,ntl,0.782855486869812,0.0139057389036003,0.7511767148971558,0.0316787719726562
los_angeles,Los Angeles,United States,city,60,pm25,0.8755318880081177,0.0057662143290563,0.7626042246818543,0.1129276633262633
los_angeles,Los Angeles,United States,city,60,lst,0.9014411091804504,0.0083717397079389,0.8634871125221253,0.0379539966583251
los_angeles,Los Angeles,United States,city,80,gdp,0.8295080184936523,0.0122337264836299,0.7770539283752441,0.0524540901184081
los_angeles,Los Angeles,United States,city,80,pop,0.698438560962677,0.0186529139056515,0.6913731694221497,0.0070653915405273
los_angeles,Los Angeles,United States,city,80,ntl,0.7806901454925537,0.014357029966467,0.7511767148971558,0.0295134305953979
los_angeles,Los Angeles,United States,city,80,pm25,0.8852499485015869,0.0045287314379988,0.7626042246818543,0.1226457238197326
los_angeles,Los Angeles,United States,city,80,lst,0.9064971327781676,0.0053483573901579,0.8634871125221253,0.0430100202560422
los_angeles,Los Angeles,United States,city,100,gdp,0.8277423501014709,0.0133002712143822,0.7770539283752441,0.0506884217262267
los_angeles,Los Angeles,United States,city,100,pop,0.699315345287323,0.0188134146727573,0.6913731694221497,0.0079421758651733
los_angeles,Los Angeles,United States,city,100,ntl,0.7853049755096435,0.0130677766202643,0.7511767148971558,0.0341282606124877
los_angeles,Los Angeles,United States,city,100,pm25,0.8951283097267151,0.0073741016916997,0.7626042246818543,0.1325240850448608
los_angeles,Los Angeles,United States,city,100,lst,0.9099543929100036,0.006529299887692,0.8634871125221253,0.0464672803878782
los_angeles,Los Angeles,United States,country,1,gdp,0.8192713975906372,0.0200167187873906,0.7770539283752441,0.042217469215393
los_angeles,Los Angeles,United States,country,1,pop,0.6909963369369507,0.0190260361608693,0.6913731694221497,-0.0003768324851989
los_angeles,Los Angeles,United States,country,1,ntl,0.763349425792694,0.016072408602432,0.7511767148971558,0.0121727108955382
los_angeles,Los Angeles,United States,country,1,pm25,0.8096402287483215,0.0148625121712819,0.7626042246818543,0.0470360040664672
los_angeles,Los Angeles,United States,country,1,lst,0.8759454369544983,0.0157416301727235,0.8634871125221253,0.012458324432373
los_angeles,Los Angeles,United States,country,2,gdp,0.8178616762161255,0.0209452500078204,0.7770539283752441,0.0408077478408813
los_angeles,Los Angeles,United States,country,2,pop,0.6911731243133545,0.0185697855627813,0.6913731694221497,-0.0002000451087951
los_angeles,Los Angeles,United States,country,2,ntl,0.7646496891975403,0.0154039673504794,0.7511767148971558,0.0134729743003845
los_angeles,Los Angeles,United States,country,2,pm25,0.8078995704650879,0.020154457142368,0.7626042246818543,0.0452953457832335
los_angeles,Los Angeles,United States,country,2,lst,0.8774777889251709,0.0158450734318141,0.8634871125221253,0.0139906764030456
los_angeles,Los Angeles,United States,country,5,gdp,0.8255363225936889,0.0173124418636112,0.7770539283752441,0.0484823942184448
los_angeles,Los Angeles,United States,country,5,pop,0.6959207057952881,0.0178059511676651,0.6913731694221497,0.0045475363731384
los_angeles,Los Angeles,United States,country,5,ntl,0.7675485372543335,0.0107803619431439,0.7511767148971558,0.0163718223571777
los_angeles,Los Angeles,United States,country,5,pm25,0.8277780890464783,0.0134280423868564,0.7626042246818543,0.065173864364624
los_angeles,Los Angeles,United States,country,5,lst,0.8835704803466797,0.0145976347813443,0.8634871125221253,0.0200833678245544
los_angeles,Los Angeles,United States,country,10,gdp,0.8266465783119201,0.0141888908543539,0.7770539283752441,0.049592649936676
los_angeles,Los Angeles,United States,country,10,pop,0.6963900327682495,0.0185183483476473,0.6913731694221497,0.0050168633460998
los_angeles,Los Angeles,United States,country,10,ntl,0.7681238174438476,0.0156285044356975,0.7511767148971558,0.0169471025466918
los_angeles,Los Angeles,United States,country,10,pm25,0.8389126062393188,0.009312490348487,0.7626042246818543,0.0763083815574645
los_angeles,Los Angeles,United States,country,10,lst,0.8888104200363159,0.0107050910601469,0.8634871125221253,0.0253233075141906
los_angeles,Los Angeles,United States,country,20,gdp,0.8295228838920593,0.011995532870158,0.7770539283752441,0.0524689555168151
los_angeles,Los Angeles,United States,country,20,pop,0.6975034594535827,0.0206095637456609,0.6913731694221497,0.006130290031433
los_angeles,Los Angeles,United States,country,20,ntl,0.7705734848976136,0.0152246739431841,0.7511767148971558,0.0193967700004578
los_angeles,Los Angeles,United States,country,20,pm25,0.8356442093849182,0.0146824881337863,0.7626042246818543,0.0730399847030639
los_angeles,Los Angeles,United States,country,20,lst,0.8907395720481872,0.0126713880002349,0.8634871125221253,0.0272524595260619
los_angeles,Los Angeles,United States,country,40,gdp,0.8340939402580261,0.012399735134655,0.7770539283752441,0.0570400118827819
los_angeles,Los Angeles,United States,country,40,pop,0.6956835389137268,0.0196553540116471,0.6913731694221497,0.0043103694915771
los_angeles,Los Angeles,United States,country,40,ntl,0.7730275988578796,0.0124440752954229,0.7511767148971558,0.0218508839607238
los_angeles,Los Angeles,United States,country,40,pm25,0.8467645525932312,0.0065506824946742,0.7626042246818543,0.0841603279113769
los_angeles,Los Angeles,United States,country,40,lst,0.8958600521087646,0.0114392882653155,0.8634871125221253,0.0323729395866393
los_angeles,Los Angeles,United States,country,60,gdp,0.8337441444396972,0.0135011550611329,0.7770539283752441,0.0566902160644531
los_angeles,Los Angeles,United States,country,60,pop,0.6973787069320678,0.0201842759106729,0.6913731694221497,0.0060055375099181
los_angeles,Los Angeles,United States,country,60,ntl,0.7761365056037903,0.0182248108968804,0.7511767148971558,0.0249597907066345
los_angeles,Los Angeles,United States,country,60,pm25,0.8535269975662232,0.0070978733039727,0.7626042246818543,0.0909227728843689
los_angeles,Los Angeles,United States,country,60,lst,0.8942278265953064,0.0114746582663587,0.8634871125221253,0.0307407140731811
los_angeles,Los Angeles,United States,country,80,gdp,0.8443248391151428,0.0143259115984316,0.7770539283752441,0.0672709107398986
los_angeles,Los Angeles,United States,country,80,pop,0.6975684404373169,0.0171636238460363,0.6913731694221497,0.0061952710151672
los_angeles,Los Angeles,United States,country,80,ntl,0.7735174179077149,0.0147355977019256,0.7511767148971558,0.0223407030105591
los_angeles,Los Angeles,United States,country,80,pm25,0.8470649600028992,0.0116434763380505,0.7626042246818543,0.0844607353210449
los_angeles,Los Angeles,United States,country,80,lst,0.8992493867874145,0.011740605875265,0.8634871125221253,0.0357622742652892
los_angeles,Los Angeles,United States,country,100,gdp,0.8360401391983032,0.0134011721437234,0.7770539283752441,0.0589862108230591
los_angeles,Los Angeles,United States,country,100,pop,0.6969435572624206,0.0195549629394859,0.6913731694221497,0.0055703878402709
los_angeles,Los Angeles,United States,country,100,ntl,0.7737890958786011,0.0168233817174815,0.7511767148971558,0.0226123809814453
los_angeles,Los Angeles,United States,country,100,pm25,0.8528228402137756,0.0084417330174401,0.7626042246818543,0.0902186155319213
los_angeles,Los Angeles,United States,country,100,lst,0.8986126184463501,0.0102492770428208,0.8634871125221253,0.0351255059242248
los_angeles,Los Angeles,United States,country_loco,1,gdp,0.8069235920906067,0.0214659706163331,0.7770539283752441,0.0298696637153625
los_angeles,Los Angeles,United States,country_loco,1,pop,0.6926478385925293,0.0200157901665131,0.6913731694221497,0.0012746691703796
los_angeles,Los Angeles,United States,country_loco,1,ntl,0.7576777815818787,0.0145741348534046,0.7511767148971558,0.0065010666847229
los_angeles,Los Angeles,United States,country_loco,1,pm25,0.8090989470481873,0.0082515269462308,0.7626042246818543,0.046494722366333
los_angeles,Los Angeles,United States,country_loco,1,lst,0.8752229690551758,0.0155309013088178,0.8634871125221253,0.0117358565330505
los_angeles,Los Angeles,United States,country_loco,2,gdp,0.8164565324783325,0.0162888806319841,0.7770539283752441,0.0394026041030883
los_angeles,Los Angeles,United States,country_loco,2,pop,0.6939759016036987,0.0193871002850081,0.6913731694221497,0.002602732181549
los_angeles,Los Angeles,United States,country_loco,2,ntl,0.7643325209617615,0.0145977556642331,0.7511767148971558,0.0131558060646057
los_angeles,Los Angeles,United States,country_loco,2,pm25,0.8140037059783936,0.0143022233768508,0.7626042246818543,0.0513994812965392
los_angeles,Los Angeles,United States,country_loco,2,lst,0.8790471315383911,0.0147550726129968,0.8634871125221253,0.0155600190162658
los_angeles,Los Angeles,United States,country_loco,5,gdp,0.8180158495903015,0.0205736192127797,0.7770539283752441,0.0409619212150573
los_angeles,Los Angeles,United States,country_loco,5,pop,0.6922431468963623,0.0215238936300674,0.6913731694221497,0.0008699774742126
los_angeles,Los Angeles,United States,country_loco,5,ntl,0.7664803028106689,0.0162053534314429,0.7511767148971558,0.0153035879135131
los_angeles,Los Angeles,United States,country_loco,5,pm25,0.822746217250824,0.0141584760455202,0.7626042246818543,0.0601419925689696
los_angeles,Los Angeles,United States,country_loco,5,lst,0.8865973472595214,0.0122312857926302,0.8634871125221253,0.0231102347373961
los_angeles,Los Angeles,United States,country_loco,10,gdp,0.8238547563552856,0.0169355790849541,0.7770539283752441,0.0468008279800414
los_angeles,Los Angeles,United States,country_loco,10,pop,0.6954487681388855,0.0188333260537085,0.6913731694221497,0.0040755987167357
los_angeles,Los Angeles,United States,country_loco,10,ntl,0.7667652249336243,0.0113623306022668,0.7511767148971558,0.0155885100364685
los_angeles,Los Angeles,United States,country_loco,10,pm25,0.8233067393302917,0.0171132417565469,0.7626042246818543,0.0607025146484374
los_angeles,Los Angeles,United States,country_loco,10,lst,0.8817387819290161,0.0132535508799675,0.8634871125221253,0.0182516694068908
los_angeles,Los Angeles,United States,country_loco,20,gdp,0.8276177048683167,0.0176010913195475,0.7770539283752441,0.0505637764930725
los_angeles,Los Angeles,United States,country_loco,20,pop,0.6944497346878051,0.0176517009190417,0.6913731694221497,0.0030765652656554
los_angeles,Los Angeles,United States,country_loco,20,ntl,0.7702553868293762,0.0120379542876525,0.7511767148971558,0.0190786719322204
los_angeles,Los Angeles,United States,country_loco,20,pm25,0.8384452342987061,0.0127289507563092,0.7626042246818543,0.0758410096168518
los_angeles,Los Angeles,United States,country_loco,20,lst,0.8902497291564941,0.0129148592737718,0.8634871125221253,0.0267626166343688
los_angeles,Los Angeles,United States,country_loco,40,gdp,0.829267942905426,0.0143289750971512,0.7770539283752441,0.0522140145301819
los_angeles,Los Angeles,United States,country_loco,40,pop,0.6970455646514893,0.0190643243281505,0.6913731694221497,0.0056723952293396
los_angeles,Los Angeles,United States,country_loco,40,ntl,0.7658110141754151,0.0175740291392336,0.7511767148971558,0.0146342992782593
los_angeles,Los Angeles,United States,country_loco,40,pm25,0.8399093389511109,0.0081697672994492,0.7626042246818543,0.0773051142692565
los_angeles,Los Angeles,United States,country_loco,40,lst,0.8893980741500854,0.01445741422011,0.8634871125221253,0.0259109616279601
los_angeles,Los Angeles,United States,country_loco,60,gdp,0.828629219532013,0.0171796110449176,0.7770539283752441,0.0515752911567688
los_angeles,Los Angeles,United States,country_loco,60,pop,0.690557885169983,0.0198754782459913,0.6913731694221497,-0.0008152842521667
los_angeles,Los Angeles,United States,country_loco,60,ntl,0.7681751489639282,0.011841324095884,0.7511767148971558,0.0169984340667724
los_angeles,Los Angeles,United States,country_loco,60,pm25,0.8424008965492249,0.0145404596251088,0.7626042246818543,0.0797966718673706
los_angeles,Los Angeles,United States,country_loco,60,lst,0.8914781332015991,0.0123581583123048,0.8634871125221253,0.0279910206794737
los_angeles,Los Angeles,United States,country_loco,80,gdp,0.8318403244018555,0.0196656981901579,0.7770539283752441,0.0547863960266113
los_angeles,Los Angeles,United States,country_loco,80,pop,0.6958551526069641,0.0157870529411638,0.6913731694221497,0.0044819831848144
los_angeles,Los Angeles,United States,country_loco,80,ntl,0.7710011839866638,0.0141853910212268,0.7511767148971558,0.019824469089508
los_angeles,Los Angeles,United States,country_loco,80,pm25,0.8483230710029602,0.0098767683518664,0.7626042246818543,0.0857188463211059
los_angeles,Los Angeles,United States,country_loco,80,lst,0.8937965035438538,0.0106394881221291,0.8634871125221253,0.0303093910217284
los_angeles,Los Angeles,United States,country_loco,100,gdp,0.834953498840332,0.0187816221694818,0.7770539283752441,0.0578995704650878
los_angeles,Los Angeles,United States,country_loco,100,pop,0.6933184862136841,0.0204326799643927,0.6913731694221497,0.0019453167915344
los_angeles,Los Angeles,United States,country_loco,100,ntl,0.7712512135505676,0.016946990794392,0.7511767148971558,0.0200744986534118
los_angeles,Los Angeles,United States,country_loco,100,pm25,0.8453080654144287,0.0073407910597607,0.7626042246818543,0.0827038407325744
los_angeles,Los Angeles,United States,country_loco,100,lst,0.8919196128845215,0.0148637430178863,0.8634871125221253,0.0284325003623961
melbourne,Melbourne,Australia,city,1,gdp,0.7703335165977478,0.1002100491200802,0.7714314699172974,-0.0010979533195495
melbourne,Melbourne,Australia,city,1,pop,0.5090266942977906,0.1009172105704672,0.5218629121780396,-0.012836217880249
melbourne,Melbourne,Australia,city,1,ntl,0.7446409702301026,0.0265749002205337,0.7648703336715699,-0.0202293634414673
melbourne,Melbourne,Australia,city,1,pm25,0.7820569753646851,0.0256511897762021,0.7961736559867859,-0.0141166806221008
melbourne,Melbourne,Australia,city,1,lst,0.8378779053688049,0.0257306461773178,0.8441975474357605,-0.0063196420669555
melbourne,Melbourne,Australia,city,2,gdp,0.7870603799819946,0.1051442227824255,0.7714314699172974,0.0156289100646972
melbourne,Melbourne,Australia,city,2,pop,0.5149576783180236,0.0968008810297204,0.5218629121780396,-0.0069052338600159
melbourne,Melbourne,Australia,city,2,ntl,0.758852231502533,0.0239079807980424,0.7648703336715699,-0.0060181021690368
melbourne,Melbourne,Australia,city,2,pm25,0.8044389724731446,0.0309672968920373,0.7961736559867859,0.0082653164863586
melbourne,Melbourne,Australia,city,2,lst,0.8505237460136413,0.0211672318883753,0.8441975474357605,0.0063261985778808
melbourne,Melbourne,Australia,city,5,gdp,0.7933590412139893,0.100039446416077,0.7714314699172974,0.0219275712966918
melbourne,Melbourne,Australia,city,5,pop,0.533354890346527,0.0987803028708171,0.5218629121780396,0.0114919781684874
melbourne,Melbourne,Australia,city,5,ntl,0.7606881618499756,0.0299987674530821,0.7648703336715699,-0.0041821718215943
melbourne,Melbourne,Australia,city,5,pm25,0.8429515957832336,0.0226341738177394,0.7961736559867859,0.0467779397964477
melbourne,Melbourne,Australia,city,5,lst,0.8565279483795166,0.0222655385691354,0.8441975474357605,0.0123304009437561
melbourne,Melbourne,Australia,city,10,gdp,0.8023685693740845,0.0871840534951614,0.7714314699172974,0.0309370994567871
melbourne,Melbourne,Australia,city,10,pop,0.5335299491882324,0.0915326427539361,0.5218629121780396,0.0116670370101927
melbourne,Melbourne,Australia,city,10,ntl,0.7748810410499573,0.0183643985908626,0.7648703336715699,0.0100107073783873
melbourne,Melbourne,Australia,city,10,pm25,0.853794002532959,0.0259387366345101,0.7961736559867859,0.057620346546173
melbourne,Melbourne,Australia,city,10,lst,0.8699311971664428,0.0223082426870842,0.8441975474357605,0.0257336497306823
melbourne,Melbourne,Australia,city,20,gdp,0.7985255479812622,0.0939739239619767,0.7714314699172974,0.0270940780639648
melbourne,Melbourne,Australia,city,20,pop,0.5375611662864686,0.0916140596044167,0.5218629121780396,0.0156982541084289
melbourne,Melbourne,Australia,city,20,ntl,0.7741623878479004,0.0266851713778786,0.7648703336715699,0.0092920541763305
melbourne,Melbourne,Australia,city,20,pm25,0.8684234261512757,0.0251929728629299,0.7961736559867859,0.0722497701644897
melbourne,Melbourne,Australia,city,20,lst,0.8762793421745301,0.0189279183042692,0.8441975474357605,0.0320817947387696
melbourne,Melbourne,Australia,city,40,gdp,0.8034605026245117,0.0869934011181799,0.7714314699172974,0.0320290327072143
melbourne,Melbourne,Australia,city,40,pop,0.5405034899711609,0.0860628718789136,0.5218629121780396,0.0186405777931213
melbourne,Melbourne,Australia,city,40,ntl,0.7681982398033143,0.0218164560839201,0.7648703336715699,0.0033279061317443
melbourne,Melbourne,Australia,city,40,pm25,0.873054027557373,0.0220285278950945,0.7961736559867859,0.0768803715705871
melbourne,Melbourne,Australia,city,40,lst,0.8748078346252441,0.0205346941028819,0.8441975474357605,0.0306102871894836
melbourne,Melbourne,Australia,city,60,gdp,0.8080425500869751,0.0829690083020852,0.7714314699172974,0.0366110801696777
melbourne,Melbourne,Australia,city,60,pop,0.5336261510848999,0.087163632498211,0.5218629121780396,0.0117632389068602
melbourne,Melbourne,Australia,city,60,ntl,0.7811541199684143,0.0157510019007244,0.7648703336715699,0.0162837862968444
melbourne,Melbourne,Australia,city,60,pm25,0.8751830339431763,0.0166440841986932,0.7961736559867859,0.0790093779563904
melbourne,Melbourne,Australia,city,60,lst,0.8837546467781067,0.0183316156448573,0.8441975474357605,0.0395570993423461
melbourne,Melbourne,Australia,city,80,gdp,0.8013905048370361,0.1006205023139668,0.7714314699172974,0.0299590349197387
melbourne,Melbourne,Australia,city,80,pop,0.5296647787094116,0.0825581865026145,0.5218629121780396,0.007801866531372
melbourne,Melbourne,Australia,city,80,ntl,0.7784080982208252,0.0227716492844813,0.7648703336715699,0.0135377645492553
melbourne,Melbourne,Australia,city,80,pm25,0.8775312542915344,0.0212715183911386,0.7961736559867859,0.0813575983047485
melbourne,Melbourne,Australia,city,80,lst,0.882608163356781,0.0198013771113771,0.8441975474357605,0.0384106159210205
melbourne,Melbourne,Australia,city,100,gdp,0.8006118297576904,0.0972905543610559,0.7714314699172974,0.029180359840393
melbourne,Melbourne,Australia,city,100,pop,0.536911129951477,0.0786493365566906,0.5218629121780396,0.0150482177734374
melbourne,Melbourne,Australia,city,100,ntl,0.7813714981079102,0.0182483324402859,0.7648703336715699,0.0165011644363403
melbourne,Melbourne,Australia,city,100,pm25,0.8764818429946899,0.0201386193137463,0.7961736559867859,0.0803081870079039
melbourne,Melbourne,Australia,city,100,lst,0.8856724858283996,0.0171194499069656,0.8441975474357605,0.0414749383926391
melbourne,Melbourne,Australia,country,1,gdp,0.8041341543197632,0.0964770699162683,0.7714314699172974,0.0327026844024658
melbourne,Melbourne,Australia,country,1,pop,0.5375953078269958,0.0854051328631669,0.5218629121780396,0.0157323956489562
melbourne,Melbourne,Australia,country,1,ntl,0.7708088994026184,0.0237455286927107,0.7648703336715699,0.0059385657310485
melbourne,Melbourne,Australia,country,1,pm25,0.8481032609939575,0.0236598599159477,0.7961736559867859,0.0519296050071715
melbourne,Melbourne,Australia,country,1,lst,0.8581414818763733,0.0251562394004029,0.8441975474357605,0.0139439344406128
melbourne,Melbourne,Australia,country,2,gdp,0.7976001381874085,0.1071166839965782,0.7714314699172974,0.0261686682701111
melbourne,Melbourne,Australia,country,2,pop,0.5386617422103882,0.0911224038950865,0.5218629121780396,0.0167988300323486
melbourne,Melbourne,Australia,country,2,ntl,0.7726659774780273,0.0207348062423964,0.7648703336715699,0.0077956438064574
melbourne,Melbourne,Australia,country,2,pm25,0.848204243183136,0.0305958834931051,0.7961736559867859,0.0520305871963501
melbourne,Melbourne,Australia,country,2,lst,0.8656749486923218,0.0247675590410816,0.8441975474357605,0.0214774012565612
melbourne,Melbourne,Australia,country,5,gdp,0.8038293242454528,0.0933966948569145,0.7714314699172974,0.0323978543281554
melbourne,Melbourne,Australia,country,5,pop,0.5350318074226379,0.095025782214179,0.5218629121780396,0.0131688952445983
melbourne,Melbourne,Australia,country,5,ntl,0.783526611328125,0.0146449819543904,0.7648703336715699,0.018656277656555
melbourne,Melbourne,Australia,country,5,pm25,0.8543285012245179,0.0269118370991453,0.7961736559867859,0.0581548452377319
melbourne,Melbourne,Australia,country,5,lst,0.8696199893951416,0.0217874230501787,0.8441975474357605,0.0254224419593811
melbourne,Melbourne,Australia,country,10,gdp,0.8098002552986145,0.1001205320289642,0.7714314699172974,0.0383687853813171
melbourne,Melbourne,Australia,country,10,pop,0.5324192523956299,0.0932591467969471,0.5218629121780396,0.0105563402175903
melbourne,Melbourne,Australia,country,10,ntl,0.779329776763916,0.0177835852474688,0.7648703336715699,0.0144594430923461
melbourne,Melbourne,Australia,country,10,pm25,0.8672772765159606,0.022921781216025,0.7961736559867859,0.0711036205291747
melbourne,Melbourne,Australia,country,10,lst,0.8787585735321045,0.0207878750250573,0.8441975474357605,0.034561026096344
melbourne,Melbourne,Australia,country,20,gdp,0.8026546955108642,0.0928113133315916,0.7714314699172974,0.0312232255935668
melbourne,Melbourne,Australia,country,20,pop,0.541024649143219,0.0823359754033075,0.5218629121780396,0.0191617369651794
melbourne,Melbourne,Australia,country,20,ntl,0.7864780426025391,0.0217122810942104,0.7648703336715699,0.0216077089309691
melbourne,Melbourne,Australia,country,20,pm25,0.8689303159713745,0.0274070747111495,0.7961736559867859,0.0727566599845885
melbourne,Melbourne,Australia,country,20,lst,0.8793612122535706,0.0223979105616008,0.8441975474357605,0.03516366481781
melbourne,Melbourne,Australia,country,40,gdp,0.8058231711387634,0.0879990147182999,0.7714314699172974,0.034391701221466
melbourne,Melbourne,Australia,country,40,pop,0.5460973262786866,0.0855413396928443,0.5218629121780396,0.0242344141006469
melbourne,Melbourne,Australia,country,40,ntl,0.7842738151550293,0.0168414698603483,0.7648703336715699,0.0194034814834593
melbourne,Melbourne,Australia,country,40,pm25,0.8802390933036804,0.016931782091354,0.7961736559867859,0.0840654373168945
melbourne,Melbourne,Australia,country,40,lst,0.8814117908477783,0.0204734745655268,0.8441975474357605,0.0372142434120178
melbourne,Melbourne,Australia,country,60,gdp,0.8171754121780396,0.0888577869683265,0.7714314699172974,0.0457439422607421
melbourne,Melbourne,Australia,country,60,pop,0.5433149218559266,0.0870617085920245,0.5218629121780396,0.0214520096778869
melbourne,Melbourne,Australia,country,60,ntl,0.7909567475318908,0.0248771877087254,0.7648703336715699,0.0260864138603209
melbourne,Melbourne,Australia,country,60,pm25,0.8803885698318481,0.0200551622872661,0.7961736559867859,0.0842149138450621
melbourne,Melbourne,Australia,country,60,lst,0.8894014954566956,0.0206050875326521,0.8441975474357605,0.045203948020935
melbourne,Melbourne,Australia,country,80,gdp,0.8051992416381836,0.1022542307002632,0.7714314699172974,0.0337677717208861
melbourne,Melbourne,Australia,country,80,pop,0.5445666313171387,0.0869216889051005,0.5218629121780396,0.022703719139099
melbourne,Melbourne,Australia,country,80,ntl,0.7869866132736206,0.0154918744356911,0.7648703336715699,0.0221162796020507
melbourne,Melbourne,Australia,country,80,pm25,0.8825425505638123,0.0302870087831965,0.7961736559867859,0.0863688945770263
melbourne,Melbourne,Australia,country,80,lst,0.8828642129898071,0.0198269011166327,0.8441975474357605,0.0386666655540466
melbourne,Melbourne,Australia,country,100,gdp,0.813857352733612,0.0893165981383191,0.7714314699172974,0.0424258828163146
melbourne,Melbourne,Australia,country,100,pop,0.5406633019447327,0.0882041819739147,0.5218629121780396,0.018800389766693
melbourne,Melbourne,Australia,country,100,ntl,0.7854307413101196,0.0147680769686944,0.7648703336715699,0.0205604076385497
melbourne,Melbourne,Australia,country,100,pm25,0.8838986396789551,0.0269216720522166,0.7961736559867859,0.0877249836921691
melbourne,Melbourne,Australia,country,100,lst,0.8878566145896911,0.0208869484925867,0.8441975474357605,0.0436590671539306
melbourne,Melbourne,Australia,country_loco,1,gdp,0.80377676486969,0.1029443098813425,0.7714314699172974,0.0323452949523925
melbourne,Melbourne,Australia,country_loco,1,pop,0.5372055411338806,0.0880136165026415,0.5218629121780396,0.015342628955841
melbourne,Melbourne,Australia,country_loco,1,ntl,0.7711811542510987,0.0277236120822063,0.7648703336715699,0.0063108205795288
melbourne,Melbourne,Australia,country_loco,1,pm25,0.84607914686203,0.0180972245755597,0.7961736559867859,0.049905490875244
melbourne,Melbourne,Australia,country_loco,1,lst,0.8560687303543091,0.0277120278516014,0.8441975474357605,0.0118711829185486
melbourne,Melbourne,Australia,country_loco,2,gdp,0.8049968600273132,0.1006793276594257,0.7714314699172974,0.0335653901100158
melbourne,Melbourne,Australia,country_loco,2,pop,0.5348864436149597,0.0942424696756958,0.5218629121780396,0.0130235314369201
melbourne,Melbourne,Australia,country_loco,2,ntl,0.7720323920249939,0.0247713882764371,0.7648703336715699,0.0071620583534239
melbourne,Melbourne,Australia,country_loco,2,pm25,0.8515051364898681,0.0262136263757051,0.7961736559867859,0.0553314805030822
melbourne,Melbourne,Australia,country_loco,2,lst,0.8632181763648987,0.0216907011886832,0.8441975474357605,0.0190206289291382
melbourne,Melbourne,Australia,country_loco,5,gdp,0.7963937520980835,0.1106918696276267,0.7714314699172974,0.0249622821807861
melbourne,Melbourne,Australia,country_loco,5,pop,0.5351304769515991,0.0900624447591534,0.5218629121780396,0.0132675647735595
melbourne,Melbourne,Australia,country_loco,5,ntl,0.7729644656181336,0.0204529303666103,0.7648703336715699,0.0080941319465637
melbourne,Melbourne,Australia,country_loco,5,pm25,0.8533100366592408,0.0286559721362415,0.7961736559867859,0.0571363806724548
melbourne,Melbourne,Australia,country_loco,5,lst,0.8727828025817871,0.0171427541935109,0.8441975474357605,0.0285852551460266
melbourne,Melbourne,Australia,country_loco,10,gdp,0.7948959589004516,0.1012633558420317,0.7714314699172974,0.0234644889831542
melbourne,Melbourne,Australia,country_loco,10,pop,0.539755916595459,0.0900047819327171,0.5218629121780396,0.0178930044174193
melbourne,Melbourne,Australia,country_loco,10,ntl,0.7793948292732239,0.0239402933226486,0.7648703336715699,0.014524495601654
melbourne,Melbourne,Australia,country_loco,10,pm25,0.8585837125778198,0.0289272980345602,0.7961736559867859,0.0624100565910339
melbourne,Melbourne,Australia,country_loco,10,lst,0.8734431028366089,0.0244813038669191,0.8441975474357605,0.0292455554008483
melbourne,Melbourne,Australia,country_loco,20,gdp,0.8027062058448792,0.1050178507054043,0.7714314699172974,0.0312747359275817
melbourne,Melbourne,Australia,country_loco,20,pop,0.528403902053833,0.093135659836195,0.5218629121780396,0.0065409898757934
melbourne,Melbourne,Australia,country_loco,20,ntl,0.7810934662818909,0.0161904845319538,0.7648703336715699,0.016223132610321
melbourne,Melbourne,Australia,country_loco,20,pm25,0.8672122240066529,0.0271531102765044,0.7961736559867859,0.0710385680198669
melbourne,Melbourne,Australia,country_loco,20,lst,0.8810830235481262,0.0229373999503446,0.8441975474357605,0.0368854761123657
melbourne,Melbourne,Australia,country_loco,40,gdp,0.8124003529548645,0.0927898425780873,0.7714314699172974,0.040968883037567
melbourne,Melbourne,Australia,country_loco,40,pop,0.5390590190887451,0.085046629936449,0.5218629121780396,0.0171961069107055
melbourne,Melbourne,Australia,country_loco,40,ntl,0.7862487077713013,0.0208965062280518,0.7648703336715699,0.0213783740997314
melbourne,Melbourne,Australia,country_loco,40,pm25,0.8749414205551147,0.0221609906635521,0.7961736559867859,0.0787677645683287
melbourne,Melbourne,Australia,country_loco,40,lst,0.8799665451049805,0.0225308513021744,0.8441975474357605,0.03576899766922
melbourne,Melbourne,Australia,country_loco,60,gdp,0.8087774634361267,0.0927784118130137,0.7714314699172974,0.0373459935188292
melbourne,Melbourne,Australia,country_loco,60,pop,0.5468892335891724,0.0856350782758032,0.5218629121780396,0.0250263214111328
melbourne,Melbourne,Australia,country_loco,60,ntl,0.7862619996070862,0.0257370719699403,0.7648703336715699,0.0213916659355163
melbourne,Melbourne,Australia,country_loco,60,pm25,0.8719210028648376,0.033482824393388,0.7961736559867859,0.0757473468780517
melbourne,Melbourne,Australia,country_loco,60,lst,0.8746638298034668,0.0248880057156181,0.8441975474357605,0.0304662823677063
melbourne,Melbourne,Australia,country_loco,80,gdp,0.8060869932174682,0.105882467425937,0.7714314699172974,0.0346555233001708
melbourne,Melbourne,Australia,country_loco,80,pop,0.5460691571235656,0.0825819793264225,0.5218629121780396,0.024206244945526
melbourne,Melbourne,Australia,country_loco,80,ntl,0.7869523882865905,0.0111311452090439,0.7648703336715699,0.0220820546150206
melbourne,Melbourne,Australia,country_loco,80,pm25,0.8780582666397094,0.0205462156641092,0.7961736559867859,0.0818846106529235
melbourne,Melbourne,Australia,country_loco,80,lst,0.8854848861694335,0.0181173717384996,0.8441975474357605,0.041287338733673
melbourne,Melbourne,Australia,country_loco,100,gdp,0.8043378472328186,0.091574675161521,0.7714314699172974,0.0329063773155212
melbourne,Melbourne,Australia,country_loco,100,pop,0.546644639968872,0.0840046889701048,0.5218629121780396,0.0247817277908324
melbourne,Melbourne,Australia,country_loco,100,ntl,0.7862218260765076,0.0108521539102093,0.7648703336715699,0.0213514924049377
melbourne,Melbourne,Australia,country_loco,100,pm25,0.8711831927299499,0.0284346056770958,0.7961736559867859,0.075009536743164
melbourne,Melbourne,Australia,country_loco,100,lst,0.8895853996276856,0.0175599134407961,0.8441975474357605,0.045387852191925
montreal,Montreal,Canada,city,1,gdp,0.8469737768173218,0.0325922563366767,0.8344319939613343,0.0125417828559875
montreal,Montreal,Canada,city,1,pop,0.7725826144218445,0.016839309877168,0.7864136219024658,-0.0138310074806212
montreal,Montreal,Canada,city,1,ntl,0.6770004630088806,0.0533965350059994,0.6908289074897767,-0.013828444480896
montreal,Montreal,Canada,city,1,pm25,0.5727546215057373,0.0312269222864252,0.6027352809906006,-0.0299806594848632
montreal,Montreal,Canada,city,1,lst,0.4854129195213318,0.0438816305392779,0.5054529428482055,-0.0200400233268737
montreal,Montreal,Canada,city,2,gdp,0.8492948174476623,0.0245035044461405,0.8344319939613343,0.014862823486328
montreal,Montreal,Canada,city,2,pop,0.775588846206665,0.0154708853982857,0.7864136219024658,-0.0108247756958007
montreal,Montreal,Canada,city,2,ntl,0.679944884777069,0.0408557074614887,0.6908289074897767,-0.0108840227127076
montreal,Montreal,Canada,city,2,pm25,0.6204935073852539,0.039187953979504,0.6027352809906006,0.0177582263946532
montreal,Montreal,Canada,city,2,lst,0.5296064853668213,0.0266444781361061,0.5054529428482055,0.0241535425186157
montreal,Montreal,Canada,city,5,gdp,0.8693913698196412,0.0258351624405484,0.8344319939613343,0.0349593758583068
montreal,Montreal,Canada,city,5,pop,0.7908756971359253,0.0103925155363249,0.7864136219024658,0.0044620752334595
montreal,Montreal,Canada,city,5,ntl,0.702934718132019,0.0391784906776936,0.6908289074897767,0.0121058106422423
montreal,Montreal,Canada,city,5,pm25,0.6619917035102845,0.0383414688314659,0.6027352809906006,0.0592564225196838
montreal,Montreal,Canada,city,5,lst,0.531737208366394,0.0379889919682313,0.5054529428482055,0.0262842655181885
montreal,Montreal,Canada,city,10,gdp,0.8812260746955871,0.0261117279986243,0.8344319939613343,0.0467940807342528
montreal,Montreal,Canada,city,10,pop,0.7958208918571472,0.0111770995609887,0.7864136219024658,0.0094072699546814
montreal,Montreal,Canada,city,10,ntl,0.7110192775726318,0.0439345733276964,0.6908289074897767,0.0201903700828551
montreal,Montreal,Canada,city,10,pm25,0.6857411623001098,0.021238062259687,0.6027352809906006,0.0830058813095092
montreal,Montreal,Canada,city,10,lst,0.575098180770874,0.0340412002077463,0.5054529428482055,0.0696452379226685
montreal,Montreal,Canada,city,20,gdp,0.8769625306129456,0.0210822534489444,0.8344319939613343,0.0425305366516113
montreal,Montreal,Canada,city,20,pop,0.7966985702514648,0.00689468010841,0.7864136219024658,0.010284948348999
montreal,Montreal,Canada,city,20,ntl,0.7167327761650085,0.037304782949483,0.6908289074897767,0.0259038686752318
montreal,Montreal,Canada,city,20,pm25,0.6944774866104126,0.0251213043641693,0.6027352809906006,0.091742205619812
montreal,Montreal,Canada,city,20,lst,0.576544725894928,0.0276483254237956,0.5054529428482055,0.0710917830467224
montreal,Montreal,Canada,city,40,gdp,0.8800577521324158,0.024614724153698,0.8344319939613343,0.0456257581710815
montreal,Montreal,Canada,city,40,pop,0.7988761782646179,0.0107224976118544,0.7864136219024658,0.0124625563621521
montreal,Montreal,Canada,city,40,ntl,0.7233461022377015,0.0387472484555996,0.6908289074897767,0.0325171947479248
montreal,Montreal,Canada,city,40,pm25,0.7045848131179809,0.0353490557292418,0.6027352809906006,0.1018495321273803
montreal,Montreal,Canada,city,40,lst,0.5953415751457214,0.0138219795532688,0.5054529428482055,0.0898886322975158
montreal,Montreal,Canada,city,60,gdp,0.8784154772758483,0.0282162446912903,0.8344319939613343,0.043983483314514
montreal,Montreal,Canada,city,60,pop,0.8022132635116577,0.0108378923555548,0.7864136219024658,0.0157996416091918
montreal,Montreal,Canada,city,60,ntl,0.7294814467430115,0.0434762119998126,0.6908289074897767,0.0386525392532348
montreal,Montreal,Canada,city,60,pm25,0.7252857208251953,0.0351919108764682,0.6027352809906006,0.1225504398345946
montreal,Montreal,Canada,city,60,lst,0.6244316935539246,0.0095583287737813,0.5054529428482055,0.118978750705719
montreal,Montreal,Canada,city,80,gdp,0.8802569270133972,0.0262090271180835,0.8344319939613343,0.0458249330520629
montreal,Montreal,Canada,city,80,pop,0.8039968729019165,0.010183869075786,0.7864136219024658,0.0175832509994506
montreal,Montreal,Canada,city,80,ntl,0.7380367040634155,0.0352969456246577,0.6908289074897767,0.0472077965736388
montreal,Montreal,Canada,city,80,pm25,0.7425273060798645,0.0381438387731822,0.6027352809906006,0.1397920250892639
montreal,Montreal,Canada,city,80,lst,0.6233317852020264,0.0150350190489143,0.5054529428482055,0.1178788423538208
montreal,Montreal,Canada,city,100,gdp,0.8745483875274658,0.0282388206786393,0.8344319939613343,0.0401163935661315
montreal,Montreal,Canada,city,100,pop,0.8022827982902527,0.0111503260911873,0.7864136219024658,0.0158691763877869
montreal,Montreal,Canada,city,100,ntl,0.7322775006294251,0.034732242435448,0.6908289074897767,0.0414485931396484
montreal,Montreal,Canada,city,100,pm25,0.7315817475318909,0.0362931108874135,0.6027352809906006,0.1288464665412902
montreal,Montreal,Canada,city,100,lst,0.6188866257667541,0.0173374913206798,0.5054529428482055,0.1134336829185486
montreal,Montreal,Canada,country,1,gdp,0.8560328841209411,0.0267063919093543,0.8344319939613343,0.0216008901596068
montreal,Montreal,Canada,country,1,pop,0.786459994316101,0.0096611228401385,0.7864136219024658,4.637241363525391e-05
montreal,Montreal,Canada,country,1,ntl,0.7044965147972106,0.0303424888189004,0.6908289074897767,0.0136676073074339
montreal,Montreal,Canada,country,1,pm25,0.6700015783309936,0.04328748757225,0.6027352809906006,0.067266297340393
montreal,Montreal,Canada,country,1,lst,0.5502485513687134,0.0406891854076331,0.5054529428482055,0.0447956085205079
montreal,Montreal,Canada,country,2,gdp,0.8621594190597535,0.0334051924405369,0.8344319939613343,0.0277274250984191
montreal,Montreal,Canada,country,2,pop,0.7913859963417054,0.0120373715062031,0.7864136219024658,0.0049723744392395
montreal,Montreal,Canada,country,2,ntl,0.7116541266441345,0.0418556978836102,0.6908289074897767,0.0208252191543578
montreal,Montreal,Canada,country,2,pm25,0.690982973575592,0.0417636475149501,0.6027352809906006,0.0882476925849914
montreal,Montreal,Canada,country,2,lst,0.5716145396232605,0.0386107825628531,0.5054529428482055,0.0661615967750549
montreal,Montreal,Canada,country,5,gdp,0.8721258401870727,0.0256474740897248,0.8344319939613343,0.0376938462257384
montreal,Montreal,Canada,country,5,pop,0.7945641160011292,0.0106932551399471,0.7864136219024658,0.0081504940986634
montreal,Montreal,Canada,country,5,ntl,0.7184241533279419,0.0483858476799047,0.6908289074897767,0.0275952458381651
montreal,Montreal,Canada,country,5,pm25,0.6990198969841004,0.0556431490048017,0.6027352809906006,0.0962846159934998
montreal,Montreal,Canada,country,5,lst,0.5837772130966187,0.0390054218933567,0.5054529428482055,0.0783242702484131
montreal,Montreal,Canada,country,10,gdp,0.8692533612251282,0.0320325780018417,0.8344319939613343,0.0348213672637939
montreal,Montreal,Canada,country,10,pop,0.7984082460403442,0.0120818635800462,0.7864136219024658,0.0119946241378784
montreal,Montreal,Canada,country,10,ntl,0.7298792719841003,0.0458507563503899,0.6908289074897767,0.0390503644943236
montreal,Montreal,Canada,country,10,pm25,0.7243305802345276,0.0456062044570756,0.6027352809906006,0.1215952992439269
montreal,Montreal,Canada,country,10,lst,0.615083110332489,0.0187962908771724,0.5054529428482055,0.1096301674842834
montreal,Montreal,Canada,country,20,gdp,0.8708927392959595,0.0250214468651656,0.8344319939613343,0.0364607453346251
montreal,Montreal,Canada,country,20,pop,0.801238477230072,0.0116005122008517,0.7864136219024658,0.0148248553276062
montreal,Montreal,Canada,country,20,ntl,0.7292170524597168,0.047281507020254,0.6908289074897767,0.0383881449699401
montreal,Montreal,Canada,country,20,pm25,0.722443962097168,0.0535494881647578,0.6027352809906006,0.1197086811065674
montreal,Montreal,Canada,country,20,lst,0.614660918712616,0.0339951628868912,0.5054529428482055,0.1092079758644104
montreal,Montreal,Canada,country,40,gdp,0.8706117510795593,0.0290459292508869,0.8344319939613343,0.036179757118225
montreal,Montreal,Canada,country,40,pop,0.8038137912750244,0.0117653670309719,0.7864136219024658,0.0174001693725586
montreal,Montreal,Canada,country,40,ntl,0.7364506244659423,0.0410454487631343,0.6908289074897767,0.0456217169761656
montreal,Montreal,Canada,country,40,pm25,0.7582661628723144,0.0357213744319992,0.6027352809906006,0.1555308818817138
montreal,Montreal,Canada,country,40,lst,0.6261214852333069,0.0325360746891839,0.5054529428482055,0.1206685423851013
montreal,Montreal,Canada,country,60,gdp,0.874973464012146,0.0269608445605634,0.8344319939613343,0.0405414700508117
montreal,Montreal,Canada,country,60,pop,0.8032406449317933,0.0111936958042612,0.7864136219024658,0.0168270230293274
montreal,Montreal,Canada,country,60,ntl,0.7347319960594177,0.0399483793477452,0.6908289074897767,0.043903088569641
montreal,Montreal,Canada,country,60,pm25,0.7515206217765809,0.0429454059708068,0.6027352809906006,0.1487853407859802
montreal,Montreal,Canada,country,60,lst,0.6332846641540527,0.0355445662304671,0.5054529428482055,0.1278317213058472
montreal,Montreal,Canada,country,80,gdp,0.8737081527709961,0.0352462640806722,0.8344319939613343,0.0392761588096618
montreal,Montreal,Canada,country,80,pop,0.8030802726745605,0.0107845070721542,0.7864136219024658,0.0166666507720947
montreal,Montreal,Canada,country,80,ntl,0.7356546640396118,0.0387510925463542,0.6908289074897767,0.0448257565498351
montreal,Montreal,Canada,country,80,pm25,0.7555705308914185,0.0418236716669099,0.6027352809906006,0.1528352499008178
montreal,Montreal,Canada,country,80,lst,0.6276175141334533,0.0454100180566192,0.5054529428482055,0.1221645712852478
montreal,Montreal,Canada,country,100,gdp,0.8818534731864929,0.0273609638342048,0.8344319939613343,0.0474214792251586
montreal,Montreal,Canada,country,100,pop,0.808170223236084,0.0098777935541492,0.7864136219024658,0.0217566013336182
montreal,Montreal,Canada,country,100,ntl,0.7343526601791381,0.0401848104839719,0.6908289074897767,0.0435237526893614
montreal,Montreal,Canada,country,100,pm25,0.7608615040779114,0.0458297422044083,0.6027352809906006,0.1581262230873108
montreal,Montreal,Canada,country,100,lst,0.6313580513000489,0.024485769105288,0.5054529428482055,0.1259051084518433
montreal,Montreal,Canada,country_loco,1,gdp,0.862071979045868,0.0256039554425207,0.8344319939613343,0.0276399850845336
montreal,Montreal,Canada,country_loco,1,pop,0.7853523373603821,0.0102185554340912,0.7864136219024658,-0.0010612845420836
montreal,Montreal,Canada,country_loco,1,ntl,0.7066713809967041,0.0397003188173169,0.6908289074897767,0.0158424735069274
montreal,Montreal,Canada,country_loco,1,pm25,0.6664384126663208,0.0413669501836456,0.6027352809906006,0.0637031316757201
montreal,Montreal,Canada,country_loco,1,lst,0.550618052482605,0.0420949198809591,0.5054529428482055,0.0451651096343994
montreal,Montreal,Canada,country_loco,2,gdp,0.8673514604568482,0.0279794100588476,0.8344319939613343,0.0329194664955139
montreal,Montreal,Canada,country_loco,2,pop,0.7908371925354004,0.0103480385456955,0.7864136219024658,0.0044235706329346
montreal,Montreal,Canada,country_loco,2,ntl,0.7091167330741882,0.0439088911125844,0.6908289074897767,0.0182878255844115
montreal,Montreal,Canada,country_loco,2,pm25,0.6803924441337585,0.0570351958214656,0.6027352809906006,0.0776571631431579
montreal,Montreal,Canada,country_loco,2,lst,0.5657724142074585,0.0343261324853564,0.5054529428482055,0.0603194713592529
montreal,Montreal,Canada,country_loco,5,gdp,0.8661796689033509,0.0322859959123972,0.8344319939613343,0.0317476749420165
montreal,Montreal,Canada,country_loco,5,pop,0.7952014684677124,0.0109011942889868,0.7864136219024658,0.0087878465652466
montreal,Montreal,Canada,country_loco,5,ntl,0.7064672112464905,0.0423293243400581,0.6908289074897767,0.0156383037567138
montreal,Montreal,Canada,country_loco,5,pm25,0.7083821058273315,0.0467234149989985,0.6027352809906006,0.1056468248367309
montreal,Montreal,Canada,country_loco,5,lst,0.5658768892288208,0.0260052234686222,0.5054529428482055,0.0604239463806153
montreal,Montreal,Canada,country_loco,10,gdp,0.8623995423316956,0.031185045521434,0.8344319939613343,0.0279675483703613
montreal,Montreal,Canada,country_loco,10,pop,0.7949337601661682,0.0150866308118616,0.7864136219024658,0.0085201382637024
montreal,Montreal,Canada,country_loco,10,ntl,0.7157116174697876,0.04562804253299,0.6908289074897767,0.0248827099800109
montreal,Montreal,Canada,country_loco,10,pm25,0.7188874840736389,0.0465283265581841,0.6027352809906006,0.1161522030830383
montreal,Montreal,Canada,country_loco,10,lst,0.5731791257858276,0.0289529452365919,0.5054529428482055,0.0677261829376221
montreal,Montreal,Canada,country_loco,20,gdp,0.8631226420402527,0.0291266157692302,0.8344319939613343,0.0286906480789184
montreal,Montreal,Canada,country_loco,20,pop,0.8010900020599365,0.0096074734040198,0.7864136219024658,0.0146763801574707
montreal,Montreal,Canada,country_loco,20,ntl,0.7199202299118042,0.0443406039421241,0.6908289074897767,0.0290913224220275
montreal,Montreal,Canada,country_loco,20,pm25,0.7371465563774109,0.0403301127445822,0.6027352809906006,0.1344112753868103
montreal,Montreal,Canada,country_loco,20,lst,0.5928387999534607,0.0315255809971847,0.5054529428482055,0.0873858571052551
montreal,Montreal,Canada,country_loco,40,gdp,0.8675052046775817,0.0314373148835343,0.8344319939613343,0.0330732107162474
montreal,Montreal,Canada,country_loco,40,pop,0.8033190846443177,0.0117572761037026,0.7864136219024658,0.0169054627418518
montreal,Montreal,Canada,country_loco,40,ntl,0.7342856287956238,0.0455345603228915,0.6908289074897767,0.0434567213058471
montreal,Montreal,Canada,country_loco,40,pm25,0.7352858543395996,0.0473002161686629,0.6027352809906006,0.132550573348999
montreal,Montreal,Canada,country_loco,40,lst,0.616107451915741,0.0413664149238708,0.5054529428482055,0.1106545090675354
montreal,Montreal,Canada,country_loco,60,gdp,0.8719748377799987,0.0285905174933042,0.8344319939613343,0.0375428438186644
montreal,Montreal,Canada,country_loco,60,pop,0.8029628872871399,0.0103339593146109,0.7864136219024658,0.0165492653846741
montreal,Montreal,Canada,country_loco,60,ntl,0.7253016114234925,0.0499542650616636,0.6908289074897767,0.0344727039337158
montreal,Montreal,Canada,country_loco,60,pm25,0.7415226817131042,0.0390471087482826,0.6027352809906006,0.1387874007225036
montreal,Montreal,Canada,country_loco,60,lst,0.6254390239715576,0.0434575878315557,0.5054529428482055,0.119986081123352
montreal,Montreal,Canada,country_loco,80,gdp,0.8719677448272705,0.0281561724419156,0.8344319939613343,0.0375357508659361
montreal,Montreal,Canada,country_loco,80,pop,0.8036994576454163,0.0108496912799299,0.7864136219024658,0.0172858357429505
montreal,Montreal,Canada,country_loco,80,ntl,0.7317634701728821,0.0463317482532199,0.6908289074897767,0.0409345626831054
montreal,Montreal,Canada,country_loco,80,pm25,0.7513954520225525,0.0365384362927733,0.6027352809906006,0.1486601710319519
montreal,Montreal,Canada,country_loco,80,lst,0.6378139138221741,0.0410206016032536,0.5054529428482055,0.1323609709739686
montreal,Montreal,Canada,country_loco,100,gdp,0.8717647075653077,0.0276335189378058,0.8344319939613343,0.0373327136039733
montreal,Montreal,Canada,country_loco,100,pop,0.8027564644813537,0.0117615942590024,0.7864136219024658,0.0163428425788879
montreal,Montreal,Canada,country_loco,100,ntl,0.7356456756591797,0.048166930789253,0.6908289074897767,0.044816768169403
montreal,Montreal,Canada,country_loco,100,pm25,0.7426239728927613,0.0519710137021003,0.6027352809906006,0.1398886919021607
montreal,Montreal,Canada,country_loco,100,lst,0.6228573322296143,0.045588139698809,0.5054529428482055,0.1174043893814087
mumbai,Mumbai,India,city,1,gdp,0.8475608110427857,0.0137766306710159,0.8477168917655945,-0.0001560807228088
mumbai,Mumbai,India,city,1,pop,0.8393264293670655,0.0075262669720026,0.844646668434143,-0.0053202390670775
mumbai,Mumbai,India,city,1,ntl,0.8337025284767151,0.0242986211902355,0.8521237134933471,-0.018421185016632
mumbai,Mumbai,India,city,1,pm25,0.4294934749603271,0.0286406139234177,0.4581387996673584,-0.0286453247070312
mumbai,Mumbai,India,city,1,lst,0.7484160304069519,0.0179563694532051,0.7870760679244995,-0.0386600375175475
mumbai,Mumbai,India,city,2,gdp,0.8630754828453064,0.0147047834293816,0.8477168917655945,0.0153585910797119
mumbai,Mumbai,India,city,2,pop,0.8409868240356445,0.0066358868813714,0.844646668434143,-0.0036598443984985
mumbai,Mumbai,India,city,2,ntl,0.844993245601654,0.0121466887231116,0.8521237134933471,-0.0071304678916931
mumbai,Mumbai,India,city,2,pm25,0.5071678876876831,0.0303717900805188,0.4581387996673584,0.0490290880203246
mumbai,Mumbai,India,city,2,lst,0.7502843260765075,0.0289504576384012,0.7870760679244995,-0.0367917418479919
mumbai,Mumbai,India,city,5,gdp,0.8870039463043213,0.0182040131608198,0.8477168917655945,0.0392870545387268
mumbai,Mumbai,India,city,5,pop,0.8426554441452027,0.0056063058866144,0.844646668434143,-0.0019912242889403
mumbai,Mumbai,India,city,5,ntl,0.867474889755249,0.0151600598871029,0.8521237134933471,0.0153511762619018
mumbai,Mumbai,India,city,5,pm25,0.5659417629241943,0.0249240570929852,0.4581387996673584,0.1078029632568359
mumbai,Mumbai,India,city,5,lst,0.8037210583686829,0.0077221951887218,0.7870760679244995,0.0166449904441834
mumbai,Mumbai,India,city,10,gdp,0.8911226391792297,0.0181328842342596,0.8477168917655945,0.0434057474136352
mumbai,Mumbai,India,city,10,pop,0.8429981708526612,0.0051674957823678,0.844646668434143,-0.0016484975814818
mumbai,Mumbai,India,city,10,ntl,0.8691565036773682,0.0144659322038608,0.8521237134933471,0.017032790184021
mumbai,Mumbai,India,city,10,pm25,0.569023585319519,0.0117285347905313,0.4581387996673584,0.1108847856521606
mumbai,Mumbai,India,city,10,lst,0.8238808393478394,0.008771849762173,0.7870760679244995,0.0368047714233399
mumbai,Mumbai,India,city,20,gdp,0.8912726402282715,0.0262984953136388,0.8477168917655945,0.0435557484626769
mumbai,Mumbai,India,city,20,pop,0.8427110314369202,0.0051751602059689,0.844646668434143,-0.0019356369972228
mumbai,Mumbai,India,city,20,ntl,0.8726297736167907,0.0150488477260141,0.8521237134933471,0.0205060601234435
mumbai,Mumbai,India,city,20,pm25,0.5848176717758179,0.0255132205738117,0.4581387996673584,0.1266788721084595
mumbai,Mumbai,India,city,20,lst,0.8350736260414123,0.0079474934790188,0.7870760679244995,0.0479975581169128
mumbai,Mumbai,India,city,40,gdp,0.8988845348358154,0.0247201441566941,0.8477168917655945,0.0511676430702209
mumbai,Mumbai,India,city,40,pop,0.8431715369224548,0.0040950003802854,0.844646668434143,-0.0014751315116882
mumbai,Mumbai,India,city,40,ntl,0.8758061051368713,0.0127354529332144,0.8521237134933471,0.0236823916435241
mumbai,Mumbai,India,city,40,pm25,0.5903578877449036,0.0421627627365624,0.4581387996673584,0.1322190880775452
mumbai,Mumbai,India,city,40,lst,0.8384546518325806,0.0093004143758529,0.7870760679244995,0.0513785839080811
mumbai,Mumbai,India,city,60,gdp,0.895981240272522,0.0253568022551987,0.8477168917655945,0.0482643485069275
mumbai,Mumbai,India,city,60,pop,0.8419358372688294,0.0068893271558528,0.844646668434143,-0.0027108311653136
mumbai,Mumbai,India,city,60,ntl,0.8766025900840759,0.0103291171278283,0.8521237134933471,0.0244788765907287
mumbai,Mumbai,India,city,60,pm25,0.5874975562095642,0.0313724149094612,0.4581387996673584,0.1293587565422058
mumbai,Mumbai,India,city,60,lst,0.8325283527374268,0.0128533816455082,0.7870760679244995,0.0454522848129272
mumbai,Mumbai,India,city,80,gdp,0.9053773403167724,0.0166525905368831,0.8477168917655945,0.0576604485511779
mumbai,Mumbai,India,city,80,pop,0.8425594449043274,0.0049640883389638,0.844646668434143,-0.0020872235298156
mumbai,Mumbai,India,city,80,ntl,0.8752542972564697,0.0152826880915139,0.8521237134933471,0.0231305837631226
mumbai,Mumbai,India,city,80,pm25,0.6062395453453064,0.0300047177656586,0.4581387996673584,0.148100745677948
mumbai,Mumbai,India,city,80,lst,0.8323896050453186,0.012834538514534,0.7870760679244995,0.045313537120819
mumbai,Mumbai,India,city,100,gdp,0.9038450956344604,0.0142350770483386,0.8477168917655945,0.0561282038688658
mumbai,Mumbai,India,city,100,pop,0.8447449922561645,0.0047656474668269,0.844646668434143,9.832382202146216e-05
mumbai,Mumbai,India,city,100,ntl,0.8801453351974488,0.0096866198895781,0.8521237134933471,0.0280216217041016
mumbai,Mumbai,India,city,100,pm25,0.610781991481781,0.0264560122465511,0.4581387996673584,0.1526431918144226
mumbai,Mumbai,India,city,100,lst,0.8347530722618103,0.0116108512301308,0.7870760679244995,0.0476770043373108
mumbai,Mumbai,India,country,1,gdp,0.885720956325531,0.0188987630935259,0.8477168917655945,0.0380040645599365
mumbai,Mumbai,India,country,1,pop,0.8432689309120178,0.0058202862888378,0.844646668434143,-0.0013777375221252
mumbai,Mumbai,India,country,1,ntl,0.8630975604057312,0.0157308887025684,0.8521237134933471,0.010973846912384
mumbai,Mumbai,India,country,1,pm25,0.5530414342880249,0.0330767310544756,0.4581387996673584,0.0949026346206665
mumbai,Mumbai,India,country,1,lst,0.8067183494567871,0.0134709358362309,0.7870760679244995,0.0196422815322876
mumbai,Mumbai,India,country,2,gdp,0.8876754641532898,0.021152841029072,0.8477168917655945,0.0399585723876952
mumbai,Mumbai,India,country,2,pop,0.8426532864570617,0.0055925311415466,0.844646668434143,-0.0019933819770813
mumbai,Mumbai,India,country,2,ntl,0.8602554798126221,0.0149441876576501,0.8521237134933471,0.0081317663192749
mumbai,Mumbai,India,country,2,pm25,0.5509229183197022,0.0164954285654242,0.4581387996673584,0.0927841186523438
mumbai,Mumbai,India,country,2,lst,0.8127361059188842,0.0141647728052441,0.7870760679244995,0.0256600379943847
mumbai,Mumbai,India,country,5,gdp,0.8906200885772705,0.019172804879117,0.8477168917655945,0.0429031968116759
mumbai,Mumbai,India,country,5,pop,0.8433213829994202,0.004983104405057,0.844646668434143,-0.0013252854347228
mumbai,Mumbai,India,country,5,ntl,0.8730826854705811,0.014481675992572,0.8521237134933471,0.0209589719772339
mumbai,Mumbai,India,country,5,pm25,0.5556862831115723,0.0264734702132116,0.4581387996673584,0.0975474834442139
mumbai,Mumbai,India,country,5,lst,0.8179555416107178,0.0068459432754752,0.7870760679244995,0.0308794736862183
mumbai,Mumbai,India,country,10,gdp,0.8901677131652832,0.0177570077945917,0.8477168917655945,0.0424508213996887
mumbai,Mumbai,India,country,10,pop,0.8440481305122376,0.0047137189870191,0.844646668434143,-0.0005985379219054
mumbai,Mumbai,India,country,10,ntl,0.8630383849143982,0.0176975600972531,0.8521237134933471,0.010914671421051
mumbai,Mumbai,India,country,10,pm25,0.5442397832870484,0.0255025263340157,0.4581387996673584,0.0861009836196899
mumbai,Mumbai,India,country,10,lst,0.8253815412521363,0.0159605887513291,0.7870760679244995,0.0383054733276367
mumbai,Mumbai,India,country,20,gdp,0.8983584761619567,0.0256599646396221,0.8477168917655945,0.0506415843963622
mumbai,Mumbai,India,country,20,pop,0.8436609745025635,0.0047541385629878,0.844646668434143,-0.0009856939315795
mumbai,Mumbai,India,country,20,ntl,0.8737011551856995,0.0196656267904074,0.8521237134933471,0.0215774416923523
mumbai,Mumbai,India,country,20,pm25,0.5545112729072571,0.0355862377841796,0.4581387996673584,0.0963724732398987
mumbai,Mumbai,India,country,20,lst,0.8308459877967834,0.0110556804307745,0.7870760679244995,0.0437699198722839
mumbai,Mumbai,India,country,40,gdp,0.9010049104690552,0.021684982005681,0.8477168917655945,0.0532880187034606
mumbai,Mumbai,India,country,40,pop,0.8445669293403626,0.0049375269495532,0.844646668434143,-7.973909378045096e-05
mumbai,Mumbai,India,country,40,ntl,0.8763242602348328,0.0107381497201749,0.8521237134933471,0.0242005467414856
mumbai,Mumbai,India,country,40,pm25,0.5747522234916687,0.0343872812550623,0.4581387996673584,0.1166134238243102
mumbai,Mumbai,India,country,40,lst,0.8273351430892945,0.0081580397945802,0.7870760679244995,0.0402590751647949
mumbai,Mumbai,India,country,60,gdp,0.898755156993866,0.0207202164435646,0.8477168917655945,0.0510382652282714
mumbai,Mumbai,India,country,60,pop,0.844455075263977,0.0045430828510965,0.844646668434143,-0.000191593170166
mumbai,Mumbai,India,country,60,ntl,0.8774252533912659,0.0115872507859291,0.8521237134933471,0.0253015398979187
mumbai,Mumbai,India,country,60,pm25,0.5876680016517639,0.0337382990097004,0.4581387996673584,0.1295292019844055
mumbai,Mumbai,India,country,60,lst,0.834274685382843,0.0127487697945601,0.7870760679244995,0.0471986174583435
mumbai,Mumbai,India,country,80,gdp,0.907204806804657,0.0204596996161737,0.8477168917655945,0.0594879150390624
mumbai,Mumbai,India,country,80,pop,0.8444587707519531,0.0044446444152766,0.844646668434143,-0.0001878976821899
mumbai,Mumbai,India,country,80,ntl,0.8776528716087342,0.0119251691920891,0.8521237134933471,0.025529158115387
mumbai,Mumbai,India,country,80,pm25,0.5933109402656556,0.0248816973906147,0.4581387996673584,0.1351721405982971
mumbai,Mumbai,India,country,80,lst,0.836470878124237,0.0099904084579842,0.7870760679244995,0.0493948101997375
mumbai,Mumbai,India,country,100,gdp,0.9029369711875916,0.0195608555437318,0.8477168917655945,0.0552200794219971
mumbai,Mumbai,India,country,100,pop,0.8450460195541382,0.005420975712496,0.844646668434143,0.0003993511199951
mumbai,Mumbai,India,country,100,ntl,0.8822615027427674,0.0119626465552191,0.8521237134933471,0.0301377892494202
mumbai,Mumbai,India,country,100,pm25,0.5703817844390869,0.0382161712498058,0.4581387996673584,0.1122429847717285
mumbai,Mumbai,India,country,100,lst,0.8402721405029296,0.0115631047617607,0.7870760679244995,0.0531960725784301
mumbai,Mumbai,India,country_loco,1,gdp,0.8804689168930053,0.0156754297770611,0.8477168917655945,0.0327520251274108
mumbai,Mumbai,India,country_loco,1,pop,0.8430465936660767,0.0056582975438335,0.844646668434143,-0.0016000747680663
mumbai,Mumbai,India,country_loco,1,ntl,0.8607681155204773,0.0164258424603658,0.8521237134933471,0.0086444020271301
mumbai,Mumbai,India,country_loco,1,pm25,0.5392610907554627,0.0341693504945039,0.4581387996673584,0.0811222910881043
mumbai,Mumbai,India,country_loco,1,lst,0.8005945801734924,0.0159143249383539,0.7870760679244995,0.0135185122489929
mumbai,Mumbai,India,country_loco,2,gdp,0.8836068153381348,0.0182501544454566,0.8477168917655945,0.0358899235725402
mumbai,Mumbai,India,country_loco,2,pop,0.8433039665222168,0.0051481399146711,0.844646668434143,-0.0013427019119262
mumbai,Mumbai,India,country_loco,2,ntl,0.8607289314270019,0.0130201981594497,0.8521237134933471,0.0086052179336547
mumbai,Mumbai,India,country_loco,2,pm25,0.5416440725326538,0.0284493562543445,0.4581387996673584,0.0835052728652954
mumbai,Mumbai,India,country_loco,2,lst,0.8152137517929077,0.016143321195754,0.7870760679244995,0.0281376838684082
mumbai,Mumbai,India,country_loco,5,gdp,0.8855808258056641,0.0216959644505867,0.8477168917655945,0.0378639340400696
mumbai,Mumbai,India,country_loco,5,pop,0.8433303475379944,0.0059743890527036,0.844646668434143,-0.0013163208961486
mumbai,Mumbai,India,country_loco,5,ntl,0.8644416928291321,0.0148236872088586,0.8521237134933471,0.0123179793357849
mumbai,Mumbai,India,country_loco,5,pm25,0.5517823815345764,0.0284194693184976,0.4581387996673584,0.093643581867218
mumbai,Mumbai,India,country_loco,5,lst,0.8066514611244202,0.0129070178429962,0.7870760679244995,0.0195753931999207
mumbai,Mumbai,India,country_loco,10,gdp,0.8868444323539734,0.0236402397243422,0.8477168917655945,0.0391275405883788
mumbai,Mumbai,India,country_loco,10,pop,0.8438101291656495,0.006389511091381,0.844646668434143,-0.0008365392684935
mumbai,Mumbai,India,country_loco,10,ntl,0.8702393889427185,0.0147176593928177,0.8521237134933471,0.0181156754493713
mumbai,Mumbai,India,country_loco,10,pm25,0.5365564823150635,0.0246083088873754,0.4581387996673584,0.0784176826477051
mumbai,Mumbai,India,country_loco,10,lst,0.8138280630111694,0.0027971908652354,0.7870760679244995,0.0267519950866699
mumbai,Mumbai,India,country_loco,20,gdp,0.8933293342590332,0.0210857957994797,0.8477168917655945,0.0456124424934386
mumbai,Mumbai,India,country_loco,20,pop,0.8445623874664306,0.0053731460660449,0.844646668434143,-8.428096771240234e-05
mumbai,Mumbai,India,country_loco,20,ntl,0.8687366604804992,0.0162157050830125,0.8521237134933471,0.0166129469871521
mumbai,Mumbai,India,country_loco,20,pm25,0.5696897387504578,0.0299770002917953,0.4581387996673584,0.1115509390830994
mumbai,Mumbai,India,country_loco,20,lst,0.8224333763122559,0.0142340853467114,0.7870760679244995,0.0353573083877564
mumbai,Mumbai,India,country_loco,40,gdp,0.8899991273880005,0.0209808296464969,0.8477168917655945,0.0422822356224059
mumbai,Mumbai,India,country_loco,40,pop,0.8442567467689515,0.0047364962693733,0.844646668434143,-0.0003899216651915
mumbai,Mumbai,India,country_loco,40,ntl,0.8708148717880249,0.0082024173670827,0.8521237134933471,0.0186911582946777
mumbai,Mumbai,India,country_loco,40,pm25,0.5521637558937073,0.0282161515556338,0.4581387996673584,0.0940249562263488
mumbai,Mumbai,India,country_loco,40,lst,0.8263393521308899,0.0110866369843435,0.7870760679244995,0.0392632842063904
mumbai,Mumbai,India,country_loco,60,gdp,0.8924081563949585,0.0194406647010601,0.8477168917655945,0.044691264629364
mumbai,Mumbai,India,country_loco,60,pop,0.8433772563934326,0.0061663403884123,0.844646668434143,-0.0012694120407104
mumbai,Mumbai,India,country_loco,60,ntl,0.8723422050476074,0.0116518495046761,0.8521237134933471,0.0202184915542602
mumbai,Mumbai,India,country_loco,60,pm25,0.5478408336639404,0.0317828123740209,0.4581387996673584,0.089702033996582
mumbai,Mumbai,India,country_loco,60,lst,0.8275300741195679,0.0108518358145723,0.7870760679244995,0.0404540061950684
mumbai,Mumbai,India,country_loco,80,gdp,0.8886249899864197,0.0188417205722084,0.8477168917655945,0.0409080982208251
mumbai,Mumbai,India,country_loco,80,pop,0.8448176980018616,0.0047369367890314,0.844646668434143,0.0001710295677185
mumbai,Mumbai,India,country_loco,80,ntl,0.8661028981208801,0.0142220866033805,0.8521237134933471,0.013979184627533
mumbai,Mumbai,India,country_loco,80,pm25,0.5642627358436585,0.024749427310885,0.4581387996673584,0.1061239361763001
mumbai,Mumbai,India,country_loco,80,lst,0.8211647987365722,0.012741371450355,0.7870760679244995,0.0340887308120727
mumbai,Mumbai,India,country_loco,100,gdp,0.8981695055961609,0.0233256073751052,0.8477168917655945,0.0504526138305664
mumbai,Mumbai,India,country_loco,100,pop,0.8454659938812256,0.0047170336159232,0.844646668434143,0.0008193254470825
mumbai,Mumbai,India,country_loco,100,ntl,0.8731536030769348,0.011394830063264,0.8521237134933471,0.0210298895835876
mumbai,Mumbai,India,country_loco,100,pm25,0.5802543759346008,0.0206721760605032,0.4581387996673584,0.1221155762672424
mumbai,Mumbai,India,country_loco,100,lst,0.8274867415428162,0.016387419414943,0.7870760679244995,0.0404106736183167
osaka,Osaka,Japan,city,1,gdp,0.9085068941116332,0.0045441895111485,0.9113026142120362,-0.0027957201004029
osaka,Osaka,Japan,city,1,pop,0.8635571122169494,0.0060960225801928,0.8717270970344544,-0.0081699848175049
osaka,Osaka,Japan,city,1,ntl,0.8196701645851135,0.015563538100623,0.8243282318115235,-0.0046580672264099
osaka,Osaka,Japan,city,1,pm25,0.7693763613700867,0.0422659650104767,0.8070080041885376,-0.0376316428184508
osaka,Osaka,Japan,city,1,lst,0.8944358110427857,0.0080517181335991,0.9032204151153564,-0.0087846040725707
osaka,Osaka,Japan,city,2,gdp,0.9276525616645812,0.0024849200756968,0.9113026142120362,0.016349947452545
osaka,Osaka,Japan,city,2,pop,0.8681870818138122,0.0066130713947373,0.8717270970344544,-0.0035400152206421
osaka,Osaka,Japan,city,2,ntl,0.8343659400939941,0.015266599110527,0.8243282318115235,0.0100377082824706
osaka,Osaka,Japan,city,2,pm25,0.8243750333786011,0.0345033158075032,0.8070080041885376,0.0173670291900635
osaka,Osaka,Japan,city,2,lst,0.9017930626869202,0.0055847577159155,0.9032204151153564,-0.0014273524284362
osaka,Osaka,Japan,city,5,gdp,0.9298235416412354,0.0044922733038132,0.9113026142120362,0.0185209274291991
osaka,Osaka,Japan,city,5,pop,0.869556975364685,0.0070455554880566,0.8717270970344544,-0.0021701216697693
osaka,Osaka,Japan,city,5,ntl,0.8451488494873047,0.0094860490502001,0.8243282318115235,0.0208206176757812
osaka,Osaka,Japan,city,5,pm25,0.849439013004303,0.0214748975209479,0.8070080041885376,0.0424310088157654
osaka,Osaka,Japan,city,5,lst,0.907804811000824,0.001420774694028,0.9032204151153564,0.0045843958854675
osaka,Osaka,Japan,city,10,gdp,0.931686532497406,0.0048211470914203,0.9113026142120362,0.0203839182853697
osaka,Osaka,Japan,city,10,pop,0.8720491290092468,0.0057752946921229,0.8717270970344544,0.0003220319747924
osaka,Osaka,Japan,city,10,ntl,0.8523451328277588,0.0136314929703223,0.8243282318115235,0.0280169010162353
osaka,Osaka,Japan,city,10,pm25,0.8626245498657227,0.0192728364404935,0.8070080041885376,0.0556165456771851
osaka,Osaka,Japan,city,10,lst,0.9105913639068604,0.0033333831263417,0.9032204151153564,0.0073709487915039
osaka,Osaka,Japan,city,20,gdp,0.933856463432312,0.0044945316967175,0.9113026142120362,0.0225538492202758
osaka,Osaka,Japan,city,20,pop,0.8720841407775879,0.0068634166164563,0.8717270970344544,0.0003570437431335
osaka,Osaka,Japan,city,20,ntl,0.8599826574325562,0.009031119265451,0.8243282318115235,0.0356544256210327
osaka,Osaka,Japan,city,20,pm25,0.8667928099632263,0.0199533663050839,0.8070080041885376,0.0597848057746887
osaka,Osaka,Japan,city,20,lst,0.9123658537864684,0.0025754044240309,0.9032204151153564,0.0091454386711119
osaka,Osaka,Japan,city,40,gdp,0.94246107339859,0.003535284829306,0.9113026142120362,0.0311584591865538
osaka,Osaka,Japan,city,40,pop,0.875596559047699,0.0061691939701754,0.8717270970344544,0.0038694620132445
osaka,Osaka,Japan,city,40,ntl,0.8647842049598694,0.0085193907963201,0.8243282318115235,0.0404559731483459
osaka,Osaka,Japan,city,40,pm25,0.8977068781852722,0.0157581762063178,0.8070080041885376,0.0906988739967346
osaka,Osaka,Japan,city,40,lst,0.9190542459487916,0.0026673968361551,0.9032204151153564,0.0158338308334351
osaka,Osaka,Japan,city,60,gdp,0.9469546437263489,0.0045576289549858,0.9113026142120362,0.0356520295143126
osaka,Osaka,Japan,city,60,pop,0.8765505194664002,0.0064294953907611,0.8717270970344544,0.0048234224319457
osaka,Osaka,Japan,city,60,ntl,0.8703631043434144,0.0104595724274894,0.8243282318115235,0.0460348725318908
osaka,Osaka,Japan,city,60,pm25,0.9122124671936036,0.0133260868574445,0.8070080041885376,0.105204463005066
osaka,Osaka,Japan,city,60,lst,0.9221707820892334,0.0016817081740547,0.9032204151153564,0.0189503669738769
osaka,Osaka,Japan,city,80,gdp,0.9513843894004822,0.0040203996865634,0.9113026142120362,0.040081775188446
osaka,Osaka,Japan,city,80,pop,0.8797353267669678,0.0050584437878065,0.8717270970344544,0.0080082297325133
osaka,Osaka,Japan,city,80,ntl,0.8706119298934937,0.0097358521287175,0.8243282318115235,0.0462836980819701
osaka,Osaka,Japan,city,80,pm25,0.9222109198570252,0.0103094921573557,0.8070080041885376,0.1152029156684876
osaka,Osaka,Japan,city,80,lst,0.9211847186088562,0.0021517744585119,0.9032204151153564,0.0179643034934997
osaka,Osaka,Japan,city,100,gdp,0.9532967329025268,0.0034939186536625,0.9113026142120362,0.0419941186904906
osaka,Osaka,Japan,city,100,pop,0.881499445438385,0.0044982246429456,0.8717270970344544,0.0097723484039305
osaka,Osaka,Japan,city,100,ntl,0.8699628472328186,0.0118433129299304,0.8243282318115235,0.0456346154212951
osaka,Osaka,Japan,city,100,pm25,0.925387179851532,0.0100113575261764,0.8070080041885376,0.1183791756629943
osaka,Osaka,Japan,city,100,lst,0.9230745911598206,0.0023661132846876,0.9032204151153564,0.0198541760444641
osaka,Osaka,Japan,country,1,gdp,0.9324259281158448,0.0032799369962725,0.9113026142120362,0.0211233139038086
osaka,Osaka,Japan,country,1,pop,0.8717691779136658,0.0067998087746132,0.8717270970344544,4.208087921142578e-05
osaka,Osaka,Japan,country,1,ntl,0.8501726508140564,0.0103412678270649,0.8243282318115235,0.0258444190025328
osaka,Osaka,Japan,country,1,pm25,0.8523975849151612,0.0227141864646393,0.8070080041885376,0.0453895807266235
osaka,Osaka,Japan,country,1,lst,0.9090169906616212,0.004210164241063,0.9032204151153564,0.0057965755462647
osaka,Osaka,Japan,country,2,gdp,0.934617042541504,0.0042320388998986,0.9113026142120362,0.0233144283294678
osaka,Osaka,Japan,country,2,pop,0.8724624633789062,0.0060040156394449,0.8717270970344544,0.0007353663444518
osaka,Osaka,Japan,country,2,ntl,0.8522242665290832,0.0116611404424997,0.8243282318115235,0.0278960347175597
osaka,Osaka,Japan,country,2,pm25,0.8597805976867676,0.0218534272008112,0.8070080041885376,0.05277259349823
osaka,Osaka,Japan,country,2,lst,0.9105109930038452,0.003096134390833,0.9032204151153564,0.0072905778884887
osaka,Osaka,Japan,country,5,gdp,0.93896723985672,0.0044246537959234,0.9113026142120362,0.0276646256446838
osaka,Osaka,Japan,country,5,pop,0.8725681185722352,0.0066182367449237,0.8717270970344544,0.0008410215377807
osaka,Osaka,Japan,country,5,ntl,0.8611255049705505,0.0098400782209134,0.8243282318115235,0.036797273159027
osaka,Osaka,Japan,country,5,pm25,0.8750890970230103,0.0182194794906677,0.8070080041885376,0.0680810928344727
osaka,Osaka,Japan,country,5,lst,0.9118178129196168,0.0036675597621562,0.9032204151153564,0.0085973978042603
osaka,Osaka,Japan,country,10,gdp,0.9402389645576475,0.0051997923955748,0.9113026142120362,0.0289363503456113
osaka,Osaka,Japan,country,10,pop,0.8735937237739563,0.0068119567040598,0.8717270970344544,0.0018666267395018
osaka,Osaka,Japan,country,10,ntl,0.8680775403976441,0.007908510435508,0.8243282318115235,0.0437493085861205
osaka,Osaka,Japan,country,10,pm25,0.8860997796058655,0.0140324683383749,0.8070080041885376,0.0790917754173279
osaka,Osaka,Japan,country,10,lst,0.9159590363502502,0.0012737356579291,0.9032204151153564,0.0127386212348937
osaka,Osaka,Japan,country,20,gdp,0.9433765530586242,0.002707858023901,0.9113026142120362,0.032073938846588
osaka,Osaka,Japan,country,20,pop,0.8762307643890381,0.0066422628373723,0.8717270970344544,0.0045036673545837
osaka,Osaka,Japan,country,20,ntl,0.862590742111206,0.0068042585822197,0.8243282318115235,0.0382625102996825
osaka,Osaka,Japan,country,20,pm25,0.8922827243804932,0.0172024545408183,0.8070080041885376,0.0852747201919555
osaka,Osaka,Japan,country,20,lst,0.9189368844032288,0.0041493612182483,0.9032204151153564,0.0157164692878724
osaka,Osaka,Japan,country,40,gdp,0.9449162244796752,0.0029792121373983,0.9113026142120362,0.0336136102676389
osaka,Osaka,Japan,country,40,pop,0.8767412424087524,0.0059257652938188,0.8717270970344544,0.005014145374298
osaka,Osaka,Japan,country,40,ntl,0.8670015692710876,0.0103257009688855,0.8243282318115235,0.0426733374595641
osaka,Osaka,Japan,country,40,pm25,0.8991594314575195,0.0107974714314214,0.8070080041885376,0.0921514272689819
osaka,Osaka,Japan,country,40,lst,0.9180180668830872,0.0022040285076273,0.9032204151153564,0.0147976517677307
osaka,Osaka,Japan,country,60,gdp,0.9448704957962036,0.00391430566167,0.9113026142120362,0.0335678815841674
osaka,Osaka,Japan,country,60,pop,0.8783460974693298,0.005630488771575,0.8717270970344544,0.0066190004348753
osaka,Osaka,Japan,country,60,ntl,0.8714931964874267,0.0089403968365962,0.8243282318115235,0.0471649646759032
osaka,Osaka,Japan,country,60,pm25,0.9005455493927002,0.0142275804971103,0.8070080041885376,0.0935375452041625
osaka,Osaka,Japan,country,60,lst,0.9213509798049928,0.0017607227303761,0.9032204151153564,0.0181305646896363
osaka,Osaka,Japan,country,80,gdp,0.9468617081642152,0.005146536009312,0.9113026142120362,0.035559093952179
osaka,Osaka,Japan,country,80,pop,0.8779436588287354,0.0062762853821139,0.8717270970344544,0.0062165617942809
osaka,Osaka,Japan,country,80,ntl,0.8683842539787292,0.0125985451544936,0.8243282318115235,0.0440560221672057
osaka,Osaka,Japan,country,80,pm25,0.902030909061432,0.0152327843180118,0.8070080041885376,0.0950229048728944
osaka,Osaka,Japan,country,80,lst,0.9221330404281616,0.0016356525403153,0.9032204151153564,0.0189126253128051
osaka,Osaka,Japan,country,100,gdp,0.9454054355621336,0.0043688200604849,0.9113026142120362,0.0341028213500974
osaka,Osaka,Japan,country,100,pop,0.878453528881073,0.0062611122718584,0.8717270970344544,0.0067264318466185
osaka,Osaka,Japan,country,100,ntl,0.8682233929634094,0.0123020585728507,0.8243282318115235,0.0438951611518859
osaka,Osaka,Japan,country,100,pm25,0.903697156906128,0.014055823272236,0.8070080041885376,0.0966891527175903
osaka,Osaka,Japan,country,100,lst,0.9218723177909852,0.0030728752210603,0.9032204151153564,0.0186519026756287
osaka,Osaka,Japan,country_loco,1,gdp,0.92994145154953,0.0059209303373036,0.9113026142120362,0.0186388373374938
osaka,Osaka,Japan,country_loco,1,pop,0.8703738927841187,0.005235547846126,0.8717270970344544,-0.0013532042503356
osaka,Osaka,Japan,country_loco,1,ntl,0.840682578086853,0.0183223715349974,0.8243282318115235,0.0163543462753295
osaka,Osaka,Japan,country_loco,1,pm25,0.8497595429420471,0.0264635836978771,0.8070080041885376,0.0427515387535095
osaka,Osaka,Japan,country_loco,1,lst,0.9089801192283632,0.0027602208750907,0.9032204151153564,0.0057597041130067
osaka,Osaka,Japan,country_loco,2,gdp,0.9328732490539552,0.0050512962318558,0.9113026142120362,0.021570634841919
osaka,Osaka,Japan,country_loco,2,pop,0.8718361496925354,0.0076848743652111,0.8717270970344544,0.000109052658081
osaka,Osaka,Japan,country_loco,2,ntl,0.8458876490592957,0.0111190796343138,0.8243282318115235,0.0215594172477722
osaka,Osaka,Japan,country_loco,2,pm25,0.8544227719306946,0.0197497015242488,0.8070080041885376,0.047414767742157
osaka,Osaka,Japan,country_loco,2,lst,0.9113425016403198,0.0024884492840161,0.9032204151153564,0.0081220865249633
osaka,Osaka,Japan,country_loco,5,gdp,0.9370905995368958,0.0054788419805704,0.9113026142120362,0.0257879853248595
osaka,Osaka,Japan,country_loco,5,pop,0.8729608535766602,0.0056501154169478,0.8717270970344544,0.0012337565422058
osaka,Osaka,Japan,country_loco,5,ntl,0.8594736814498901,0.0096417909649278,0.8243282318115235,0.0351454496383666
osaka,Osaka,Japan,country_loco,5,pm25,0.8702204585075378,0.0198734620567767,0.8070080041885376,0.0632124543190002
osaka,Osaka,Japan,country_loco,5,lst,0.9114554405212404,0.0030674331247917,0.9032204151153564,0.0082350254058839
osaka,Osaka,Japan,country_loco,10,gdp,0.9385634422302246,0.0055102301613486,0.9113026142120362,0.0272608280181884
osaka,Osaka,Japan,country_loco,10,pop,0.8735712051391602,0.0063889509169728,0.8717270970344544,0.0018441081047058
osaka,Osaka,Japan,country_loco,10,ntl,0.8580747723579407,0.0071021229539883,0.8243282318115235,0.0337465405464172
osaka,Osaka,Japan,country_loco,10,pm25,0.8784338235855103,0.0202493560695381,0.8070080041885376,0.0714258193969726
osaka,Osaka,Japan,country_loco,10,lst,0.9139744400978088,0.0015282464296159,0.9032204151153564,0.0107540249824523
osaka,Osaka,Japan,country_loco,20,gdp,0.9394003987312316,0.0057352692275585,0.9113026142120362,0.0280977845191954
osaka,Osaka,Japan,country_loco,20,pop,0.8751169800758362,0.0066750535485202,0.8717270970344544,0.0033898830413817
osaka,Osaka,Japan,country_loco,20,ntl,0.8560558795928955,0.0113055590569572,0.8243282318115235,0.031727647781372
osaka,Osaka,Japan,country_loco,20,pm25,0.8837201476097107,0.0195139125241148,0.8070080041885376,0.0767121434211731
osaka,Osaka,Japan,country_loco,20,lst,0.9190678358078004,0.0013358577632446,0.9032204151153564,0.0158474206924439
osaka,Osaka,Japan,country_loco,40,gdp,0.940582513809204,0.0029560032963543,0.9113026142120362,0.0292798995971678
osaka,Osaka,Japan,country_loco,40,pop,0.8756922483444214,0.0070226460617605,0.8717270970344544,0.0039651513099669
osaka,Osaka,Japan,country_loco,40,ntl,0.8628179669380188,0.0087992154503169,0.8243282318115235,0.0384897351264953
osaka,Osaka,Japan,country_loco,40,pm25,0.8881456255912781,0.0207174924164672,0.8070080041885376,0.0811376214027405
osaka,Osaka,Japan,country_loco,40,lst,0.9177029132843018,0.0039282567400385,0.9032204151153564,0.0144824981689453
osaka,Osaka,Japan,country_loco,60,gdp,0.9428478121757508,0.0029416555175399,0.9113026142120362,0.0315451979637145
osaka,Osaka,Japan,country_loco,60,pop,0.8756195068359375,0.007099917483571,0.8717270970344544,0.003892409801483
osaka,Osaka,Japan,country_loco,60,ntl,0.8638444781303406,0.0078167987959981,0.8243282318115235,0.0395162463188171
osaka,Osaka,Japan,country_loco,60,pm25,0.895439088344574,0.0144177638635264,0.8070080041885376,0.0884310841560364
osaka,Osaka,Japan,country_loco,60,lst,0.9200838804244996,0.003630126805627,0.9032204151153564,0.0168634653091431
osaka,Osaka,Japan,country_loco,80,gdp,0.9424331068992616,0.004382604750413,0.9113026142120362,0.0311304926872254
osaka,Osaka,Japan,country_loco,80,pop,0.8764787197113038,0.0067234839908239,0.8717270970344544,0.0047516226768493
osaka,Osaka,Japan,country_loco,80,ntl,0.864766800403595,0.0093613285938012,0.8243282318115235,0.0404385685920715
osaka,Osaka,Japan,country_loco,80,pm25,0.8932107806205749,0.0159496386196693,0.8070080041885376,0.0862027764320373
osaka,Osaka,Japan,country_loco,80,lst,0.920472240447998,0.002647400628547,0.9032204151153564,0.0172518253326415
osaka,Osaka,Japan,country_loco,100,gdp,0.9433215618133544,0.0029647541702805,0.9113026142120362,0.0320189476013181
osaka,Osaka,Japan,country_loco,100,pop,0.8769873380661011,0.006790412051069,0.8717270970344544,0.0052602410316466
osaka,Osaka,Japan,country_loco,100,ntl,0.8641269445419312,0.0074939988643855,0.8243282318115235,0.0397987127304076
osaka,Osaka,Japan,country_loco,100,pm25,0.8912981271743774,0.0163893154120756,0.8070080041885376,0.0842901229858398
osaka,Osaka,Japan,country_loco,100,lst,0.9211655139923096,0.0026296784950786,0.9032204151153564,0.0179450988769531
paris,Paris,France,city,1,gdp,0.8963171362876892,0.0197841529362628,0.8880734801292419,0.0082436561584472
paris,Paris,France,city,1,pop,0.7986286520957947,0.0133007169669719,0.8072999238967895,-0.0086712718009948
paris,Paris,France,city,1,ntl,0.7163732886314392,0.0291715357820405,0.7430349588394165,-0.0266616702079772
paris,Paris,France,city,1,pm25,0.7513640642166137,0.0525904490047084,0.780507504940033,-0.0291434407234192
paris,Paris,France,city,1,lst,0.7315104246139527,0.0251155911179177,0.7451892018318176,-0.0136787772178649
paris,Paris,France,city,2,gdp,0.8988885641098022,0.0194142259716088,0.8880734801292419,0.0108150839805603
paris,Paris,France,city,2,pop,0.8037917375564575,0.0131196678112704,0.8072999238967895,-0.003508186340332
paris,Paris,France,city,2,ntl,0.7375280022621155,0.0323027508571469,0.7430349588394165,-0.005506956577301
paris,Paris,France,city,2,pm25,0.7877932906150817,0.0208439489458853,0.780507504940033,0.0072857856750487
paris,Paris,France,city,2,lst,0.7387547254562378,0.0306266184883938,0.7451892018318176,-0.0064344763755798
paris,Paris,France,city,5,gdp,0.9057929873466491,0.0180364998728153,0.8880734801292419,0.0177195072174072
paris,Paris,France,city,5,pop,0.8073761224746704,0.0130817520895659,0.8072999238967895,7.619857788088158e-05
paris,Paris,France,city,5,ntl,0.7565206408500671,0.0266897548170384,0.7430349588394165,0.0134856820106505
paris,Paris,France,city,5,pm25,0.8224220514297486,0.0157138811265886,0.780507504940033,0.0419145464897156
paris,Paris,France,city,5,lst,0.758971917629242,0.0183628071829726,0.7451892018318176,0.0137827157974244
paris,Paris,France,city,10,gdp,0.9119171619415284,0.0260202203712903,0.8880734801292419,0.0238436818122864
paris,Paris,France,city,10,pop,0.8067108273506165,0.0149490306212704,0.8072999238967895,-0.000589096546173
paris,Paris,France,city,10,ntl,0.7604007959365845,0.0260361972263001,0.7430349588394165,0.0173658370971679
paris,Paris,France,city,10,pm25,0.8352903127670288,0.0155524747606658,0.780507504940033,0.0547828078269958
paris,Paris,France,city,10,lst,0.7635812163352966,0.0224207136942769,0.7451892018318176,0.018392014503479
paris,Paris,France,city,20,gdp,0.910041606426239,0.0221977514553938,0.8880734801292419,0.021968126296997
paris,Paris,France,city,20,pop,0.8078731894493103,0.0126508962900092,0.8072999238967895,0.0005732655525207
paris,Paris,France,city,20,ntl,0.7674969673156739,0.0231643685738639,0.7430349588394165,0.0244620084762573
paris,Paris,France,city,20,pm25,0.8533363580703736,0.0113134004904352,0.780507504940033,0.0728288531303406
paris,Paris,France,city,20,lst,0.7783779978752137,0.0240389345274294,0.7451892018318176,0.033188796043396
paris,Paris,France,city,40,gdp,0.9146274209022522,0.0197569600593232,0.8880734801292419,0.0265539407730103
paris,Paris,France,city,40,pop,0.8080578684806824,0.0142715390421707,0.8072999238967895,0.0007579445838928
paris,Paris,France,city,40,ntl,0.7748196721076965,0.0213551606602373,0.7430349588394165,0.03178471326828
paris,Paris,France,city,40,pm25,0.8631270885467529,0.0122616870041767,0.780507504940033,0.0826195836067199
paris,Paris,France,city,40,lst,0.7908186912536621,0.0180062576379378,0.7451892018318176,0.0456294894218445
paris,Paris,France,city,60,gdp,0.9132725477218628,0.0234920500776466,0.8880734801292419,0.0251990675926209
paris,Paris,France,city,60,pop,0.8084465622901916,0.0131472239263278,0.8072999238967895,0.0011466383934021
paris,Paris,France,city,60,ntl,0.782782256603241,0.0234584316999766,0.7430349588394165,0.0397472977638244
paris,Paris,France,city,60,pm25,0.8678284168243409,0.0082355062040126,0.780507504940033,0.0873209118843079
paris,Paris,France,city,60,lst,0.7944997072219848,0.0224786201206363,0.7451892018318176,0.0493105053901672
paris,Paris,France,city,80,gdp,0.9154648065567016,0.0186516265790066,0.8880734801292419,0.0273913264274596
paris,Paris,France,city,80,pop,0.8086862564086914,0.0144052864077496,0.8072999238967895,0.0013863325119018
paris,Paris,France,city,80,ntl,0.781230092048645,0.0218368732175094,0.7430349588394165,0.0381951332092285
paris,Paris,France,city,80,pm25,0.8677818417549134,0.0116282169208689,0.780507504940033,0.0872743368148804
paris,Paris,France,city,80,lst,0.7957394242286682,0.0262090117935283,0.7451892018318176,0.0505502223968505
paris,Paris,France,city,100,gdp,0.9147592782974244,0.017358806810005,0.8880734801292419,0.0266857981681825
paris,Paris,France,city,100,pop,0.8085330724716187,0.0150517041486605,0.8072999238967895,0.0012331485748291
paris,Paris,France,city,100,ntl,0.7841269969940186,0.0203530898156355,0.7430349588394165,0.041092038154602
paris,Paris,France,city,100,pm25,0.8715447664260865,0.0096595694523448,0.780507504940033,0.0910372614860535
paris,Paris,France,city,100,lst,0.7935498952865601,0.0254898846323673,0.7451892018318176,0.0483606934547424
paris,Paris,France,country,1,gdp,0.9076541662216188,0.0162033426482488,0.8880734801292419,0.0195806860923768
paris,Paris,France,country,1,pop,0.8063024282455444,0.0125629543797928,0.8072999238967895,-0.000997495651245
paris,Paris,France,country,1,ntl,0.7568568229675293,0.0228065144314775,0.7430349588394165,0.0138218641281128
paris,Paris,France,country,1,pm25,0.821232533454895,0.0171555186630743,0.780507504940033,0.040725028514862
paris,Paris,France,country,1,lst,0.7593457102775574,0.0225042171718228,0.7451892018318176,0.0141565084457397
paris,Paris,France,country,2,gdp,0.9073345303535462,0.0149285751546917,0.8880734801292419,0.0192610502243042
paris,Paris,France,country,2,pop,0.8035130023956298,0.0099195459097365,0.8072999238967895,-0.0037869215011596
paris,Paris,France,country,2,ntl,0.7494938731193542,0.0209036957738707,0.7430349588394165,0.0064589142799377
paris,Paris,France,country,2,pm25,0.8323686838150024,0.0194106813621385,0.780507504940033,0.0518611788749694
paris,Paris,France,country,2,lst,0.7696478962898254,0.0219569266682838,0.7451892018318176,0.0244586944580078
paris,Paris,France,country,5,gdp,0.9049418807029724,0.0157686733395293,0.8880734801292419,0.0168684005737305
paris,Paris,France,country,5,pop,0.8039807200431823,0.0118812814360008,0.8072999238967895,-0.0033192038536071
paris,Paris,France,country,5,ntl,0.7603438138961792,0.0192175373903568,0.7430349588394165,0.0173088550567627
paris,Paris,France,country,5,pm25,0.8486509203910828,0.0153807763409932,0.780507504940033,0.0681434154510498
paris,Paris,France,country,5,lst,0.776689600944519,0.0216257914280099,0.7451892018318176,0.0315003991127014
paris,Paris,France,country,10,gdp,0.9089247226715088,0.0214101819356573,0.8880734801292419,0.0208512425422668
paris,Paris,France,country,10,pop,0.8070190787315369,0.0092519040005773,0.8072999238967895,-0.0002808451652526
paris,Paris,France,country,10,ntl,0.7616864800453186,0.0194325181651679,0.7430349588394165,0.018651521205902
paris,Paris,France,country,10,pm25,0.8563356876373291,0.0186477540859428,0.780507504940033,0.0758281826972961
paris,Paris,France,country,10,lst,0.7819387197494507,0.0254788974248028,0.7451892018318176,0.0367495179176331
paris,Paris,France,country,20,gdp,0.9108607649803162,0.0194082998615735,0.8880734801292419,0.0227872848510742
paris,Paris,France,country,20,pop,0.8109841227531434,0.0114407903150319,0.8072999238967895,0.0036841988563538
paris,Paris,France,country,20,ntl,0.7673372149467468,0.0151080194097114,0.7430349588394165,0.0243022561073302
paris,Paris,France,country,20,pm25,0.858212697505951,0.0179194260010449,0.780507504940033,0.077705192565918
paris,Paris,France,country,20,lst,0.7892269730567932,0.0236869375059763,0.7451892018318176,0.0440377712249756
paris,Paris,France,country,40,gdp,0.9134900569915771,0.0187034069040372,0.8880734801292419,0.0254165768623352
paris,Paris,France,country,40,pop,0.8108521580696106,0.010345233684225,0.8072999238967895,0.0035522341728211
paris,Paris,France,country,40,ntl,0.7693996071815491,0.0166659715494289,0.7430349588394165,0.0263646483421325
paris,Paris,France,country,40,pm25,0.8704330086708069,0.0188749256340383,0.780507504940033,0.0899255037307739
paris,Paris,France,country,40,lst,0.7869601726531983,0.0242395605048144,0.7451892018318176,0.0417709708213807
paris,Paris,France,country,60,gdp,0.9137419581413267,0.0192668882360952,0.8880734801292419,0.0256684780120848
paris,Paris,France,country,60,pop,0.8087884664535523,0.0130005055116216,0.8072999238967895,0.0014885425567627
paris,Paris,France,country,60,ntl,0.7731939673423767,0.0155081095394619,0.7430349588394165,0.0301590085029601
paris,Paris,France,country,60,pm25,0.8745947003364563,0.0113524852507512,0.780507504940033,0.0940871953964233
paris,Paris,France,country,60,lst,0.786523187160492,0.0197800286271837,0.7451892018318176,0.0413339853286743
paris,Paris,France,country,80,gdp,0.9140124082565309,0.0204534880240135,0.8880734801292419,0.0259389281272889
paris,Paris,France,country,80,pop,0.8113148808479309,0.0126317578078087,0.8072999238967895,0.0040149569511414
paris,Paris,France,country,80,ntl,0.772244668006897,0.0149743028108719,0.7430349588394165,0.0292097091674804
paris,Paris,France,country,80,pm25,0.8736574172973632,0.0094185806841519,0.780507504940033,0.0931499123573302
paris,Paris,France,country,80,lst,0.7924104690551758,0.0174387728548019,0.7451892018318176,0.0472212672233581
paris,Paris,France,country,100,gdp,0.9107190608978272,0.0188029002978264,0.8880734801292419,0.0226455807685852
paris,Paris,France,country,100,pop,0.8127214193344117,0.012479826223839,0.8072999238967895,0.0054214954376221
paris,Paris,France,country,100,ntl,0.7766785025596619,0.0157392225373361,0.7430349588394165,0.0336435437202453
paris,Paris,France,country,100,pm25,0.8731961131095887,0.0090701480254464,0.780507504940033,0.0926886081695557
paris,Paris,France,country,100,lst,0.7889134764671326,0.0205972339648075,0.7451892018318176,0.043724274635315
paris,Paris,France,country_loco,1,gdp,0.905914568901062,0.0208021285825988,0.8880734801292419,0.0178410887718201
paris,Paris,France,country_loco,1,pop,0.8028611421585083,0.0112513503773084,0.8072999238967895,-0.0044387817382811
paris,Paris,France,country_loco,1,ntl,0.7529288411140442,0.0189620029721942,0.7430349588394165,0.0098938822746277
paris,Paris,France,country_loco,1,pm25,0.8187628030776978,0.0174005182087499,0.780507504940033,0.0382552981376648
paris,Paris,France,country_loco,1,lst,0.755789852142334,0.0229341275161545,0.7451892018318176,0.0106006503105163
paris,Paris,France,country_loco,2,gdp,0.9061426162719728,0.0114546304375956,0.8880734801292419,0.0180691361427308
paris,Paris,France,country_loco,2,pop,0.8038987040519714,0.0093562885771591,0.8072999238967895,-0.0034012198448181
paris,Paris,France,country_loco,2,ntl,0.7457198023796081,0.0153517319617306,0.7430349588394165,0.0026848435401916
paris,Paris,France,country_loco,2,pm25,0.8334563255310059,0.0179390154996613,0.780507504940033,0.0529488205909729
paris,Paris,France,country_loco,2,lst,0.7599870800971985,0.0271520975201947,0.7451892018318176,0.0147978782653809
paris,Paris,France,country_loco,5,gdp,0.9104884028434752,0.0159123644288588,0.8880734801292419,0.0224149227142332
paris,Paris,France,country_loco,5,pop,0.8034317970275879,0.0133818478470975,0.8072999238967895,-0.0038681268692015
paris,Paris,France,country_loco,5,ntl,0.7532879471778869,0.0136182555165041,0.7430349588394165,0.0102529883384704
paris,Paris,France,country_loco,5,pm25,0.8381817579269409,0.0188812559636831,0.780507504940033,0.0576742529869079
paris,Paris,France,country_loco,5,lst,0.7687678813934327,0.0233153090400166,0.7451892018318176,0.023578679561615
paris,Paris,France,country_loco,10,gdp,0.9118680357933044,0.0174762135602927,0.8880734801292419,0.0237945556640625
paris,Paris,France,country_loco,10,pop,0.8052652716636658,0.0125996759926064,0.8072999238967895,-0.0020346522331237
paris,Paris,France,country_loco,10,ntl,0.7623265266418457,0.0186426956761751,0.7430349588394165,0.0192915678024292
paris,Paris,France,country_loco,10,pm25,0.8543143272399902,0.0220227293004725,0.780507504940033,0.0738068222999572
paris,Paris,France,country_loco,10,lst,0.7846621155738831,0.022964021265383,0.7451892018318176,0.0394729137420655
paris,Paris,France,country_loco,20,gdp,0.9134461164474488,0.0165782089020104,0.8880734801292419,0.0253726363182068
paris,Paris,France,country_loco,20,pop,0.8068703651428223,0.0108047182813249,0.8072999238967895,-0.0004295587539672
paris,Paris,France,country_loco,20,ntl,0.7649362564086915,0.0146452806161862,0.7430349588394165,0.0219012975692749
paris,Paris,France,country_loco,20,pm25,0.8668362617492675,0.0151196933814853,0.780507504940033,0.0863287568092345
paris,Paris,France,country_loco,20,lst,0.7825779438018798,0.0244486891228266,0.7451892018318176,0.0373887419700622
paris,Paris,France,country_loco,40,gdp,0.9104828715324402,0.0186173696780039,0.8880734801292419,0.0224093914031983
paris,Paris,France,country_loco,40,pop,0.8084111928939819,0.0115691135463725,0.8072999238967895,0.0011112689971923
paris,Paris,France,country_loco,40,ntl,0.763220465183258,0.0197180026168592,0.7430349588394165,0.0201855063438415
paris,Paris,France,country_loco,40,pm25,0.8689983129501343,0.0171267165323595,0.780507504940033,0.0884908080101013
paris,Paris,France,country_loco,40,lst,0.7811347007751465,0.0184116432311167,0.7451892018318176,0.0359454989433288
paris,Paris,France,country_loco,60,gdp,0.9106815218925476,0.0179271801711125,0.8880734801292419,0.0226080417633056
paris,Paris,France,country_loco,60,pop,0.8092907190322876,0.0122335387235057,0.8072999238967895,0.001990795135498
paris,Paris,France,country_loco,60,ntl,0.7670385599136352,0.0183477189040188,0.7430349588394165,0.0240036010742187
paris,Paris,France,country_loco,60,pm25,0.8724394559860229,0.012914418748716,0.780507504940033,0.0919319510459899
paris,Paris,France,country_loco,60,lst,0.7848505258560181,0.017255431055978,0.7451892018318176,0.0396613240242005
paris,Paris,France,country_loco,80,gdp,0.913025426864624,0.0154804557886724,0.8880734801292419,0.024951946735382
paris,Paris,France,country_loco,80,pop,0.8105744957923889,0.0106785960214282,0.8072999238967895,0.0032745718955994
paris,Paris,France,country_loco,80,ntl,0.7655494451522827,0.0195088202487113,0.7430349588394165,0.0225144863128662
paris,Paris,France,country_loco,80,pm25,0.856507170200348,0.0232649728072494,0.780507504940033,0.0759996652603149
paris,Paris,France,country_loco,80,lst,0.7840703368186951,0.0184688697988472,0.7451892018318176,0.0388811349868775
paris,Paris,France,country_loco,100,gdp,0.9048869609832764,0.0135895733288934,0.8880734801292419,0.0168134808540344
paris,Paris,France,country_loco,100,pop,0.8090483784675598,0.0122037596133308,0.8072999238967895,0.0017484545707703
paris,Paris,France,country_loco,100,ntl,0.7688782453536988,0.0164885594774305,0.7430349588394165,0.0258432865142822
paris,Paris,France,country_loco,100,pm25,0.871635377407074,0.0162506340509719,0.780507504940033,0.091127872467041
paris,Paris,France,country_loco,100,lst,0.7890020966529846,0.013783232750764,0.7451892018318176,0.043812894821167
rio_de_janeiro,Rio de Janeiro,Brazil,city,1,gdp,0.6157645583152771,0.1473107632899195,0.6296295523643494,-0.0138649940490722
rio_de_janeiro,Rio de Janeiro,Brazil,city,1,pop,0.8753095626831054,0.0045644452638527,0.8807548522949219,-0.0054452896118164
rio_de_janeiro,Rio de Janeiro,Brazil,city,1,ntl,0.7638947367668152,0.0383071203093997,0.7783257603645325,-0.0144310235977173
rio_de_janeiro,Rio de Janeiro,Brazil,city,1,pm25,0.8148866653442383,0.0160180863494618,0.8176258087158204,-0.002739143371582
rio_de_janeiro,Rio de Janeiro,Brazil,city,1,lst,0.9082366943359376,0.0146711168849262,0.9158910751342774,-0.0076543807983397
rio_de_janeiro,Rio de Janeiro,Brazil,city,2,gdp,0.6541190028190613,0.1072246656798208,0.6296295523643494,0.0244894504547119
rio_de_janeiro,Rio de Janeiro,Brazil,city,2,pop,0.877553391456604,0.0034648551174825,0.8807548522949219,-0.0032014608383178
rio_de_janeiro,Rio de Janeiro,Brazil,city,2,ntl,0.7812600255012512,0.0304541044123606,0.7783257603645325,0.0029342651367186
rio_de_janeiro,Rio de Janeiro,Brazil,city,2,pm25,0.8234686851501465,0.0172745147407493,0.8176258087158204,0.0058428764343261
rio_de_janeiro,Rio de Janeiro,Brazil,city,2,lst,0.920820665359497,0.0178326214769126,0.9158910751342774,0.0049295902252196
rio_de_janeiro,Rio de Janeiro,Brazil,city,5,gdp,0.7061155319213868,0.0768241784735281,0.6296295523643494,0.0764859795570374
rio_de_janeiro,Rio de Janeiro,Brazil,city,5,pop,0.8808093786239624,0.0031640594738482,0.8807548522949219,5.452632904046073e-05
rio_de_janeiro,Rio de Janeiro,Brazil,city,5,ntl,0.7964411377906799,0.0284639717843705,0.7783257603645325,0.0181153774261474
rio_de_janeiro,Rio de Janeiro,Brazil,city,5,pm25,0.8522463917732239,0.0093274254375557,0.8176258087158204,0.0346205830574035
rio_de_janeiro,Rio de Janeiro,Brazil,city,5,lst,0.9270690560340882,0.0135695271753561,0.9158910751342774,0.0111779808998108
rio_de_janeiro,Rio de Janeiro,Brazil,city,10,gdp,0.723213791847229,0.0589879060109548,0.6296295523643494,0.0935842394828796
rio_de_janeiro,Rio de Janeiro,Brazil,city,10,pop,0.8805549621582032,0.0025673960377827,0.8807548522949219,-0.0001998901367187
rio_de_janeiro,Rio de Janeiro,Brazil,city,10,ntl,0.8089124679565429,0.0278893495400837,0.7783257603645325,0.0305867075920104
rio_de_janeiro,Rio de Janeiro,Brazil,city,10,pm25,0.8539490580558777,0.0134862829866771,0.8176258087158204,0.0363232493400573
rio_de_janeiro,Rio de Janeiro,Brazil,city,10,lst,0.930583131313324,0.0112392432465146,0.9158910751342774,0.0146920561790466
rio_de_janeiro,Rio de Janeiro,Brazil,city,20,gdp,0.7317888140678406,0.0727004940430821,0.6296295523643494,0.1021592617034912
rio_de_janeiro,Rio de Janeiro,Brazil,city,20,pop,0.8797324895858765,0.0033952431219924,0.8807548522949219,-0.0010223627090454
rio_de_janeiro,Rio de Janeiro,Brazil,city,20,ntl,0.8086181879043579,0.0190730376979194,0.7783257603645325,0.0302924275398254
rio_de_janeiro,Rio de Janeiro,Brazil,city,20,pm25,0.862442696094513,0.0146351531465396,0.8176258087158204,0.0448168873786926
rio_de_janeiro,Rio de Janeiro,Brazil,city,20,lst,0.930607795715332,0.0098421929221614,0.9158910751342774,0.0147167205810546
rio_de_janeiro,Rio de Janeiro,Brazil,city,40,gdp,0.7195524334907532,0.0696150549804326,0.6296295523643494,0.0899228811264037
rio_de_janeiro,Rio de Janeiro,Brazil,city,40,pop,0.8809688210487365,0.0019506105974444,0.8807548522949219,0.0002139687538146
rio_de_janeiro,Rio de Janeiro,Brazil,city,40,ntl,0.8109180569648743,0.0219290712089364,0.7783257603645325,0.0325922966003418
rio_de_janeiro,Rio de Janeiro,Brazil,city,40,pm25,0.8645172476768493,0.0142739447285307,0.8176258087158204,0.0468914389610289
rio_de_janeiro,Rio de Janeiro,Brazil,city,40,lst,0.9331210851669312,0.0084952135517508,0.9158910751342774,0.0172300100326537
rio_de_janeiro,Rio de Janeiro,Brazil,city,60,gdp,0.7185891509056092,0.0788851351019014,0.6296295523643494,0.0889595985412597
rio_de_janeiro,Rio de Janeiro,Brazil,city,60,pop,0.8806178331375122,0.0018591969667177,0.8807548522949219,-0.0001370191574097
rio_de_janeiro,Rio de Janeiro,Brazil,city,60,ntl,0.8016591429710388,0.03733769094373,0.7783257603645325,0.0233333826065063
rio_de_janeiro,Rio de Janeiro,Brazil,city,60,pm25,0.8713915944099426,0.0211136861482767,0.8176258087158204,0.0537657856941222
rio_de_janeiro,Rio de Janeiro,Brazil,city,60,lst,0.93350111246109,0.0087261266309559,0.9158910751342774,0.0176100373268126
rio_de_janeiro,Rio de Janeiro,Brazil,city,80,gdp,0.7269544243812561,0.0587659746394103,0.6296295523643494,0.0973248720169067
rio_de_janeiro,Rio de Janeiro,Brazil,city,80,pop,0.8814963579177857,0.0029561011800592,0.8807548522949219,0.0007415056228637
rio_de_janeiro,Rio de Janeiro,Brazil,city,80,ntl,0.800668728351593,0.0352482700059352,0.7783257603645325,0.0223429679870604
rio_de_janeiro,Rio de Janeiro,Brazil,city,80,pm25,0.8766916275024415,0.0099329611588626,0.8176258087158204,0.059065818786621
rio_de_janeiro,Rio de Janeiro,Brazil,city,80,lst,0.9378164172172546,0.0086337542800665,0.9158910751342774,0.0219253420829772
rio_de_janeiro,Rio de Janeiro,Brazil,city,100,gdp,0.7198982954025268,0.0685658637762076,0.6296295523643494,0.0902687430381774
rio_de_janeiro,Rio de Janeiro,Brazil,city,100,pop,0.8826492309570313,0.0023170553074816,0.8807548522949219,0.0018943786621093
rio_de_janeiro,Rio de Janeiro,Brazil,city,100,ntl,0.807118046283722,0.0409577160016354,0.7783257603645325,0.0287922859191894
rio_de_janeiro,Rio de Janeiro,Brazil,city,100,pm25,0.8754082202911377,0.0134935354302358,0.8176258087158204,0.0577824115753173
rio_de_janeiro,Rio de Janeiro,Brazil,city,100,lst,0.93625750541687,0.0074782768475598,0.9158910751342774,0.0203664302825926
rio_de_janeiro,Rio de Janeiro,Brazil,country,1,gdp,0.71981782913208,0.0887994339089965,0.6296295523643494,0.0901882767677306
rio_de_janeiro,Rio de Janeiro,Brazil,country,1,pop,0.8789100766181945,0.0031621477923859,0.8807548522949219,-0.0018447756767273
rio_de_janeiro,Rio de Janeiro,Brazil,country,1,ntl,0.7969763159751893,0.0330434773062996,0.7783257603645325,0.0186505556106567
rio_de_janeiro,Rio de Janeiro,Brazil,country,1,pm25,0.8351944923400879,0.0261214512110259,0.8176258087158204,0.0175686836242675
rio_de_janeiro,Rio de Janeiro,Brazil,country,1,lst,0.9295601606369018,0.0104912445162125,0.9158910751342774,0.0136690855026244
rio_de_janeiro,Rio de Janeiro,Brazil,country,2,gdp,0.7201218247413635,0.0854137665141829,0.6296295523643494,0.0904922723770141
rio_de_janeiro,Rio de Janeiro,Brazil,country,2,pop,0.8803645014762879,0.0042516889814041,0.8807548522949219,-0.000390350818634
rio_de_janeiro,Rio de Janeiro,Brazil,country,2,ntl,0.796533179283142,0.0291639361986118,0.7783257603645325,0.0182074189186095
rio_de_janeiro,Rio de Janeiro,Brazil,country,2,pm25,0.8405738711357117,0.0167472973672911,0.8176258087158204,0.0229480624198913
rio_de_janeiro,Rio de Janeiro,Brazil,country,2,lst,0.9264938592910766,0.0137439977060127,0.9158910751342774,0.0106027841567992
rio_de_janeiro,Rio de Janeiro,Brazil,country,5,gdp,0.7400530338287353,0.0710931403534118,0.6296295523643494,0.1104234814643859
rio_de_janeiro,Rio de Janeiro,Brazil,country,5,pop,0.8824689626693726,0.0022827764457983,0.8807548522949219,0.0017141103744506
rio_de_janeiro,Rio de Janeiro,Brazil,country,5,ntl,0.8013544082641602,0.0430246608447129,0.7783257603645325,0.0230286478996276
rio_de_janeiro,Rio de Janeiro,Brazil,country,5,pm25,0.8511905312538147,0.0238082198558823,0.8176258087158204,0.0335647225379943
rio_de_janeiro,Rio de Janeiro,Brazil,country,5,lst,0.9296369075775146,0.0103243241044828,0.9158910751342774,0.0137458324432372
rio_de_janeiro,Rio de Janeiro,Brazil,country,10,gdp,0.7263084053993225,0.0638478875209172,0.6296295523643494,0.0966788530349731
rio_de_janeiro,Rio de Janeiro,Brazil,country,10,pop,0.882043433189392,0.0023295315593543,0.8807548522949219,0.0012885808944701
rio_de_janeiro,Rio de Janeiro,Brazil,country,10,ntl,0.8111944794654846,0.0244683206879179,0.7783257603645325,0.0328687191009521
rio_de_janeiro,Rio de Janeiro,Brazil,country,10,pm25,0.858707845211029,0.0127277824708418,0.8176258087158204,0.0410820364952086
rio_de_janeiro,Rio de Janeiro,Brazil,country,10,lst,0.9308823943138124,0.0090776595552344,0.9158910751342774,0.014991319179535
rio_de_janeiro,Rio de Janeiro,Brazil,country,20,gdp,0.7132822036743164,0.0793288470930172,0.6296295523643494,0.083652651309967
rio_de_janeiro,Rio de Janeiro,Brazil,country,20,pop,0.8828017115592957,0.0026857153696478,0.8807548522949219,0.0020468592643737
rio_de_janeiro,Rio de Janeiro,Brazil,country,20,ntl,0.8173082947731019,0.0238390331434626,0.7783257603645325,0.0389825344085693
rio_de_janeiro,Rio de Janeiro,Brazil,country,20,pm25,0.8640561699867249,0.0163687125924865,0.8176258087158204,0.0464303612709045
rio_de_janeiro,Rio de Janeiro,Brazil,country,20,lst,0.9337043285369871,0.0092218896941584,0.9158910751342774,0.0178132534027097
rio_de_janeiro,Rio de Janeiro,Brazil,country,40,gdp,0.6910836100578308,0.1050213851562574,0.6296295523643494,0.0614540576934814
rio_de_janeiro,Rio de Janeiro,Brazil,country,40,pop,0.8860502243041992,0.0027231016701716,0.8807548522949219,0.0052953720092773
rio_de_janeiro,Rio de Janeiro,Brazil,country,40,ntl,0.8153994798660278,0.0204507238767798,0.7783257603645325,0.0370737195014952
rio_de_janeiro,Rio de Janeiro,Brazil,country,40,pm25,0.8660524964332581,0.0195654698470738,0.8176258087158204,0.0484266877174377
rio_de_janeiro,Rio de Janeiro,Brazil,country,40,lst,0.9352800488471984,0.0096461836128272,0.9158910751342774,0.019388973712921
rio_de_janeiro,Rio de Janeiro,Brazil,country,60,gdp,0.7027793407440186,0.0994743931955154,0.6296295523643494,0.0731497883796692
rio_de_janeiro,Rio de Janeiro,Brazil,country,60,pop,0.885556423664093,0.0020717343176435,0.8807548522949219,0.0048015713691711
rio_de_janeiro,Rio de Janeiro,Brazil,country,60,ntl,0.8134084224700928,0.0310932766472781,0.7783257603645325,0.0350826621055603
rio_de_janeiro,Rio de Janeiro,Brazil,country,60,pm25,0.8691271185874939,0.0168399315838911,0.8176258087158204,0.0515013098716735
rio_de_janeiro,Rio de Janeiro,Brazil,country,60,lst,0.9365932226181032,0.0091272871965861,0.9158910751342774,0.0207021474838258
rio_de_janeiro,Rio de Janeiro,Brazil,country,80,gdp,0.6889429688453674,0.1177235612496058,0.6296295523643494,0.059313416481018
rio_de_janeiro,Rio de Janeiro,Brazil,country,80,pop,0.8863533139228821,0.0029895485747624,0.8807548522949219,0.0055984616279601
rio_de_janeiro,Rio de Janeiro,Brazil,country,80,ntl,0.8162431001663208,0.0261859466328065,0.7783257603645325,0.0379173398017883
rio_de_janeiro,Rio de Janeiro,Brazil,country,80,pm25,0.8776758193969727,0.015680004880582,0.8176258087158204,0.0600500106811523
rio_de_janeiro,Rio de Janeiro,Brazil,country,80,lst,0.9376346349716188,0.0093955855804212,0.9158910751342774,0.0217435598373414
rio_de_janeiro,Rio de Janeiro,Brazil,country,100,gdp,0.6963027954101563,0.0904038853889295,0.6296295523643494,0.0666732430458069
rio_de_janeiro,Rio de Janeiro,Brazil,country,100,pop,0.8868985652923584,0.0019224413646007,0.8807548522949219,0.0061437129974365
rio_de_janeiro,Rio de Janeiro,Brazil,country,100,ntl,0.8142419695854187,0.0238461039423679,0.7783257603645325,0.0359162092208862
rio_de_janeiro,Rio de Janeiro,Brazil,country,100,pm25,0.8750030279159546,0.0145569480892232,0.8176258087158204,0.0573772192001342
rio_de_janeiro,Rio de Janeiro,Brazil,country,100,lst,0.9381561517715454,0.0082362016666491,0.9158910751342774,0.022265076637268
rio_de_janeiro,Rio de Janeiro,Brazil,country_loco,1,gdp,0.7041131377220153,0.0868353481915368,0.6296295523643494,0.0744835853576659
rio_de_janeiro,Rio de Janeiro,Brazil,country_loco,1,pop,0.8782776236534119,0.0023505219754464,0.8807548522949219,-0.00247722864151
rio_de_janeiro,Rio de Janeiro,Brazil,country_loco,1,ntl,0.8083362340927124,0.0296566719728675,0.7783257603645325,0.0300104737281798
rio_de_janeiro,Rio de Janeiro,Brazil,country_loco,1,pm25,0.8279574990272522,0.0172066195859326,0.8176258087158204,0.0103316903114318
rio_de_janeiro,Rio de Janeiro,Brazil,country_loco,1,lst,0.9233209609985352,0.0168084141462114,0.9158910751342774,0.0074298858642578
rio_de_janeiro,Rio de Janeiro,Brazil,country_loco,2,gdp,0.7182080149650574,0.0777049779247139,0.6296295523643494,0.088578462600708
rio_de_janeiro,Rio de Janeiro,Brazil,country_loco,2,pop,0.878894853591919,0.0034015174041497,0.8807548522949219,-0.0018599987030029
rio_de_janeiro,Rio de Janeiro,Brazil,country_loco,2,ntl,0.8079587936401367,0.0266929311481298,0.7783257603645325,0.0296330332756041
rio_de_janeiro,Rio de Janeiro,Brazil,country_loco,2,pm25,0.8361547112464904,0.0150499262027318,0.8176258087158204,0.01852890253067
rio_de_janeiro,Rio de Janeiro,Brazil,country_loco,2,lst,0.9276100635528564,0.0144011010731004,0.9158910751342774,0.0117189884185789
rio_de_janeiro,Rio de Janeiro,Brazil,country_loco,5,gdp,0.7212185382843017,0.0738461149407963,0.6296295523643494,0.0915889859199523
rio_de_janeiro,Rio de Janeiro,Brazil,country_loco,5,pop,0.8815830707550049,0.0031305807330679,0.8807548522949219,0.0008282184600829
rio_de_janeiro,Rio de Janeiro,Brazil,country_loco,5,ntl,0.8054365754127503,0.0284813781389533,0.7783257603645325,0.0271108150482177
rio_de_janeiro,Rio de Janeiro,Brazil,country_loco,5,pm25,0.8450366735458374,0.0165152614667269,0.8176258087158204,0.027410864830017
rio_de_janeiro,Rio de Janeiro,Brazil,country_loco,5,lst,0.9286035656929016,0.0119433320923672,0.9158910751342774,0.0127124905586242
rio_de_janeiro,Rio de Janeiro,Brazil,country_loco,10,gdp,0.7146528720855713,0.0824212348468479,0.6296295523643494,0.0850233197212219
rio_de_janeiro,Rio de Janeiro,Brazil,country_loco,10,pop,0.8821571111679077,0.0026988038755621,0.8807548522949219,0.0014022588729858
rio_de_janeiro,Rio de Janeiro,Brazil,country_loco,10,ntl,0.8082647323608398,0.0342293648572243,0.7783257603645325,0.0299389719963073
rio_de_janeiro,Rio de Janeiro,Brazil,country_loco,10,pm25,0.8565155386924743,0.0153420533385557,0.8176258087158204,0.0388897299766539
rio_de_janeiro,Rio de Janeiro,Brazil,country_loco,10,lst,0.927734398841858,0.0143608795656901,0.9158910751342774,0.0118433237075806
rio_de_janeiro,Rio de Janeiro,Brazil,country_loco,20,gdp,0.7163361072540283,0.089787470180936,0.6296295523643494,0.0867065548896789
rio_de_janeiro,Rio de Janeiro,Brazil,country_loco,20,pop,0.8838513255119324,0.0031467498049392,0.8807548522949219,0.0030964732170104
rio_de_janeiro,Rio de Janeiro,Brazil,country_loco,20,ntl,0.8209666967391968,0.0300533451586721,0.7783257603645325,0.0426409363746642
rio_de_janeiro,Rio de Janeiro,Brazil,country_loco,20,pm25,0.8562632322311401,0.0206053868997488,0.8176258087158204,0.0386374235153197
rio_de_janeiro,Rio de Janeiro,Brazil,country_loco,20,lst,0.9276829600334168,0.0144329092057586,0.9158910751342774,0.0117918848991394
rio_de_janeiro,Rio de Janeiro,Brazil,country_loco,40,gdp,0.7126886367797851,0.0839457347521307,0.6296295523643494,0.0830590844154357
rio_de_janeiro,Rio de Janeiro,Brazil,country_loco,40,pop,0.8855107069015503,0.0030442477937344,0.8807548522949219,0.0047558546066284
rio_de_janeiro,Rio de Janeiro,Brazil,country_loco,40,ntl,0.8196422338485718,0.0272839435714493,0.7783257603645325,0.0413164734840393
rio_de_janeiro,Rio de Janeiro,Brazil,country_loco,40,pm25,0.8658218502998352,0.0166678482495498,0.8176258087158204,0.0481960415840148
rio_de_janeiro,Rio de Janeiro,Brazil,country_loco,40,lst,0.9330834031105042,0.0106552861439612,0.9158910751342774,0.0171923279762268
rio_de_janeiro,Rio de Janeiro,Brazil,country_loco,60,gdp,0.696479856967926,0.1087177986108167,0.6296295523643494,0.0668503046035766
rio_de_janeiro,Rio de Janeiro,Brazil,country_loco,60,pop,0.8856537461280822,0.001824534147555,0.8807548522949219,0.0048988938331603
rio_de_janeiro,Rio de Janeiro,Brazil,country_loco,60,ntl,0.8154139399528504,0.0221131466124194,0.7783257603645325,0.0370881795883178
rio_de_janeiro,Rio de Janeiro,Brazil,country_loco,60,pm25,0.8727689385414124,0.0120179052015947,0.8176258087158204,0.055143129825592
rio_de_janeiro,Rio de Janeiro,Brazil,country_loco,60,lst,0.9318801045417786,0.0095674974771866,0.9158910751342774,0.0159890294075012
rio_de_janeiro,Rio de Janeiro,Brazil,country_loco,80,gdp,0.7121627449989318,0.1011013448963206,0.6296295523643494,0.0825331926345824
rio_de_janeiro,Rio de Janeiro,Brazil,country_loco,80,pop,0.8869091153144837,0.002778179520719,0.8807548522949219,0.0061542630195617
rio_de_janeiro,Rio de Janeiro,Brazil,country_loco,80,ntl,0.8175761580467225,0.019548666424805,0.7783257603645325,0.0392503976821899
rio_de_janeiro,Rio de Janeiro,Brazil,country_loco,80,pm25,0.8664968609809875,0.01413849280124,0.8176258087158204,0.0488710522651671
rio_de_janeiro,Rio de Janeiro,Brazil,country_loco,80,lst,0.9335351943969726,0.0089801080684811,0.9158910751342774,0.0176441192626952
rio_de_janeiro,Rio de Janeiro,Brazil,country_loco,100,gdp,0.6903042435646057,0.0874032145626392,0.6296295523643494,0.0606746912002563
rio_de_janeiro,Rio de Janeiro,Brazil,country_loco,100,pop,0.886472475528717,0.0024785057594079,0.8807548522949219,0.005717623233795
rio_de_janeiro,Rio de Janeiro,Brazil,country_loco,100,ntl,0.8155768394470215,0.0255312053382228,0.7783257603645325,0.037251079082489
rio_de_janeiro,Rio de Janeiro,Brazil,country_loco,100,pm25,0.8646094083786011,0.0165259472695619,0.8176258087158204,0.0469835996627807
rio_de_janeiro,Rio de Janeiro,Brazil,country_loco,100,lst,0.9361844182014464,0.0072577170099594,0.9158910751342774,0.020293343067169
chengdu,Chengdu,China,city,1,gdp,0.4922573924064636,0.1019290149315453,0.4788837194442749,0.0133736729621887
chengdu,Chengdu,China,city,1,pop,0.8544357657432556,0.0056438014135894,0.8577033996582031,-0.0032676339149474
chengdu,Chengdu,China,city,1,ntl,0.8442852139472962,0.0121044159707818,0.8213744521141052,0.0229107618331909
chengdu,Chengdu,China,city,1,pm25,0.9101242184638976,0.0059923591055012,0.8718617200851441,0.0382624983787535
chengdu,Chengdu,China,city,1,lst,0.843983793258667,0.006753177063363,0.8299230694770813,0.0140607237815857
chengdu,Chengdu,China,city,2,gdp,0.4988133311271667,0.0949924792441009,0.4788837194442749,0.0199296116828918
chengdu,Chengdu,China,city,2,pop,0.855496859550476,0.0054124203221692,0.8577033996582031,-0.002206540107727
chengdu,Chengdu,China,city,2,ntl,0.8478403687477112,0.0127262884316101,0.8213744521141052,0.0264659166336059
chengdu,Chengdu,China,city,2,pm25,0.9191017389297486,0.0055699333569911,0.8718617200851441,0.0472400188446044
chengdu,Chengdu,China,city,2,lst,0.8464999675750733,0.0076945374449049,0.8299230694770813,0.016576898097992
chengdu,Chengdu,China,city,5,gdp,0.5018867135047913,0.0917017846350449,0.4788837194442749,0.0230029940605164
chengdu,Chengdu,China,city,5,pop,0.856872284412384,0.0058451735393065,0.8577033996582031,-0.000831115245819
chengdu,Chengdu,China,city,5,ntl,0.85348881483078,0.0081490420220512,0.8213744521141052,0.0321143627166747
chengdu,Chengdu,China,city,5,pm25,0.9272337675094604,0.0067623665189705,0.8718617200851441,0.0553720474243163
chengdu,Chengdu,China,city,5,lst,0.8516359210014344,0.0068550296291314,0.8299230694770813,0.021712851524353
chengdu,Chengdu,China,city,10,gdp,0.5095657229423523,0.0861896156726062,0.4788837194442749,0.0306820034980773
chengdu,Chengdu,China,city,10,pop,0.8574660897254944,0.0058821170182493,0.8577033996582031,-0.0002373099327086
chengdu,Chengdu,China,city,10,ntl,0.8546870946884155,0.0112449382122413,0.8213744521141052,0.0333126425743103
chengdu,Chengdu,China,city,10,pm25,0.9349266052246094,0.004934336172959,0.8718617200851441,0.0630648851394652
chengdu,Chengdu,China,city,10,lst,0.8578940153121948,0.0046236580561667,0.8299230694770813,0.0279709458351135
chengdu,Chengdu,China,city,20,gdp,0.506419575214386,0.0833368821173732,0.4788837194442749,0.027535855770111
chengdu,Chengdu,China,city,20,pop,0.8591114759445191,0.0053427638348316,0.8577033996582031,0.001408076286316
chengdu,Chengdu,China,city,20,ntl,0.8567124605178833,0.0113918453820784,0.8213744521141052,0.0353380084037781
chengdu,Chengdu,China,city,20,pm25,0.9362329483032228,0.0052312587330318,0.8718617200851441,0.0643712282180787
chengdu,Chengdu,China,city,20,lst,0.8584864735603333,0.0064172669518503,0.8299230694770813,0.0285634040832519
chengdu,Chengdu,China,city,40,gdp,0.5012240290641785,0.0918832458393123,0.4788837194442749,0.0223403096199036
chengdu,Chengdu,China,city,40,pop,0.8645121932029725,0.0065899418705852,0.8577033996582031,0.0068087935447693
chengdu,Chengdu,China,city,40,ntl,0.8599068999290467,0.0143861972072869,0.8213744521141052,0.0385324478149414
chengdu,Chengdu,China,city,40,pm25,0.9532952785491944,0.0054843523545224,0.8718617200851441,0.0814335584640503
chengdu,Chengdu,China,city,40,lst,0.8605715155601501,0.0080781151837647,0.8299230694770813,0.0306484460830688
chengdu,Chengdu,China,city,60,gdp,0.5079686403274536,0.0955790403553832,0.4788837194442749,0.0290849208831787
chengdu,Chengdu,China,city,60,pop,0.8749074101448059,0.0052085483341897,0.8577033996582031,0.0172040104866028
chengdu,Chengdu,China,city,60,ntl,0.8722570776939392,0.010479749667258,0.8213744521141052,0.050882625579834
chengdu,Chengdu,China,city,60,pm25,0.9868029952049256,0.000772525029392,0.8718617200851441,0.1149412751197815
chengdu,Chengdu,China,city,60,lst,0.8742407083511352,0.0064911048036537,0.8299230694770813,0.0443176388740539
chengdu,Chengdu,China,city,80,gdp,0.5003064155578614,0.0926114674295445,0.4788837194442749,0.0214226961135864
chengdu,Chengdu,China,city,80,pop,0.8759403824806213,0.0056354710987133,0.8577033996582031,0.0182369828224182
chengdu,Chengdu,China,city,80,ntl,0.8746308207511901,0.0119270663375037,0.8213744521141052,0.0532563686370849
chengdu,Chengdu,China,city,80,pm25,0.9894019603729248,0.0006810493178768,0.8718617200851441,0.1175402402877807
chengdu,Chengdu,China,city,80,lst,0.873012924194336,0.0069928367551232,0.8299230694770813,0.0430898547172546
chengdu,Chengdu,China,city,100,gdp,0.5045681953430176,0.0934986380109459,0.4788837194442749,0.0256844758987426
chengdu,Chengdu,China,city,100,pop,0.875085961818695,0.0047910589667501,0.8577033996582031,0.0173825621604919
chengdu,Chengdu,China,city,100,ntl,0.8775299906730651,0.0111735213552097,0.8213744521141052,0.0561555385589599
chengdu,Chengdu,China,city,100,pm25,0.9904900074005129,0.0005335596320127,0.8718617200851441,0.1186282873153687
chengdu,Chengdu,China,city,100,lst,0.8756771206855773,0.0072918228060502,0.8299230694770813,0.045754051208496
chengdu,Chengdu,China,country,1,gdp,0.4923661112785339,0.0887870277666173,0.4788837194442749,0.013482391834259
chengdu,Chengdu,China,country,1,pop,0.8570098400115966,0.0050398745569075,0.8577033996582031,-0.0006935596466064
chengdu,Chengdu,China,country,1,ntl,0.8479223251342773,0.0137297757679001,0.8213744521141052,0.0265478730201721
chengdu,Chengdu,China,country,1,pm25,0.9258167505264282,0.0036591663487738,0.8718617200851441,0.0539550304412841
chengdu,Chengdu,China,country,1,lst,0.849442720413208,0.009724169180999,0.8299230694770813,0.0195196509361267
chengdu,Chengdu,China,country,2,gdp,0.4965293049812317,0.0929025805960007,0.4788837194442749,0.0176455855369568
chengdu,Chengdu,China,country,2,pop,0.8580532908439636,0.0062980402323703,0.8577033996582031,0.0003498911857605
chengdu,Chengdu,China,country,2,ntl,0.8471932411193848,0.0136183143924356,0.8213744521141052,0.0258187890052795
chengdu,Chengdu,China,country,2,pm25,0.9335656881332396,0.0057623042834093,0.8718617200851441,0.0617039680480955
chengdu,Chengdu,China,country,2,lst,0.8535571336746216,0.0107578970113937,0.8299230694770813,0.0236340641975403
chengdu,Chengdu,China,country,5,gdp,0.502062463760376,0.0948976236210576,0.4788837194442749,0.0231787443161011
chengdu,Chengdu,China,country,5,pop,0.8608620524406433,0.0055223360688151,0.8577033996582031,0.0031586527824402
chengdu,Chengdu,China,country,5,ntl,0.8532717227935791,0.0119905029417163,0.8213744521141052,0.0318972706794739
chengdu,Chengdu,China,country,5,pm25,0.9392360329627992,0.0057055268580017,0.8718617200851441,0.0673743128776551
chengdu,Chengdu,China,country,5,lst,0.8599457263946533,0.0049777080501259,0.8299230694770813,0.030022656917572
chengdu,Chengdu,China,country,10,gdp,0.5007530093193054,0.0994352292058109,0.4788837194442749,0.0218692898750305
chengdu,Chengdu,China,country,10,pop,0.8617234587669372,0.0060292570893533,0.8577033996582031,0.0040200591087341
chengdu,Chengdu,China,country,10,ntl,0.8598780751228332,0.012040118847093,0.8213744521141052,0.038503623008728
chengdu,Chengdu,China,country,10,pm25,0.9422194361686708,0.0033030623705142,0.8718617200851441,0.0703577160835267
chengdu,Chengdu,China,country,10,lst,0.8600976347923279,0.0084853529477596,0.8299230694770813,0.0301745653152466
chengdu,Chengdu,China,country,20,gdp,0.4936465501785278,0.0974348431282681,0.4788837194442749,0.0147628307342529
chengdu,Chengdu,China,country,20,pop,0.8621248483657837,0.0055304811313095,0.8577033996582031,0.0044214487075806
chengdu,Chengdu,China,country,20,ntl,0.858646810054779,0.011901848577334,0.8213744521141052,0.0372723579406738
chengdu,Chengdu,China,country,20,pm25,0.9500805020332336,0.0039978528909352,0.8718617200851441,0.0782187819480895
chengdu,Chengdu,China,country,20,lst,0.8636301398277283,0.0074945213365848,0.8299230694770813,0.033707070350647
chengdu,Chengdu,China,country,40,gdp,0.509216570854187,0.0880655852998402,0.4788837194442749,0.0303328514099121
chengdu,Chengdu,China,country,40,pop,0.8635472178459167,0.0051838774797787,0.8577033996582031,0.0058438181877136
chengdu,Chengdu,China,country,40,ntl,0.861646580696106,0.0134455594059769,0.8213744521141052,0.0402721285820008
chengdu,Chengdu,China,country,40,pm25,0.9506439566612244,0.0028906446528295,0.8718617200851441,0.0787822365760803
chengdu,Chengdu,China,country,40,lst,0.863360607624054,0.0059019433328768,0.8299230694770813,0.0334375381469727
chengdu,Chengdu,China,country,60,gdp,0.507498586177826,0.0964388104460391,0.4788837194442749,0.028614866733551
chengdu,Chengdu,China,country,60,pop,0.86161128282547,0.0050417835406907,0.8577033996582031,0.0039078831672668
chengdu,Chengdu,China,country,60,ntl,0.8610896587371826,0.013833780261245,0.8213744521141052,0.0397152066230773
chengdu,Chengdu,China,country,60,pm25,0.9527936220169068,0.0036172598422604,0.8718617200851441,0.0809319019317627
chengdu,Chengdu,China,country,60,lst,0.86515371799469,0.0047471433419097,0.8299230694770813,0.0352306485176087
chengdu,Chengdu,China,country,80,gdp,0.5096965432167053,0.0972981759544873,0.4788837194442749,0.0308128237724304
chengdu,Chengdu,China,country,80,pop,0.8619495749473571,0.0057261640830092,0.8577033996582031,0.004246175289154
chengdu,Chengdu,China,country,80,ntl,0.8597240090370178,0.0139774840739885,0.8213744521141052,0.0383495569229126
chengdu,Chengdu,China,country,80,pm25,0.9546923398971556,0.0017225009463735,0.8718617200851441,0.0828306198120115
chengdu,Chengdu,China,country,80,lst,0.8652128934860229,0.0056052369375685,0.8299230694770813,0.0352898240089416
chengdu,Chengdu,China,country,100,gdp,0.5075744390487671,0.0991604894695258,0.4788837194442749,0.0286907196044922
chengdu,Chengdu,China,country,100,pop,0.8628985643386841,0.0054736690070947,0.8577033996582031,0.0051951646804809
chengdu,Chengdu,China,country,100,ntl,0.8593887090682983,0.0128142748005207,0.8213744521141052,0.0380142569541931
chengdu,Chengdu,China,country,100,pm25,0.9497570633888244,0.0047413245857107,0.8718617200851441,0.0778953433036803
chengdu,Chengdu,China,country,100,lst,0.8658596515655518,0.0041867789259015,0.8299230694770813,0.0359365820884705
chengdu,Chengdu,China,country_loco,1,gdp,0.491004741191864,0.0894066412514031,0.4788837194442749,0.0121210217475891
chengdu,Chengdu,China,country_loco,1,pop,0.8577539563179016,0.0061332547235056,0.8577033996582031,5.055665969855294e-05
chengdu,Chengdu,China,country_loco,1,ntl,0.8453084468841553,0.0164821111493289,0.8213744521141052,0.02393399477005
chengdu,Chengdu,China,country_loco,1,pm25,0.924116337299347,0.0033956441546375,0.8718617200851441,0.0522546172142028
chengdu,Chengdu,China,country_loco,1,lst,0.8452483057975769,0.0101758064101468,0.8299230694770813,0.0153252363204956
chengdu,Chengdu,China,country_loco,2,gdp,0.4978050827980042,0.0905163573965503,0.4788837194442749,0.0189213633537292
chengdu,Chengdu,China,country_loco,2,pop,0.857161033153534,0.006077923812623,0.8577033996582031,-0.0005423665046691
chengdu,Chengdu,China,country_loco,2,ntl,0.8458069801330567,0.0149275319969869,0.8213744521141052,0.0244325280189514
chengdu,Chengdu,China,country_loco,2,pm25,0.929469358921051,0.0052233565338198,0.8718617200851441,0.0576076388359069
chengdu,Chengdu,China,country_loco,2,lst,0.8502518653869628,0.0102333639935974,0.8299230694770813,0.0203287959098815
chengdu,Chengdu,China,country_loco,5,gdp,0.4940471291542053,0.086745673399451,0.4788837194442749,0.0151634097099304
chengdu,Chengdu,China,country_loco,5,pop,0.8606411576271057,0.0054971012770195,0.8577033996582031,0.0029377579689026
chengdu,Chengdu,China,country_loco,5,ntl,0.8475866794586182,0.0155706371905882,0.8213744521141052,0.026212227344513
chengdu,Chengdu,China,country_loco,5,pm25,0.9349793195724488,0.0038094669043922,0.8718617200851441,0.0631175994873047
chengdu,Chengdu,China,country_loco,5,lst,0.855467700958252,0.0072260613810922,0.8299230694770813,0.0255446314811707
chengdu,Chengdu,China,country_loco,10,gdp,0.4991346597671509,0.09378143036584,0.4788837194442749,0.020250940322876
chengdu,Chengdu,China,country_loco,10,pop,0.8615766763687134,0.0054454567277334,0.8577033996582031,0.0038732767105102
chengdu,Chengdu,China,country_loco,10,ntl,0.8555500864982605,0.011365202203964,0.8213744521141052,0.0341756343841552
chengdu,Chengdu,China,country_loco,10,pm25,0.9446993708610536,0.0028707745016635,0.8718617200851441,0.0728376507759095
chengdu,Chengdu,China,country_loco,10,lst,0.85930016040802,0.0091910847592711,0.8299230694770813,0.0293770909309387
chengdu,Chengdu,China,country_loco,20,gdp,0.5030105352401734,0.0848729048682154,0.4788837194442749,0.0241268157958984
chengdu,Chengdu,China,country_loco,20,pop,0.862049913406372,0.0063812037600204,0.8577033996582031,0.0043465137481689
chengdu,Chengdu,China,country_loco,20,ntl,0.857339370250702,0.0105950342231312,0.8213744521141052,0.0359649181365967
chengdu,Chengdu,China,country_loco,20,pm25,0.9497681856155396,0.0045109562888257,0.8718617200851441,0.0779064655303954
chengdu,Chengdu,China,country_loco,20,lst,0.8619229674339295,0.0087466259300381,0.8299230694770813,0.0319998979568482
chengdu,Chengdu,China,country_loco,40,gdp,0.4940325736999512,0.0937305930398082,0.4788837194442749,0.0151488542556763
chengdu,Chengdu,China,country_loco,40,pop,0.8615270018577575,0.0060274418019517,0.8577033996582031,0.0038236021995544
chengdu,Chengdu,China,country_loco,40,ntl,0.8542467474937439,0.0148536719014135,0.8213744521141052,0.0328722953796386
chengdu,Chengdu,China,country_loco,40,pm25,0.94816951751709,0.0046871778566922,0.8718617200851441,0.0763077974319459
chengdu,Chengdu,China,country_loco,40,lst,0.8633853554725647,0.0046137366393076,0.8299230694770813,0.0334622859954834
chengdu,Chengdu,China,country_loco,60,gdp,0.4992517709732055,0.100345584731225,0.4788837194442749,0.0203680515289306
chengdu,Chengdu,China,country_loco,60,pop,0.8610758185386658,0.0055037399189245,0.8577033996582031,0.0033724188804626
chengdu,Chengdu,China,country_loco,60,ntl,0.8598889708518982,0.0133633488869231,0.8213744521141052,0.0385145187377929
chengdu,Chengdu,China,country_loco,60,pm25,0.9499290704727172,0.0029473875365753,0.8718617200851441,0.0780673503875731
chengdu,Chengdu,China,country_loco,60,lst,0.8621629476547241,0.0068735633051758,0.8299230694770813,0.0322398781776428
chengdu,Chengdu,China,country_loco,80,gdp,0.4867457747459411,0.0893790970719371,0.4788837194442749,0.0078620553016662
chengdu,Chengdu,China,country_loco,80,pop,0.8618541598320008,0.0056343649623364,0.8577033996582031,0.0041507601737976
chengdu,Chengdu,China,country_loco,80,ntl,0.8644892454147339,0.0125577845274824,0.8213744521141052,0.0431147933006287
chengdu,Chengdu,China,country_loco,80,pm25,0.9487112522125244,0.0038200068701922,0.8718617200851441,0.0768495321273803
chengdu,Chengdu,China,country_loco,80,lst,0.8626750111579895,0.0046683011275153,0.8299230694770813,0.0327519416809082
chengdu,Chengdu,China,country_loco,100,gdp,0.5064594745635986,0.0908940352147211,0.4788837194442749,0.0275757551193237
chengdu,Chengdu,China,country_loco,100,pop,0.8611138343811036,0.0057124406908996,0.8577033996582031,0.0034104347229004
chengdu,Chengdu,China,country_loco,100,ntl,0.8575113773345947,0.0112733053768083,0.8213744521141052,0.0361369252204895
chengdu,Chengdu,China,country_loco,100,pm25,0.94362051486969,0.0039460180317077,0.8718617200851441,0.0717587947845459
chengdu,Chengdu,China,country_loco,100,lst,0.8632630109786987,0.0063910859182188,0.8299230694770813,0.0333399415016174
manchester,Manchester,United Kingdom,city,1,gdp,0.8267253518104554,,0.8449504256248475,-0.01822507381439209
manchester,Manchester,United Kingdom,city,1,pop,0.6271618127822876,,0.6390231609344482,-0.011861348152160667
manchester,Manchester,United Kingdom,city,1,ntl,0.7002910852432251,,0.7183585047721863,-0.01806741952896118
manchester,Manchester,United Kingdom,city,1,pm25,0.7111312270164489,,0.7636056184768677,-0.05247439146041877
manchester,Manchester,United Kingdom,city,1,lst,0.655209219455719,,0.6733092188835144,-0.018099999427795388
manchester,Manchester,United Kingdom,city,2,gdp,0.8559056401252747,,0.8449504256248475,0.010955214500427246
manchester,Manchester,United Kingdom,city,2,pop,0.6329679131507874,,0.6390231609344482,-0.006055247783660844
manchester,Manchester,United Kingdom,city,2,ntl,0.7096721649169921,,0.7183585047721863,-0.00868633985519418
manchester,Manchester,United Kingdom,city,2,pm25,0.7526497483253479,,0.7636056184768677,-0.010955870151519775
manchester,Manchester,United Kingdom,city,2,lst,0.6818284630775452,,0.6733092188835144,0.008519244194030828
manchester,Manchester,United Kingdom,city,5,gdp,0.8839678287506103,,0.8449504256248475,0.03901740312576285
manchester,Manchester,United Kingdom,city,5,pop,0.6384387969970703,,0.6390231609344482,-0.0005843639373779297
manchester,Manchester,United Kingdom,city,5,ntl,0.7299333214759827,,0.7183585047721863,0.011574816703796342
manchester,Manchester,United Kingdom,city,5,pm25,0.7837335467338562,,0.7636056184768677,0.020127928256988503
manchester,Manchester,United Kingdom,city,5,lst,0.6993601202964783,,0.6733092188835144,0.026050901412963956
manchester,Manchester,United Kingdom,city,10,gdp,0.8832685828208924,,0.8449504256248475,0.03831815719604492
manchester,Manchester,United Kingdom,city,10,pop,0.6376547455787659,,0.6390231609344482,-0.0013684153556823286
manchester,Manchester,United Kingdom,city,10,ntl,0.7260948777198791,,0.7183585047721863,0.0077363729476928045
manchester,Manchester,United Kingdom,city,10,pm25,0.8218960285186767,,0.7636056184768677,0.058290410041809015
manchester,Manchester,United Kingdom,city,10,lst,0.7045971512794494,,0.6733092188835144,0.03128793239593508
manchester,Manchester,United Kingdom,city,20,gdp,0.8884065508842468,,0.8449504256248475,0.04345612525939935
manchester,Manchester,United Kingdom,city,20,pop,0.6388929009437561,,0.6390231609344482,-0.00013025999069216088
manchester,Manchester,United Kingdom,city,20,ntl,0.730561089515686,,0.7183585047721863,0.012202584743499667
manchester,Manchester,United Kingdom,city,20,pm25,0.8246081590652465,,0.7636056184768677,0.06100254058837884
manchester,Manchester,United Kingdom,city,20,lst,0.702817952632904,,0.6733092188835144,0.02950873374938967
manchester,Manchester,United Kingdom,city,40,gdp,0.8902775168418884,,0.8449504256248475,0.04532709121704093
manchester,Manchester,United Kingdom,city,40,pop,0.640378987789154,,0.6390231609344482,0.0013558268547058105
manchester,Manchester,United Kingdom,city,40,ntl,0.7347999215126038,,0.7183585047721863,0.016441416740417436
manchester,Manchester,United Kingdom,city,40,pm25,0.8849159717559815,,0.7636056184768677,0.12131035327911377
manchester,Manchester,United Kingdom,city,40,lst,0.7199611186981201,,0.6733092188835144,0.04665189981460571
manchester,Manchester,United Kingdom,city,60,gdp,0.8914077281951904,,0.8449504256248475,0.04645730257034297
manchester,Manchester,United Kingdom,city,60,pop,0.6442195892333984,,0.6390231609344482,0.005196428298950173
manchester,Manchester,United Kingdom,city,60,ntl,0.7471004843711853,,0.7183585047721863,0.028741979598998935
manchester,Manchester,United Kingdom,city,60,pm25,0.927510356903076,,0.7636056184768677,0.16390473842620834
manchester,Manchester,United Kingdom,city,60,lst,0.7321969509124756,,0.6733092188835144,0.05888773202896125
manchester,Manchester,United Kingdom,city,80,gdp,0.8946326613426209,,0.8449504256248475,0.049682235717773415
manchester,Manchester,United Kingdom,city,80,pop,0.6444358110427857,,0.6390231609344482,0.005412650108337469
manchester,Manchester,United Kingdom,city,80,ntl,0.7400370478630066,,0.7183585047721863,0.02167854309082029
manchester,Manchester,United Kingdom,city,80,pm25,0.9309526324272156,,0.7636056184768677,0.1673470139503479
manchester,Manchester,United Kingdom,city,80,lst,0.7443303227424621,,0.6733092188835144,0.07102110385894778
manchester,Manchester,United Kingdom,city,100,gdp,0.8965986490249633,,0.8449504256248475,0.05164822340011588
manchester,Manchester,United Kingdom,city,100,pop,0.6441116213798523,,0.6390231609344482,0.005088460445404119
manchester,Manchester,United Kingdom,city,100,ntl,0.7468252897262573,,0.7183585047721863,0.028466784954070956
manchester,Manchester,United Kingdom,city,100,pm25,0.9385063171386718,,0.7636056184768677,0.17490069866180413
manchester,Manchester,United Kingdom,city,100,lst,0.7457095384597778,,0.6733092188835144,0.07240031957626347
manchester,Manchester,United Kingdom,country,1,gdp,0.8782230973243713,,0.8449504256248475,0.03327267169952386
manchester,Manchester,United Kingdom,country,1,pop,0.6389212727546691,,0.6390231609344482,-0.00010188817977907494
manchester,Manchester,United Kingdom,country,1,ntl,0.725524115562439,,0.7183585047721863,0.0071656107902526855
manchester,Manchester,United Kingdom,country,1,pm25,0.8247712135314942,,0.7636056184768677,0.06116559505462649
manchester,Manchester,United Kingdom,country,1,lst,0.6974185705184937,,0.6733092188835144,0.024109351634979292
manchester,Manchester,United Kingdom,country,2,gdp,0.8764025926589966,,0.8449504256248475,0.0314521670341491
manchester,Manchester,United Kingdom,country,2,pop,0.6407787561416626,,0.6390231609344482,0.0017555952072143555
manchester,Manchester,United Kingdom,country,2,ntl,0.7345821738243103,,0.7183585047721863,0.016223669052124023
manchester,Manchester,United Kingdom,country,2,pm25,0.8393759846687316,,0.7636056184768677,0.07577036619186395
manchester,Manchester,United Kingdom,country,2,lst,0.7043288707733154,,0.6733092188835144,0.031019651889801048
manchester,Manchester,United Kingdom,country,5,gdp,0.889452052116394,,0.8449504256248475,0.04450162649154654
manchester,Manchester,United Kingdom,country,5,pop,0.6443570017814636,,0.6390231609344482,0.005333840847015381
manchester,Manchester,United Kingdom,country,5,ntl,0.7398571252822876,,0.7183585047721863,0.02149862051010132
manchester,Manchester,United Kingdom,country,5,pm25,0.881523072719574,,0.7636056184768677,0.11791745424270628
manchester,Manchester,United Kingdom,country,5,lst,0.714821457862854,,0.6733092188835144,0.041512238979339644
manchester,Manchester,United Kingdom,country,10,gdp,0.8875757694244385,,0.8449504256248475,0.04262534379959104
manchester,Manchester,United Kingdom,country,10,pop,0.6435783863067627,,0.6390231609344482,0.004555225372314453
manchester,Manchester,United Kingdom,country,10,ntl,0.7558961868286133,,0.7183585047721863,0.037537682056426935
manchester,Manchester,United Kingdom,country,10,pm25,0.9047293186187744,,0.7636056184768677,0.14112370014190667
manchester,Manchester,United Kingdom,country,10,lst,0.7213961601257324,,0.6733092188835144,0.04808694124221802
manchester,Manchester,United Kingdom,country,20,gdp,0.8937314748764038,,0.8449504256248475,0.04878104925155635
manchester,Manchester,United Kingdom,country,20,pop,0.6486127138137817,,0.6390231609344482,0.009589552879333496
manchester,Manchester,United Kingdom,country,20,ntl,0.7506561517715454,,0.7183585047721863,0.03229764699935911
manchester,Manchester,United Kingdom,country,20,pm25,0.9250126361846924,,0.7636056184768677,0.16140701770782473
manchester,Manchester,United Kingdom,country,20,lst,0.734383738040924,,0.6733092188835144,0.06107451915740969
manchester,Manchester,United Kingdom,country,40,gdp,0.8903381586074829,,0.8449504256248475,0.04538773298263543
manchester,Manchester,United Kingdom,country,40,pop,0.6493871688842774,,0.6390231609344482,0.010364007949829168
manchester,Manchester,United Kingdom,country,40,ntl,0.7599624156951904,,0.7183585047721863,0.041603910923004084
manchester,Manchester,United Kingdom,country,40,pm25,0.9270049810409546,,0.7636056184768677,0.16339936256408694
manchester,Manchester,United Kingdom,country,40,lst,0.7413870930671692,,0.6733092188835144,0.06807787418365485
manchester,Manchester,United Kingdom,country,60,gdp,0.8929139733314514,,0.8449504256248475,0.04796354770660394
manchester,Manchester,United Kingdom,country,60,pop,0.6469491600990296,,0.6390231609344482,0.007925999164581365
manchester,Manchester,United Kingdom,country,60,ntl,0.7618885993957519,,0.7183585047721863,0.04353009462356561
manchester,Manchester,United Kingdom,country,60,pm25,0.9322389960289,,0.7636056184768677,0.16863337755203234
manchester,Manchester,United Kingdom,country,60,lst,0.7426874995231628,,0.6733092188835144,0.06937828063964846
manchester,Manchester,United Kingdom,country,80,gdp,0.8974787712097168,,0.8449504256248475,0.052528345584869296
manchester,Manchester,United Kingdom,country,80,pop,0.650004768371582,,0.6390231609344482,0.010981607437133833
manchester,Manchester,United Kingdom,country,80,ntl,0.7518007636070252,,0.7183585047721863,0.03344225883483887
manchester,Manchester,United Kingdom,country,80,pm25,0.929608416557312,,0.7636056184768677,0.16600279808044427
manchester,Manchester,United Kingdom,country,80,lst,0.7391763806343079,,0.6733092188835144,0.06586716175079355
manchester,Manchester,United Kingdom,country,100,gdp,0.8963234424591064,,0.8449504256248475,0.05137301683425899
manchester,Manchester,United Kingdom,country,100,pop,0.6481467723846436,,0.6390231609344482,0.009123611450195357
manchester,Manchester,United Kingdom,country,100,ntl,0.757837998867035,,0.7183585047721863,0.03947949409484863
manchester,Manchester,United Kingdom,country,100,pm25,0.9257354736328124,,0.7636056184768677,0.1621298551559447
manchester,Manchester,United Kingdom,country,100,lst,0.7409891247749328,,0.6733092188835144,0.06767990589141848
manchester,Manchester,United Kingdom,country_loco,1,gdp,0.8742019653320312,,0.8449504256248475,0.02925153970718375
manchester,Manchester,United Kingdom,country_loco,1,pop,0.6417267441749572,,0.6390231609344482,0.002703583240509011
manchester,Manchester,United Kingdom,country_loco,1,ntl,0.729328453540802,,0.7183585047721863,0.010969948768615678
manchester,Manchester,United Kingdom,country_loco,1,pm25,0.8127605795860291,,0.7636056184768677,0.0491549611091614
manchester,Manchester,United Kingdom,country_loco,1,lst,0.699484670162201,,0.6733092188835144,0.02617545127868659
manchester,Manchester,United Kingdom,country_loco,2,gdp,0.880475914478302,,0.8449504256248475,0.03552548885345452
manchester,Manchester,United Kingdom,country_loco,2,pop,0.6408090114593505,,0.6390231609344482,0.0017858505249023215
manchester,Manchester,United Kingdom,country_loco,2,ntl,0.7263823509216308,,0.7183585047721863,0.008023846149444513
manchester,Manchester,United Kingdom,country_loco,2,pm25,0.8323227643966675,,0.7636056184768677,0.06871714591979983
manchester,Manchester,United Kingdom,country_loco,2,lst,0.7040817499160766,,0.6733092188835144,0.030772531032562278
manchester,Manchester,United Kingdom,country_loco,5,gdp,0.8854953527450562,,0.8449504256248475,0.04054492712020874
manchester,Manchester,United Kingdom,country_loco,5,pop,0.6447861909866333,,0.6390231609344482,0.005763030052185036
manchester,Manchester,United Kingdom,country_loco,5,ntl,0.7440093517303467,,0.7183585047721863,0.025650846958160334
manchester,Manchester,United Kingdom,country_loco,5,pm25,0.8922472119331359,,0.7636056184768677,0.12864159345626824
manchester,Manchester,United Kingdom,country_loco,5,lst,0.7213102102279663,,0.6733092188835144,0.048000991344451904
manchester,Manchester,United Kingdom,country_loco,10,gdp,0.888363265991211,,0.8449504256248475,0.0434128403663635
manchester,Manchester,United Kingdom,country_loco,10,pop,0.6454754829406738,,0.6390231609344482,0.006452322006225586
manchester,Manchester,United Kingdom,country_loco,10,ntl,0.7518285751342774,,0.7183585047721863,0.03347007036209104
manchester,Manchester,United Kingdom,country_loco,10,pm25,0.9126282095909118,,0.7636056184768677,0.14902259111404415
manchester,Manchester,United Kingdom,country_loco,10,lst,0.7242798328399658,,0.6733092188835144,0.050970613956451416
manchester,Manchester,United Kingdom,country_loco,20,gdp,0.8884791135787964,,0.8449504256248475,0.04352868795394893
manchester,Manchester,United Kingdom,country_loco,20,pop,0.6474432349205017,,0.6390231609344482,0.008420073986053489
manchester,Manchester,United Kingdom,country_loco,20,ntl,0.7509339451789856,,0.7183585047721863,0.03257544040679927
manchester,Manchester,United Kingdom,country_loco,20,pm25,0.9200176000595092,,0.7636056184768677,0.15641198158264147
manchester,Manchester,United Kingdom,country_loco,20,lst,0.7292246460914612,,0.6733092188835144,0.055915427207946844
manchester,Manchester,United Kingdom,country_loco,40,gdp,0.8904173374176025,,0.8449504256248475,0.04546691179275508
manchester,Manchester,United Kingdom,country_loco,40,pop,0.6471574902534485,,0.6390231609344482,0.008134329319000266
manchester,Manchester,United Kingdom,country_loco,40,ntl,0.7562503933906555,,0.7183585047721863,0.03789188861846915
manchester,Manchester,United Kingdom,country_loco,40,pm25,0.9211357712745668,,0.7636056184768677,0.1575301527976991
manchester,Manchester,United Kingdom,country_loco,40,lst,0.7338759779930115,,0.6733092188835144,0.06056675910949716
manchester,Manchester,United Kingdom,country_loco,60,gdp,0.894826328754425,,0.8449504256248475,0.04987590312957757
manchester,Manchester,United Kingdom,country_loco,60,pop,0.6498300075531006,,0.6390231609344482,0.010806846618652388
manchester,Manchester,United Kingdom,country_loco,60,ntl,0.7570893287658691,,0.7183585047721863,0.03873082399368277
manchester,Manchester,United Kingdom,country_loco,60,pm25,0.9214327454566956,,0.7636056184768677,0.15782712697982793
manchester,Manchester,United Kingdom,country_loco,60,lst,0.7320683240890503,,0.6733092188835144,0.058759105205535955
manchester,Manchester,United Kingdom,country_loco,80,gdp,0.8947431802749634,,0.8449504256248475,0.0497927546501159
manchester,Manchester,United Kingdom,country_loco,80,pop,0.6498534321784973,,0.6390231609344482,0.010830271244049117
manchester,Manchester,United Kingdom,country_loco,80,ntl,0.7549875736236572,,0.7183585047721863,0.03662906885147088
manchester,Manchester,United Kingdom,country_loco,80,pm25,0.925638747215271,,0.7636056184768677,0.16203312873840325
manchester,Manchester,United Kingdom,country_loco,80,lst,0.7355703949928284,,0.6733092188835144,0.06226117610931403
manchester,Manchester,United Kingdom,country_loco,100,gdp,0.8956851720809936,,0.8449504256248475,0.050734746456146174
manchester,Manchester,United Kingdom,country_loco,100,pop,0.6503013134002685,,0.6390231609344482,0.011278152465820312
manchester,Manchester,United Kingdom,country_loco,100,ntl,0.7573644042015075,,0.7183585047721863,0.0390058994293212
manchester,Manchester,United Kingdom,country_loco,100,pm25,0.9189974784851074,,0.7636056184768677,0.15539186000823968
manchester,Manchester,United Kingdom,country_loco,100,lst,0.7369101524353028,,0.6733092188835144,0.06360093355178842
nairobi,Nairobi,Kenya,city,1,gdp,0.5600271821022034,,0.5730507969856262,-0.013023614883422852
nairobi,Nairobi,Kenya,city,1,pop,0.8421710371971131,,0.863427746295929,-0.02125670909881594
nairobi,Nairobi,Kenya,city,1,ntl,0.8884695291519165,,0.8931140542030335,-0.00464452505111701
nairobi,Nairobi,Kenya,city,1,pm25,0.8476292848587036,,0.8891164302825928,-0.041487145423889205
nairobi,Nairobi,Kenya,city,1,lst,0.9561285138130188,,0.966173541545868,-0.01004502773284921
nairobi,Nairobi,Kenya,city,2,gdp,0.5574721455574035,,0.5730507969856262,-0.015578651428222678
nairobi,Nairobi,Kenya,city,2,pop,0.8414817094802857,,0.863427746295929,-0.021946036815643333
nairobi,Nairobi,Kenya,city,2,ntl,0.885235333442688,,0.8931140542030335,-0.007878720760345459
nairobi,Nairobi,Kenya,city,2,pm25,0.8477680206298828,,0.8891164302825928,-0.04134840965271003
nairobi,Nairobi,Kenya,city,2,lst,0.9562305569648742,,0.966173541545868,-0.009942984580993741
nairobi,Nairobi,Kenya,city,5,gdp,0.5885337471961976,,0.5730507969856262,0.015482950210571333
nairobi,Nairobi,Kenya,city,5,pop,0.8593943119049072,,0.863427746295929,-0.004033434391021773
nairobi,Nairobi,Kenya,city,5,ntl,0.9037801265716552,,0.8931140542030335,0.010666072368621715
nairobi,Nairobi,Kenya,city,5,pm25,0.8857934355735779,,0.8891164302825928,-0.0033229947090148704
nairobi,Nairobi,Kenya,city,5,lst,0.9639610171318054,,0.966173541545868,-0.002212524414062611
nairobi,Nairobi,Kenya,city,10,gdp,0.5863755583763123,,0.5730507969856262,0.013324761390686057
nairobi,Nairobi,Kenya,city,10,pop,0.8673459172248841,,0.863427746295929,0.003918170928955078
nairobi,Nairobi,Kenya,city,10,ntl,0.9035212755203248,,0.8931140542030335,0.010407221317291326
nairobi,Nairobi,Kenya,city,10,pm25,0.8997389197349548,,0.8891164302825928,0.010622489452361994
nairobi,Nairobi,Kenya,city,10,lst,0.966547179222107,,0.966173541545868,0.00037363767623899147
nairobi,Nairobi,Kenya,city,20,gdp,0.5843791127204895,,0.5730507969856262,0.011328315734863259
nairobi,Nairobi,Kenya,city,20,pop,0.8690717697143555,,0.863427746295929,0.005644023418426514
nairobi,Nairobi,Kenya,city,20,ntl,0.9108632206916808,,0.8931140542030335,0.017749166488647328
nairobi,Nairobi,Kenya,city,20,pm25,0.9076527237892152,,0.8891164302825928,0.018536293506622448
nairobi,Nairobi,Kenya,city,20,lst,0.9682416439056396,,0.966173541545868,0.0020681023597716175
nairobi,Nairobi,Kenya,city,40,gdp,0.5864105582237243,,0.5730507969856262,0.013359761238098122
nairobi,Nairobi,Kenya,city,40,pop,0.8682854652404786,,0.863427746295929,0.0048577189445495605
nairobi,Nairobi,Kenya,city,40,ntl,0.9104694247245788,,0.8931140542030335,0.017355370521545344
nairobi,Nairobi,Kenya,city,40,pm25,0.9144195556640624,,0.8891164302825928,0.025303125381469616
nairobi,Nairobi,Kenya,city,40,lst,0.9691163897514344,,0.966173541545868,0.0029428482055664507
nairobi,Nairobi,Kenya,city,60,gdp,0.5726332783699035,,0.5730507969856262,-0.00041751861572270066
nairobi,Nairobi,Kenya,city,60,pop,0.8705966114997864,,0.863427746295929,0.0071688652038574
nairobi,Nairobi,Kenya,city,60,ntl,0.9130458950996398,,0.8931140542030335,0.01993184089660638
nairobi,Nairobi,Kenya,city,60,pm25,0.915729534626007,,0.8891164302825928,0.02661310434341424
nairobi,Nairobi,Kenya,city,60,lst,0.9704435348510744,,0.966173541545868,0.004269993305206388
nairobi,Nairobi,Kenya,city,80,gdp,0.5748135209083557,,0.5730507969856262,0.00176272392272947
nairobi,Nairobi,Kenya,city,80,pop,0.8703530907630921,,0.863427746295929,0.006925344467163086
nairobi,Nairobi,Kenya,city,80,ntl,0.9146949410438536,,0.8931140542030335,0.021580886840820157
nairobi,Nairobi,Kenya,city,80,pm25,0.9191956877708436,,0.8891164302825928,0.0300792574882508
nairobi,Nairobi,Kenya,city,80,lst,0.9707297563552856,,0.966173541545868,0.004556214809417591
nairobi,Nairobi,Kenya,city,100,gdp,0.5699210166931152,,0.5730507969856262,-0.0031297802925109863
nairobi,Nairobi,Kenya,city,100,pop,0.8716969847679138,,0.863427746295929,0.008269238471984797
nairobi,Nairobi,Kenya,city,100,ntl,0.9128144145011902,,0.8931140542030335,0.019700360298156694
nairobi,Nairobi,Kenya,city,100,pm25,0.9224996209144593,,0.8891164302825928,0.033383190631866455
nairobi,Nairobi,Kenya,city,100,lst,0.97038893699646,,0.966173541545868,0.004215395450592019
nairobi,Nairobi,Kenya,country,1,gdp,0.563029658794403,,0.5730507969856262,-0.010021138191223189
nairobi,Nairobi,Kenya,country,1,pop,0.8442667603492737,,0.863427746295929,-0.019160985946655273
nairobi,Nairobi,Kenya,country,1,ntl,0.8825266361236572,,0.8931140542030335,-0.010587418079376243
nairobi,Nairobi,Kenya,country,1,pm25,0.863979697227478,,0.8891164302825928,-0.02513673305511477
nairobi,Nairobi,Kenya,country,1,lst,0.9574467658996582,,0.966173541545868,-0.008726775646209828
nairobi,Nairobi,Kenya,country,2,gdp,0.5859279036521912,,0.5730507969856262,0.012877106666564941
nairobi,Nairobi,Kenya,country,2,pop,0.8586863160133362,,0.863427746295929,-0.0047414302825927734
nairobi,Nairobi,Kenya,country,2,ntl,0.8918251991271973,,0.8931140542030335,-0.0012888550758362038
nairobi,Nairobi,Kenya,country,2,pm25,0.8851380825042725,,0.8891164302825928,-0.00397834777832029
nairobi,Nairobi,Kenya,country,2,lst,0.9632304191589356,,0.966173541545868,-0.0029431223869323953
nairobi,Nairobi,Kenya,country,5,gdp,0.5898607015609741,,0.5730507969856262,0.016809904575347923
nairobi,Nairobi,Kenya,country,5,pop,0.8618664383888245,,0.863427746295929,-0.0015613079071045144
nairobi,Nairobi,Kenya,country,5,ntl,0.8997117638587951,,0.8931140542030335,0.006597709655761674
nairobi,Nairobi,Kenya,country,5,pm25,0.8876948952674866,,0.8891164302825928,-0.0014215350151062234
nairobi,Nairobi,Kenya,country,5,lst,0.9636775016784668,,0.966173541545868,-0.002496039867401212
nairobi,Nairobi,Kenya,country,10,gdp,0.5845114827156067,,0.5730507969856262,0.011460685729980491
nairobi,Nairobi,Kenya,country,10,pop,0.8633838176727295,,0.863427746295929,-4.392862319946289e-05
nairobi,Nairobi,Kenya,country,10,ntl,0.8981367349624634,,0.8931140542030335,0.0050226807594299094
nairobi,Nairobi,Kenya,country,10,pm25,0.8919693112373352,,0.8891164302825928,0.002852880954742454
nairobi,Nairobi,Kenya,country,10,lst,0.965299928188324,,0.966173541545868,-0.0008736133575439897
nairobi,Nairobi,Kenya,country,20,gdp,0.5849717617034912,,0.5730507969856262,0.011920964717864968
nairobi,Nairobi,Kenya,country,20,pop,0.8671603083610535,,0.863427746295929,0.0037325620651245117
nairobi,Nairobi,Kenya,country,20,ntl,0.9100240588188172,,0.8931140542030335,0.016910004615783736
nairobi,Nairobi,Kenya,country,20,pm25,0.901769721508026,,0.8891164302825928,0.012653291225433239
nairobi,Nairobi,Kenya,country,20,lst,0.9671245694160462,,0.966173541545868,0.0009510278701782005
nairobi,Nairobi,Kenya,country,40,gdp,0.5977642774581909,,0.5730507969856262,0.02471348047256472
nairobi,Nairobi,Kenya,country,40,pop,0.866966712474823,,0.863427746295929,0.003538966178894043
nairobi,Nairobi,Kenya,country,40,ntl,0.9107107400894164,,0.8931140542030335,0.017596685886382968
nairobi,Nairobi,Kenya,country,40,pm25,0.9101073503494262,,0.8891164302825928,0.02099092006683345
nairobi,Nairobi,Kenya,country,40,lst,0.9680468559265136,,0.966173541545868,0.001873314380645641
nairobi,Nairobi,Kenya,country,60,gdp,0.5806415677070618,,0.5730507969856262,0.007590770721435547
nairobi,Nairobi,Kenya,country,60,pop,0.8683514952659607,,0.863427746295929,0.004923748970031672
nairobi,Nairobi,Kenya,country,60,ntl,0.9138065218925476,,0.8931140542030335,0.02069246768951416
nairobi,Nairobi,Kenya,country,60,pm25,0.908284831047058,,0.8891164302825928,0.019168400764465243
nairobi,Nairobi,Kenya,country,60,lst,0.96766756772995,,0.966173541545868,0.001494026184082009
nairobi,Nairobi,Kenya,country,80,gdp,0.5869009256362915,,0.5730507969856262,0.013850128650665261
nairobi,Nairobi,Kenya,country,80,pop,0.8700678825378418,,0.863427746295929,0.006640136241912842
nairobi,Nairobi,Kenya,country,80,ntl,0.9133697509765624,,0.8931140542030335,0.020255696773528897
nairobi,Nairobi,Kenya,country,80,pm25,0.91015807390213,,0.8891164302825928,0.021041643619537198
nairobi,Nairobi,Kenya,country,80,lst,0.969055950641632,,0.966173541545868,0.0028824090957639825
nairobi,Nairobi,Kenya,country,100,gdp,0.5831480383872986,,0.5730507969856262,0.010097241401672341
nairobi,Nairobi,Kenya,country,100,pop,0.8688114166259766,,0.863427746295929,0.005383670330047607
nairobi,Nairobi,Kenya,country,100,ntl,0.9142740726470948,,0.8931140542030335,0.021160018444061346
nairobi,Nairobi,Kenya,country,100,pm25,0.9099651455879212,,0.8891164302825928,0.02084871530532839
nairobi,Nairobi,Kenya,country,100,lst,0.9691694855690004,,0.966173541545868,0.002995944023132413
nairobi,Nairobi,Kenya,country_loco,1,gdp,0.5738474249839782,,0.5730507969856262,0.0007966279983520064
nairobi,Nairobi,Kenya,country_loco,1,pop,0.8526939630508423,,0.863427746295929,-0.01073378324508667
nairobi,Nairobi,Kenya,country_loco,1,ntl,0.8911737084388733,,0.8931140542030335,-0.001940345764160134
nairobi,Nairobi,Kenya,country_loco,1,pm25,0.8761692404747009,,0.8891164302825928,-0.01294718980789189
nairobi,Nairobi,Kenya,country_loco,1,lst,0.9606923222541808,,0.966173541545868,-0.0054812192916872116
nairobi,Nairobi,Kenya,country_loco,2,gdp,0.5618628740310669,,0.5730507969856262,-0.011187922954559282
nairobi,Nairobi,Kenya,country_loco,2,pop,0.8505337953567504,,0.863427746295929,-0.012893950939178556
nairobi,Nairobi,Kenya,country_loco,2,ntl,0.8910526275634766,,0.8931140542030335,-0.0020614266395568848
nairobi,Nairobi,Kenya,country_loco,2,pm25,0.8722630023956299,,0.8891164302825928,-0.01685342788696287
nairobi,Nairobi,Kenya,country_loco,2,lst,0.9607994437217712,,0.966173541545868,-0.005374097824096813
nairobi,Nairobi,Kenya,country_loco,5,gdp,0.5695964097976685,,0.5730507969856262,-0.0034543871879577637
nairobi,Nairobi,Kenya,country_loco,5,pop,0.8508751273155213,,0.863427746295929,-0.012552618980407715
nairobi,Nairobi,Kenya,country_loco,5,ntl,0.89080890417099,,0.8931140542030335,-0.002305150032043457
nairobi,Nairobi,Kenya,country_loco,5,pm25,0.8795521497726441,,0.8891164302825928,-0.00956428050994873
nairobi,Nairobi,Kenya,country_loco,5,lst,0.9616538405418396,,0.966173541545868,-0.004519701004028431
nairobi,Nairobi,Kenya,country_loco,10,gdp,0.585512912273407,,0.5730507969856262,0.01246211528778074
nairobi,Nairobi,Kenya,country_loco,10,pop,0.8613173127174377,,0.863427746295929,-0.0021104335784912776
nairobi,Nairobi,Kenya,country_loco,10,ntl,0.8975073099136353,,0.8931140542030335,0.0043932557106017844
nairobi,Nairobi,Kenya,country_loco,10,pm25,0.883448326587677,,0.8891164302825928,-0.0056681036949157715
nairobi,Nairobi,Kenya,country_loco,10,lst,0.963409435749054,,0.966173541545868,-0.002764105796813965
nairobi,Nairobi,Kenya,country_loco,20,gdp,0.5856152653694153,,0.5730507969856262,0.012564468383789107
nairobi,Nairobi,Kenya,country_loco,20,pop,0.8660235643386841,,0.863427746295929,0.0025958180427551047
nairobi,Nairobi,Kenya,country_loco,20,ntl,0.9024081587791444,,0.8931140542030335,0.009294104576110906
nairobi,Nairobi,Kenya,country_loco,20,pm25,0.8867252469062805,,0.8891164302825928,-0.002391183376312278
nairobi,Nairobi,Kenya,country_loco,20,lst,0.9654539704322816,,0.966173541545868,-0.000719571113586337
nairobi,Nairobi,Kenya,country_loco,40,gdp,0.580119526386261,,0.5730507969856262,0.007068729400634743
nairobi,Nairobi,Kenya,country_loco,40,pop,0.8643250703811646,,0.863427746295929,0.0008973240852355735
nairobi,Nairobi,Kenya,country_loco,40,ntl,0.9059565424919128,,0.8931140542030335,0.01284248828887935
nairobi,Nairobi,Kenya,country_loco,40,pm25,0.8952805638313294,,0.8891164302825928,0.006164133548736572
nairobi,Nairobi,Kenya,country_loco,40,lst,0.9663801193237304,,0.966173541545868,0.0002065777778623712
nairobi,Nairobi,Kenya,country_loco,60,gdp,0.5658098816871643,,0.5730507969856262,-0.007240915298461936
nairobi,Nairobi,Kenya,country_loco,60,pop,0.8663674831390381,,0.863427746295929,0.0029397368431091087
nairobi,Nairobi,Kenya,country_loco,60,ntl,0.9053635835647584,,0.8931140542030335,0.012249529361724965
nairobi,Nairobi,Kenya,country_loco,60,pm25,0.8985034346580505,,0.8891164302825928,0.009387004375457697
nairobi,Nairobi,Kenya,country_loco,60,lst,0.9667075276374816,,0.966173541545868,0.0005339860916135919
nairobi,Nairobi,Kenya,country_loco,80,gdp,0.6012452721595765,,0.5730507969856262,0.02819447517395024
nairobi,Nairobi,Kenya,country_loco,80,pop,0.8620554566383362,,0.863427746295929,-0.00137228965759284
nairobi,Nairobi,Kenya,country_loco,80,ntl,0.902575147151947,,0.8931140542030335,0.009461092948913508
nairobi,Nairobi,Kenya,country_loco,80,pm25,0.8980011701583862,,0.8891164302825928,0.008884739875793413
nairobi,Nairobi,Kenya,country_loco,80,lst,0.966365885734558,,0.966173541545868,0.0001923441886899635
nairobi,Nairobi,Kenya,country_loco,100,gdp,0.5988552331924438,,0.5730507969856262,0.025804436206817605
nairobi,Nairobi,Kenya,country_loco,100,pop,0.8633313536643982,,0.863427746295929,-9.639263153082833e-05
nairobi,Nairobi,Kenya,country_loco,100,ntl,0.8973796248435975,,0.8931140542030335,0.004265570640563987
nairobi,Nairobi,Kenya,country_loco,100,pm25,0.901171851158142,,0.8891164302825928,0.012055420875549228
nairobi,Nairobi,Kenya,country_loco,100,lst,0.9664602994918824,,0.966173541545868,0.0002867579460144043
lisbon,Lisbon,Portugal,city,1,gdp,0.708405363559723,,0.7164652705192566,-0.008059906959533625
lisbon,Lisbon,Portugal,city,1,pop,0.7753909587860107,,0.803043806552887,-0.027652847766876265
lisbon,Lisbon,Portugal,city,1,ntl,0.7618163108825684,,0.7678987264633179,-0.006082415580749512
lisbon,Lisbon,Portugal,city,1,pm25,0.4227882862091064,,0.4636227846145629,-0.0408344984054565
lisbon,Lisbon,Portugal,city,1,lst,0.5740148544311523,,0.6537789225578308,-0.07976406812667847
lisbon,Lisbon,Portugal,city,2,gdp,0.7514103293418884,,0.7164652705192566,0.03494505882263188
lisbon,Lisbon,Portugal,city,2,pop,0.7850715160369873,,0.803043806552887,-0.017972290515899658
lisbon,Lisbon,Portugal,city,2,ntl,0.7698213696479798,,0.7678987264633179,0.001922643184661843
lisbon,Lisbon,Portugal,city,2,pm25,0.4847105741500854,,0.4636227846145629,0.021087789535522483
lisbon,Lisbon,Portugal,city,2,lst,0.6448516845703125,,0.6537789225578308,-0.008927237987518266
lisbon,Lisbon,Portugal,city,5,gdp,0.7529134035110474,,0.7164652705192566,0.03644813299179084
lisbon,Lisbon,Portugal,city,5,pop,0.7912057757377624,,0.803043806552887,-0.011838030815124578
lisbon,Lisbon,Portugal,city,5,ntl,0.7819946765899658,,0.7678987264633179,0.014095950126647883
lisbon,Lisbon,Portugal,city,5,pm25,0.5013153314590454,,0.4636227846145629,0.03769254684448248
lisbon,Lisbon,Portugal,city,5,lst,0.6828415989875793,,0.6537789225578308,0.02906267642974858
lisbon,Lisbon,Portugal,city,10,gdp,0.7692461848258972,,0.7164652705192566,0.05278091430664067
lisbon,Lisbon,Portugal,city,10,pop,0.8013279557228088,,0.803043806552887,-0.0017158508300781916
lisbon,Lisbon,Portugal,city,10,ntl,0.7959385633468627,,0.7678987264633179,0.028039836883544833
lisbon,Lisbon,Portugal,city,10,pm25,0.5085030198097229,,0.4636227846145629,0.04488023519515999
lisbon,Lisbon,Portugal,city,10,lst,0.7208065271377564,,0.6537789225578308,0.06702760457992563
lisbon,Lisbon,Portugal,city,20,gdp,0.7732743144035339,,0.7164652705192566,0.05680904388427732
lisbon,Lisbon,Portugal,city,20,pop,0.8014299273490906,,0.803043806552887,-0.001613879203796409
lisbon,Lisbon,Portugal,city,20,ntl,0.7904203057289123,,0.7678987264633179,0.022521579265594394
lisbon,Lisbon,Portugal,city,20,pm25,0.5205597281455994,,0.4636227846145629,0.056936943531036455
lisbon,Lisbon,Portugal,city,20,lst,0.7197918653488159,,0.6537789225578308,0.06601294279098513
lisbon,Lisbon,Portugal,city,40,gdp,0.7790188074111939,,0.7164652705192566,0.06255353689193732
lisbon,Lisbon,Portugal,city,40,pop,0.8034973859786987,,0.803043806552887,0.00045357942581170096
lisbon,Lisbon,Portugal,city,40,ntl,0.804241681098938,,0.7678987264633179,0.036342954635620095
lisbon,Lisbon,Portugal,city,40,pm25,0.538934862613678,,0.4636227846145629,0.07531207799911505
lisbon,Lisbon,Portugal,city,40,lst,0.7178887844085693,,0.6537789225578308,0.06410986185073853
lisbon,Lisbon,Portugal,city,60,gdp,0.7801304340362549,,0.7164652705192566,0.06366516351699836
lisbon,Lisbon,Portugal,city,60,pop,0.801621961593628,,0.803043806552887,-0.001421844959259011
lisbon,Lisbon,Portugal,city,60,ntl,0.7952717423439026,,0.7678987264633179,0.027373015880584717
lisbon,Lisbon,Portugal,city,60,pm25,0.5330942034721374,,0.4636227846145629,0.06947141885757452
lisbon,Lisbon,Portugal,city,60,lst,0.7372793793678284,,0.6537789225578308,0.08350045680999763
lisbon,Lisbon,Portugal,city,80,gdp,0.7805370092391968,,0.7164652705192566,0.06407173871994021
lisbon,Lisbon,Portugal,city,80,pop,0.802690839767456,,0.803043806552887,-0.0003529667854309526
lisbon,Lisbon,Portugal,city,80,ntl,0.8076877593994141,,0.7678987264633179,0.03978903293609615
lisbon,Lisbon,Portugal,city,80,pm25,0.505828607082367,,0.4636227846145629,0.04220582246780408
lisbon,Lisbon,Portugal,city,80,lst,0.7404756665229797,,0.6537789225578308,0.08669674396514893
lisbon,Lisbon,Portugal,city,100,gdp,0.7879449486732483,,0.7164652705192566,0.0714796781539917
lisbon,Lisbon,Portugal,city,100,pop,0.8010344266891479,,0.803043806552887,-0.002009379863739058
lisbon,Lisbon,Portugal,city,100,ntl,0.7987671017646789,,0.7678987264633179,0.030868375301360995
lisbon,Lisbon,Portugal,city,100,pm25,0.5419233918190003,,0.4636227846145629,0.07830060720443738
lisbon,Lisbon,Portugal,city,100,lst,0.7417218089103699,,0.6537789225578308,0.0879428863525391
lisbon,Lisbon,Portugal,country,1,gdp,0.7535404086112976,,0.7164652705192566,0.03707513809204099
lisbon,Lisbon,Portugal,country,1,pop,0.7894173622131347,,0.803043806552887,-0.013626444339752242
lisbon,Lisbon,Portugal,country,1,ntl,0.7812436103820801,,0.7678987264633179,0.013344883918762207
lisbon,Lisbon,Portugal,country,1,pm25,0.4518726825714111,,0.4636227846145629,-0.0117501020431518
lisbon,Lisbon,Portugal,country,1,lst,0.6922889828681946,,0.6537789225578308,0.03851006031036386
lisbon,Lisbon,Portugal,country,2,gdp,0.7552494168281555,,0.7164652705192566,0.038784146308898926
lisbon,Lisbon,Portugal,country,2,pop,0.7963752746582031,,0.803043806552887,-0.00666853189468386
lisbon,Lisbon,Portugal,country,2,ntl,0.7860875606536866,,0.7678987264633179,0.018188834190368652
lisbon,Lisbon,Portugal,country,2,pm25,0.4833875179290771,,0.4636227846145629,0.01976473331451417
lisbon,Lisbon,Portugal,country,2,lst,0.7116636991500854,,0.6537789225578308,0.05788477659225466
lisbon,Lisbon,Portugal,country,5,gdp,0.7641534566879272,,0.7164652705192566,0.047688186168670654
lisbon,Lisbon,Portugal,country,5,pop,0.7990578055381775,,0.803043806552887,-0.003986001014709473
lisbon,Lisbon,Portugal,country,5,ntl,0.7849817633628845,,0.7678987264633179,0.017083036899566584
lisbon,Lisbon,Portugal,country,5,pm25,0.4990550756454467,,0.4636227846145629,0.0354322910308838
lisbon,Lisbon,Portugal,country,5,lst,0.726717746257782,,0.6537789225578308,0.0729388236999512
lisbon,Lisbon,Portugal,country,10,gdp,0.7595907688140869,,0.7164652705192566,0.04312549829483037
lisbon,Lisbon,Portugal,country,10,pop,0.8002315998077393,,0.803043806552887,-0.002812206745147705
lisbon,Lisbon,Portugal,country,10,ntl,0.7852172732353211,,0.7678987264633179,0.017318546772003174
lisbon,Lisbon,Portugal,country,10,pm25,0.519838011264801,,0.4636227846145629,0.05621522665023809
lisbon,Lisbon,Portugal,country,10,lst,0.7332231998443604,,0.6537789225578308,0.07944427728652959
lisbon,Lisbon,Portugal,country,20,gdp,0.7706417798995971,,0.7164652705192566,0.054176509380340576
lisbon,Lisbon,Portugal,country,20,pop,0.7994692325592041,,0.803043806552887,-0.0035745739936828835
lisbon,Lisbon,Portugal,country,20,ntl,0.7812426447868347,,0.7678987264633179,0.013343918323516779
lisbon,Lisbon,Portugal,country,20,pm25,0.5462592601776123,,0.4636227846145629,0.08263647556304937
lisbon,Lisbon,Portugal,country,20,lst,0.7432276487350464,,0.6537789225578308,0.08944872617721566
lisbon,Lisbon,Portugal,country,40,gdp,0.7739636182785035,,0.7164652705192566,0.05749834775924689
lisbon,Lisbon,Portugal,country,40,pop,0.8005649328231812,,0.803043806552887,-0.0024788737297057883
lisbon,Lisbon,Portugal,country,40,ntl,0.783376407623291,,0.7678987264633179,0.015477681159973056
lisbon,Lisbon,Portugal,country,40,pm25,0.5200132250785827,,0.4636227846145629,0.05639044046401981
lisbon,Lisbon,Portugal,country,40,lst,0.7387895107269287,,0.6537789225578308,0.0850105881690979
lisbon,Lisbon,Portugal,country,60,gdp,0.7765784382820129,,0.7164652705192566,0.060113167762756325
lisbon,Lisbon,Portugal,country,60,pop,0.7993646264076233,,0.803043806552887,-0.003679180145263694
lisbon,Lisbon,Portugal,country,60,ntl,0.7894189715385437,,0.7678987264633179,0.021520245075225763
lisbon,Lisbon,Portugal,country,60,pm25,0.5096258282661438,,0.4636227846145629,0.046003043651580866
lisbon,Lisbon,Portugal,country,60,lst,0.7306209564208984,,0.6537789225578308,0.07684203386306765
lisbon,Lisbon,Portugal,country,80,gdp,0.7827377796173096,,0.7164652705192566,0.06627250909805305
lisbon,Lisbon,Portugal,country,80,pop,0.8050107002258301,,0.803043806552887,0.0019668936729431152
lisbon,Lisbon,Portugal,country,80,ntl,0.7810779929161071,,0.7678987264633179,0.013179266452789218
lisbon,Lisbon,Portugal,country,80,pm25,0.5329339861869812,,0.4636227846145629,0.06931120157241827
lisbon,Lisbon,Portugal,country,80,lst,0.73596693277359,,0.6537789225578308,0.08218801021575928
lisbon,Lisbon,Portugal,country,100,gdp,0.7823747515678405,,0.7164652705192566,0.06590948104858396
lisbon,Lisbon,Portugal,country,100,pop,0.8067087888717651,,0.803043806552887,0.0036649823188781294
lisbon,Lisbon,Portugal,country,100,ntl,0.7861450672149658,,0.7678987264633179,0.018246340751647883
lisbon,Lisbon,Portugal,country,100,pm25,0.4988871932029724,,0.4636227846145629,0.03526440858840951
lisbon,Lisbon,Portugal,country,100,lst,0.7285369396209717,,0.6537789225578308,0.07475801706314089
lisbon,Lisbon,Portugal,country_loco,1,gdp,0.7100481390953064,,0.7164652705192566,-0.006417131423950173
lisbon,Lisbon,Portugal,country_loco,1,pop,0.78396577835083,,0.803043806552887,-0.01907802820205695
lisbon,Lisbon,Portugal,country_loco,1,ntl,0.7754882931709289,,0.7678987264633179,0.007589566707611017
lisbon,Lisbon,Portugal,country_loco,1,pm25,0.4874902725219726,,0.4636227846145629,0.023867487907409668
lisbon,Lisbon,Portugal,country_loco,1,lst,0.6890939831733703,,0.6537789225578308,0.03531506061553957
lisbon,Lisbon,Portugal,country_loco,2,gdp,0.7586538076400757,,0.7164652705192566,0.04218853712081916
lisbon,Lisbon,Portugal,country_loco,2,pop,0.7892125964164733,,0.803043806552887,-0.01383121013641364
lisbon,Lisbon,Portugal,country_loco,2,ntl,0.7884178757667542,,0.7678987264633179,0.020519149303436235
lisbon,Lisbon,Portugal,country_loco,2,pm25,0.5135727882385254,,0.4636227846145629,0.04995000362396246
lisbon,Lisbon,Portugal,country_loco,2,lst,0.7032274007797241,,0.6537789225578308,0.049448478221893355
lisbon,Lisbon,Portugal,country_loco,5,gdp,0.7688220739364624,,0.7164652705192566,0.05235680341720583
lisbon,Lisbon,Portugal,country_loco,5,pop,0.7968586683273315,,0.803043806552887,-0.006185138225555442
lisbon,Lisbon,Portugal,country_loco,5,ntl,0.7904579520225525,,0.7678987264633179,0.02255922555923462
lisbon,Lisbon,Portugal,country_loco,5,pm25,0.4863724231719971,,0.4636227846145629,0.02274963855743417
lisbon,Lisbon,Portugal,country_loco,5,lst,0.7152329206466674,,0.6537789225578308,0.06145399808883667
lisbon,Lisbon,Portugal,country_loco,10,gdp,0.771048617362976,,0.7164652705192566,0.05458334684371946
lisbon,Lisbon,Portugal,country_loco,10,pop,0.7925860166549683,,0.803043806552887,-0.010457789897918679
lisbon,Lisbon,Portugal,country_loco,10,ntl,0.7870891213417053,,0.7678987264633179,0.019190394878387362
lisbon,Lisbon,Portugal,country_loco,10,pm25,0.5107647180557251,,0.4636227846145629,0.04714193344116219
lisbon,Lisbon,Portugal,country_loco,10,lst,0.7276729226112366,,0.6537789225578308,0.07389400005340585
lisbon,Lisbon,Portugal,country_loco,20,gdp,0.7610206484794617,,0.7164652705192566,0.044555377960205145
lisbon,Lisbon,Portugal,country_loco,20,pop,0.7948079824447631,,0.803043806552887,-0.008235824108123846
lisbon,Lisbon,Portugal,country_loco,20,ntl,0.7896985530853271,,0.7678987264633179,0.02179982662200919
lisbon,Lisbon,Portugal,country_loco,20,pm25,0.5209496736526489,,0.4636227846145629,0.05732688903808597
lisbon,Lisbon,Portugal,country_loco,20,lst,0.737619161605835,,0.6537789225578308,0.0838402390480042
lisbon,Lisbon,Portugal,country_loco,40,gdp,0.7677769899368286,,0.7164652705192566,0.051311719417572066
lisbon,Lisbon,Portugal,country_loco,40,pop,0.801738691329956,,0.803043806552887,-0.0013051152229309748
lisbon,Lisbon,Portugal,country_loco,40,ntl,0.7953525066375733,,0.7678987264633179,0.02745378017425537
lisbon,Lisbon,Portugal,country_loco,40,pm25,0.5220585703849793,,0.4636227846145629,0.05843578577041636
lisbon,Lisbon,Portugal,country_loco,40,lst,0.7521010518074036,,0.6537789225578308,0.09832212924957284
lisbon,Lisbon,Portugal,country_loco,60,gdp,0.7665482759475708,,0.7164652705192566,0.05008300542831423
lisbon,Lisbon,Portugal,country_loco,60,pop,0.7958975672721863,,0.803043806552887,-0.007146239280700684
lisbon,Lisbon,Portugal,country_loco,60,ntl,0.7837536931037903,,0.7678987264633179,0.015854966640472368
lisbon,Lisbon,Portugal,country_loco,60,pm25,0.5063887357711792,,0.4636227846145629,0.042765951156616244
lisbon,Lisbon,Portugal,country_loco,60,lst,0.7352858901023864,,0.6537789225578308,0.08150696754455566
lisbon,Lisbon,Portugal,country_loco,80,gdp,0.7737863421440124,,0.7164652705192566,0.05732107162475586
lisbon,Lisbon,Portugal,country_loco,80,pop,0.8003273606300354,,0.803043806552887,-0.0027164459228515847
lisbon,Lisbon,Portugal,country_loco,80,ntl,0.7890592217445374,,0.7678987264633179,0.021160495281219438
lisbon,Lisbon,Portugal,country_loco,80,pm25,0.5147307276725769,,0.4636227846145629,0.05110794305801397
lisbon,Lisbon,Portugal,country_loco,80,lst,0.7461408376693726,,0.6537789225578308,0.09236191511154179
lisbon,Lisbon,Portugal,country_loco,100,gdp,0.7673508644104003,,0.7164652705192566,0.05088559389114378
lisbon,Lisbon,Portugal,country_loco,100,pop,0.8049908518791199,,0.803043806552887,0.0019470453262329102
lisbon,Lisbon,Portugal,country_loco,100,ntl,0.7879613280296326,,0.7678987264633179,0.020062601566314675
lisbon,Lisbon,Portugal,country_loco,100,pm25,0.5260685682296753,,0.4636227846145629,0.06244578361511238
lisbon,Lisbon,Portugal,country_loco,100,lst,0.7302732586860656,,0.6537789225578308,0.07649433612823486
luanda,Luanda,Angola,city,1,gdp,0.8359658002853394,,0.8414955377578736,-0.0055297374725341575
luanda,Luanda,Angola,city,1,pop,0.8465121030807495,,0.8801110029220581,-0.033598899841308594
luanda,Luanda,Angola,city,1,ntl,0.80086829662323,,0.812785518169403,-0.011917221546173029
luanda,Luanda,Angola,city,1,pm25,0.739950692653656,,0.8337416887283325,-0.09379099607467656
luanda,Luanda,Angola,city,1,lst,0.6937933564186096,,0.7419010162353515,-0.04810765981674192
luanda,Luanda,Angola,city,2,gdp,0.8282038688659668,,0.8414955377578736,-0.013291668891906805
luanda,Luanda,Angola,city,2,pop,0.842818820476532,,0.8801110029220581,-0.03729218244552612
luanda,Luanda,Angola,city,2,ntl,0.7900256037712097,,0.812785518169403,-0.02275991439819336
luanda,Luanda,Angola,city,2,pm25,0.718510365486145,,0.8337416887283325,-0.11523132324218754
luanda,Luanda,Angola,city,2,lst,0.6984809756278991,,0.7419010162353515,-0.043420040607452415
luanda,Luanda,Angola,city,5,gdp,0.8412455916404724,,0.8414955377578736,-0.00024994611740114525
luanda,Luanda,Angola,city,5,pop,0.857145082950592,,0.8801110029220581,-0.02296591997146613
luanda,Luanda,Angola,city,5,ntl,0.8130199193954468,,0.812785518169403,0.00023440122604379
luanda,Luanda,Angola,city,5,pm25,0.7543471932411194,,0.8337416887283325,-0.07939449548721311
luanda,Luanda,Angola,city,5,lst,0.6657930612564087,,0.7419010162353515,-0.07610795497894285
luanda,Luanda,Angola,city,10,gdp,0.8595542907714844,,0.8414955377578736,0.018058753013610818
luanda,Luanda,Angola,city,10,pop,0.8686071276664734,,0.8801110029220581,-0.011503875255584717
luanda,Luanda,Angola,city,10,ntl,0.8221971869468689,,0.812785518169403,0.009411668777465909
luanda,Luanda,Angola,city,10,pm25,0.7995250463485718,,0.8337416887283325,-0.03421664237976074
luanda,Luanda,Angola,city,10,lst,0.7446578741073608,,0.7419010162353515,0.0027568578720092995
luanda,Luanda,Angola,city,20,gdp,0.8771386265754699,,0.8414955377578736,0.03564308881759637
luanda,Luanda,Angola,city,20,pop,0.8869237542152405,,0.8801110029220581,0.006812751293182373
luanda,Luanda,Angola,city,20,ntl,0.848031222820282,,0.812785518169403,0.03524570465087895
luanda,Luanda,Angola,city,20,pm25,0.8498024463653564,,0.8337416887283325,0.01606075763702386
luanda,Luanda,Angola,city,20,lst,0.7678730607032775,,0.7419010162353515,0.025972044467926003
luanda,Luanda,Angola,city,40,gdp,0.8758580684661865,,0.8414955377578736,0.034362530708312966
luanda,Luanda,Angola,city,40,pop,0.8982836246490479,,0.8801110029220581,0.018172621726989746
luanda,Luanda,Angola,city,40,ntl,0.8508142113685608,,0.812785518169403,0.038028693199157804
luanda,Luanda,Angola,city,40,pm25,0.8673751592636109,,0.8337416887283325,0.03363347053527832
luanda,Luanda,Angola,city,40,lst,0.7704121232032776,,0.7419010162353515,0.028511106967926025
luanda,Luanda,Angola,city,60,gdp,0.8863582611083984,,0.8414955377578736,0.04486272335052488
luanda,Luanda,Angola,city,60,pop,0.8962560057640075,,0.8801110029220581,0.01614500284194942
luanda,Luanda,Angola,city,60,ntl,0.8436211705207824,,0.812785518169403,0.030835652351379417
luanda,Luanda,Angola,city,60,pm25,0.8804674625396729,,0.8337416887283325,0.046725773811340354
luanda,Luanda,Angola,city,60,lst,0.777247941493988,,0.7419010162353515,0.035346925258636475
luanda,Luanda,Angola,city,80,gdp,0.8962652444839477,,0.8414955377578736,0.054769706726074174
luanda,Luanda,Angola,city,80,pop,0.9027465224266052,,0.8801110029220581,0.02263551950454712
luanda,Luanda,Angola,city,80,ntl,0.8514779329299926,,0.812785518169403,0.0386924147605896
luanda,Luanda,Angola,city,80,pm25,0.8929753184318543,,0.8337416887283325,0.05923362970352175
luanda,Luanda,Angola,city,80,lst,0.7955766201019288,,0.7419010162353515,0.053675603866577215
luanda,Luanda,Angola,city,100,gdp,0.8938405752182007,,0.8414955377578736,0.05234503746032715
luanda,Luanda,Angola,city,100,pop,0.9005979180335999,,0.8801110029220581,0.02048691511154177
luanda,Luanda,Angola,city,100,ntl,0.8532156586647034,,0.812785518169403,0.04043014049530036
luanda,Luanda,Angola,city,100,pm25,0.8924804329872131,,0.8337416887283325,0.05873874425888059
luanda,Luanda,Angola,city,100,lst,0.7943516969680786,,0.7419010162353515,0.05245068073272707
luanda,Luanda,Angola,country,1,gdp,0.8353484392166137,,0.8414955377578736,-0.006147098541259832
luanda,Luanda,Angola,country,1,pop,0.8534698486328125,,0.8801110029220581,-0.026641154289245628
luanda,Luanda,Angola,country,1,ntl,0.8104402661323548,,0.812785518169403,-0.0023452520370482732
luanda,Luanda,Angola,country,1,pm25,0.7604392886161804,,0.8337416887283325,-0.07330240011215217
luanda,Luanda,Angola,country,1,lst,0.7100912570953369,,0.7419010162353515,-0.031809759140014604
luanda,Luanda,Angola,country,2,gdp,0.8326335430145264,,0.8414955377578736,-0.008861994743347146
luanda,Luanda,Angola,country,2,pop,0.8494280934333801,,0.8801110029220581,-0.030682909488678023
luanda,Luanda,Angola,country,2,ntl,0.8005835771560669,,0.812785518169403,-0.01220194101333616
luanda,Luanda,Angola,country,2,pm25,0.7550892233848572,,0.8337416887283325,-0.07865246534347536
luanda,Luanda,Angola,country,2,lst,0.7120731115341187,,0.7419010162353515,-0.029827904701232866
luanda,Luanda,Angola,country,5,gdp,0.8511507034301757,,0.8414955377578736,0.00965516567230218
luanda,Luanda,Angola,country,5,pop,0.8726100206375123,,0.8801110029220581,-0.007500982284545876
luanda,Luanda,Angola,country,5,ntl,0.8212033390998841,,0.812785518169403,0.008417820930481046
luanda,Luanda,Angola,country,5,pm25,0.8181669354438782,,0.8337416887283325,-0.015574753284454346
luanda,Luanda,Angola,country,5,lst,0.7528764843940735,,0.7419010162353515,0.010975468158721968
luanda,Luanda,Angola,country,10,gdp,0.8695634126663208,,0.8414955377578736,0.0280678749084472
luanda,Luanda,Angola,country,10,pop,0.8784701466560364,,0.8801110029220581,-0.0016408562660217285
luanda,Luanda,Angola,country,10,ntl,0.8292216420173645,,0.812785518169403,0.016436123847961448
luanda,Luanda,Angola,country,10,pm25,0.839784836769104,,0.8337416887283325,0.00604314804077144
luanda,Luanda,Angola,country,10,lst,0.7526857256889343,,0.7419010162353515,0.010784709453582786
luanda,Luanda,Angola,country,20,gdp,0.8742067217826843,,0.8414955377578736,0.03271118402481077
luanda,Luanda,Angola,country,20,pop,0.8840175032615661,,0.8801110029220581,0.003906500339508012
luanda,Luanda,Angola,country,20,ntl,0.8443651318550109,,0.812785518169403,0.03157961368560791
luanda,Luanda,Angola,country,20,pm25,0.8638417243957519,,0.8337416887283325,0.030100035667419367
luanda,Luanda,Angola,country,20,lst,0.7706410169601441,,0.7419010162353515,0.028740000724792547
luanda,Luanda,Angola,country,40,gdp,0.8740131497383118,,0.8414955377578736,0.03251761198043823
luanda,Luanda,Angola,country,40,pop,0.8872025609016418,,0.8801110029220581,0.007091557979583718
luanda,Luanda,Angola,country,40,ntl,0.8460341215133667,,0.812785518169403,0.03324860334396362
luanda,Luanda,Angola,country,40,pm25,0.8657151103019715,,0.8337416887283325,0.031973421573638916
luanda,Luanda,Angola,country,40,lst,0.766122579574585,,0.7419010162353515,0.02422156333923342
luanda,Luanda,Angola,country,60,gdp,0.8808401823043823,,0.8414955377578736,0.03934464454650877
luanda,Luanda,Angola,country,60,pop,0.8897108912467957,,0.8801110029220581,0.009599888324737571
luanda,Luanda,Angola,country,60,ntl,0.8494953036308288,,0.812785518169403,0.03670978546142578
luanda,Luanda,Angola,country,60,pm25,0.8699700236320496,,0.8337416887283325,0.03622833490371702
luanda,Luanda,Angola,country,60,lst,0.7754258751869202,,0.7419010162353515,0.03352485895156865
luanda,Luanda,Angola,country,80,gdp,0.8852965474128723,,0.8414955377578736,0.04380100965499878
luanda,Luanda,Angola,country,80,pop,0.896301543712616,,0.8801110029220581,0.016190540790557817
luanda,Luanda,Angola,country,80,ntl,0.8467164397239685,,0.812785518169403,0.03393092155456545
luanda,Luanda,Angola,country,80,pm25,0.8745702743530274,,0.8337416887283325,0.040828585624694824
luanda,Luanda,Angola,country,80,lst,0.7919033765792847,,0.7419010162353515,0.05000236034393313
luanda,Luanda,Angola,country,100,gdp,0.8762190103530884,,0.8414955377578736,0.0347234725952148
luanda,Luanda,Angola,country,100,pop,0.8983169317245483,,0.8801110029220581,0.018205928802490168
luanda,Luanda,Angola,country,100,ntl,0.8467544317245483,,0.812785518169403,0.03396891355514531
luanda,Luanda,Angola,country,100,pm25,0.8675338864326477,,0.8337416887283325,0.033792197704315186
luanda,Luanda,Angola,country,100,lst,0.7917263269424438,,0.7419010162353515,0.049825310707092285
luanda,Luanda,Angola,country_loco,1,gdp,0.8410020470619202,,0.8414955377578736,-0.0004934906959533913
luanda,Luanda,Angola,country_loco,1,pop,0.854463517665863,,0.8801110029220581,-0.02564748525619509
luanda,Luanda,Angola,country_loco,1,ntl,0.7970165133476257,,0.812785518169403,-0.015769004821777344
luanda,Luanda,Angola,country_loco,1,pm25,0.7706535339355469,,0.8337416887283325,-0.06308815479278562
luanda,Luanda,Angola,country_loco,1,lst,0.7236458539962769,,0.7419010162353515,-0.01825516223907464
luanda,Luanda,Angola,country_loco,2,gdp,0.837476909160614,,0.8414955377578736,-0.004018628597259544
luanda,Luanda,Angola,country_loco,2,pop,0.8563330292701721,,0.8801110029220581,-0.023777973651886053
luanda,Luanda,Angola,country_loco,2,ntl,0.8093518495559693,,0.812785518169403,-0.003433668613433749
luanda,Luanda,Angola,country_loco,2,pm25,0.8008008480072022,,0.8337416887283325,-0.03294084072113035
luanda,Luanda,Angola,country_loco,2,lst,0.7241920709609986,,0.7419010162353515,-0.01770894527435296
luanda,Luanda,Angola,country_loco,5,gdp,0.8362745761871337,,0.8414955377578736,-0.005220961570739813
luanda,Luanda,Angola,country_loco,5,pop,0.8553420066833496,,0.8801110029220581,-0.02476899623870854
luanda,Luanda,Angola,country_loco,5,ntl,0.802378797531128,,0.812785518169403,-0.01040672063827508
luanda,Luanda,Angola,country_loco,5,pm25,0.801466429233551,,0.8337416887283325,-0.032275259494781494
luanda,Luanda,Angola,country_loco,5,lst,0.726666522026062,,0.7419010162353515,-0.015234494209289573
luanda,Luanda,Angola,country_loco,10,gdp,0.838334834575653,,0.8414955377578736,-0.0031607031822205034
luanda,Luanda,Angola,country_loco,10,pop,0.8537058353424072,,0.8801110029220581,-0.026405167579650946
luanda,Luanda,Angola,country_loco,10,ntl,0.8055286645889282,,0.812785518169403,-0.007256853580474787
luanda,Luanda,Angola,country_loco,10,pm25,0.8005924105644227,,0.8337416887283325,-0.03314927816390989
luanda,Luanda,Angola,country_loco,10,lst,0.7248518109321594,,0.7419010162353515,-0.017049205303192094
luanda,Luanda,Angola,country_loco,20,gdp,0.8510129690170288,,0.8414955377578736,0.009517431259155273
luanda,Luanda,Angola,country_loco,20,pop,0.8647550821304322,,0.8801110029220581,-0.015355920791625954
luanda,Luanda,Angola,country_loco,20,ntl,0.8215432405471802,,0.812785518169403,0.008757722377777166
luanda,Luanda,Angola,country_loco,20,pm25,0.8200872778892517,,0.8337416887283325,-0.01365441083908081
luanda,Luanda,Angola,country_loco,20,lst,0.7367892861366272,,0.7419010162353515,-0.005111730098724343
luanda,Luanda,Angola,country_loco,40,gdp,0.8593934535980224,,0.8414955377578736,0.01789791584014888
luanda,Luanda,Angola,country_loco,40,pop,0.8736254930496216,,0.8801110029220581,-0.006485509872436568
luanda,Luanda,Angola,country_loco,40,ntl,0.8247470259666443,,0.812785518169403,0.011961507797241255
luanda,Luanda,Angola,country_loco,40,pm25,0.8424432754516602,,0.8337416887283325,0.008701586723327659
luanda,Luanda,Angola,country_loco,40,lst,0.7445806980133056,,0.7419010162353515,0.0026796817779540794
luanda,Luanda,Angola,country_loco,60,gdp,0.8594021081924439,,0.8414955377578736,0.017906570434570335
luanda,Luanda,Angola,country_loco,60,pop,0.8721656322479248,,0.8801110029220581,-0.007945370674133367
luanda,Luanda,Angola,country_loco,60,ntl,0.8307850956916809,,0.812785518169403,0.017999577522277876
luanda,Luanda,Angola,country_loco,60,pm25,0.8389511585235596,,0.8337416887283325,0.005209469795227073
luanda,Luanda,Angola,country_loco,60,lst,0.7558668732643128,,0.7419010162353515,0.013965857028961248
luanda,Luanda,Angola,country_loco,80,gdp,0.8592931509017945,,0.8414955377578736,0.01779761314392092
luanda,Luanda,Angola,country_loco,80,pop,0.8754258155822754,,0.8801110029220581,-0.004685187339782737
luanda,Luanda,Angola,country_loco,80,ntl,0.8299451470375061,,0.812785518169403,0.017159628868103072
luanda,Luanda,Angola,country_loco,80,pm25,0.8388003349304199,,0.8337416887283325,0.005058646202087402
luanda,Luanda,Angola,country_loco,80,lst,0.7663854956626892,,0.7419010162353515,0.02448447942733767
luanda,Luanda,Angola,country_loco,100,gdp,0.8615888476371765,,0.8414955377578736,0.020093309879302912
luanda,Luanda,Angola,country_loco,100,pop,0.8798399090766906,,0.8801110029220581,-0.00027109384536749825
luanda,Luanda,Angola,country_loco,100,ntl,0.8407397389411926,,0.812785518169403,0.02795422077178955
luanda,Luanda,Angola,country_loco,100,pm25,0.8528441786766052,,0.8337416887283325,0.019102489948272683
luanda,Luanda,Angola,country_loco,100,lst,0.7761361122131347,,0.7419010162353515,0.03423509597778318
buenos_aires,Buenos Aires,Argentina,city,1,gdp,0.9306495428085328,,0.9271620750427246,0.0034874677658082165
buenos_aires,Buenos Aires,Argentina,city,1,pop,0.8948174238204956,,0.9026326656341552,-0.007815241813659668
buenos_aires,Buenos Aires,Argentina,city,1,ntl,0.6908481359481812,,0.7047477126121521,-0.013899576663970903
buenos_aires,Buenos Aires,Argentina,city,1,pm25,0.809975552558899,,0.8404715895652771,-0.03049603700637815
buenos_aires,Buenos Aires,Argentina,city,1,lst,0.4695255160331725,,0.5342148661613464,-0.0646893501281739
buenos_aires,Buenos Aires,Argentina,city,2,gdp,0.9422409892082214,,0.9271620750427246,0.015078914165496782
buenos_aires,Buenos Aires,Argentina,city,2,pop,0.8992119789123535,,0.9026326656341552,-0.0034206867218017356
buenos_aires,Buenos Aires,Argentina,city,2,ntl,0.7219001173973083,,0.7047477126121521,0.017152404785156228
buenos_aires,Buenos Aires,Argentina,city,2,pm25,0.8532807469367981,,0.8404715895652771,0.012809157371520996
buenos_aires,Buenos Aires,Argentina,city,2,lst,0.546054995059967,,0.5342148661613464,0.011840128898620628
buenos_aires,Buenos Aires,Argentina,city,5,gdp,0.9548864722251892,,0.9271620750427246,0.027724397182464555
buenos_aires,Buenos Aires,Argentina,city,5,pop,0.9045509696006776,,0.9026326656341552,0.0019183039665223722
buenos_aires,Buenos Aires,Argentina,city,5,ntl,0.7420005559921264,,0.7047477126121521,0.037252843379974365
buenos_aires,Buenos Aires,Argentina,city,5,pm25,0.8913933634757996,,0.8404715895652771,0.05092177391052244
buenos_aires,Buenos Aires,Argentina,city,5,lst,0.6013839721679688,,0.5342148661613464,0.0671691060066224
buenos_aires,Buenos Aires,Argentina,city,10,gdp,0.9518348932266236,,0.9271620750427246,0.024672818183898992
buenos_aires,Buenos Aires,Argentina,city,10,pop,0.9057559728622436,,0.9026326656341552,0.003123307228088401
buenos_aires,Buenos Aires,Argentina,city,10,ntl,0.7427743792533874,,0.7047477126121521,0.03802666664123533
buenos_aires,Buenos Aires,Argentina,city,10,pm25,0.895346200466156,,0.8404715895652771,0.05487461090087886
buenos_aires,Buenos Aires,Argentina,city,10,lst,0.60787992477417,,0.5342148661613464,0.07366505861282358
buenos_aires,Buenos Aires,Argentina,city,20,gdp,0.9525707602500916,,0.9271620750427246,0.025408685207366943
buenos_aires,Buenos Aires,Argentina,city,20,pop,0.9071784496307372,,0.9026326656341552,0.004545783996582009
buenos_aires,Buenos Aires,Argentina,city,20,ntl,0.7494736790657044,,0.7047477126121521,0.04472596645355231
buenos_aires,Buenos Aires,Argentina,city,20,pm25,0.9094298362731934,,0.8404715895652771,0.06895824670791628
buenos_aires,Buenos Aires,Argentina,city,20,lst,0.6250714898109436,,0.5342148661613464,0.09085662364959723
buenos_aires,Buenos Aires,Argentina,city,40,gdp,0.9547155141830443,,0.9271620750427246,0.027553439140319713
buenos_aires,Buenos Aires,Argentina,city,40,pop,0.9079585671424866,,0.9026326656341552,0.005325901508331343
buenos_aires,Buenos Aires,Argentina,city,40,ntl,0.7599093317985535,,0.7047477126121521,0.05516161918640139
buenos_aires,Buenos Aires,Argentina,city,40,pm25,0.9088312864303588,,0.8404715895652771,0.0683596968650817
buenos_aires,Buenos Aires,Argentina,city,40,lst,0.6351892471313476,,0.5342148661613464,0.10097438097000122
buenos_aires,Buenos Aires,Argentina,city,60,gdp,0.95945086479187,,0.9271620750427246,0.0322887897491454
buenos_aires,Buenos Aires,Argentina,city,60,pop,0.9085861921310424,,0.9026326656341552,0.005953526496887185
buenos_aires,Buenos Aires,Argentina,city,60,ntl,0.7569750785827637,,0.7047477126121521,0.05222736597061162
buenos_aires,Buenos Aires,Argentina,city,60,pm25,0.915153169631958,,0.8404715895652771,0.07468158006668091
buenos_aires,Buenos Aires,Argentina,city,60,lst,0.6418381571769715,,0.5342148661613464,0.10762329101562507
buenos_aires,Buenos Aires,Argentina,city,80,gdp,0.9575654745101928,,0.9271620750427246,0.030403399467468173
buenos_aires,Buenos Aires,Argentina,city,80,pop,0.908115005493164,,0.9026326656341552,0.005482339859008811
buenos_aires,Buenos Aires,Argentina,city,80,ntl,0.7599895000457764,,0.7047477126121521,0.05524178743362429
buenos_aires,Buenos Aires,Argentina,city,80,pm25,0.9115135550498964,,0.8404715895652771,0.07104196548461927
buenos_aires,Buenos Aires,Argentina,city,80,lst,0.6452362775802613,,0.5342148661613464,0.11102141141891486
buenos_aires,Buenos Aires,Argentina,city,100,gdp,0.9582589268684388,,0.9271620750427246,0.0310968518257142
buenos_aires,Buenos Aires,Argentina,city,100,pop,0.9074942469596864,,0.9026326656341552,0.004861581325531161
buenos_aires,Buenos Aires,Argentina,city,100,ntl,0.760516619682312,,0.7047477126121521,0.05576890707015991
buenos_aires,Buenos Aires,Argentina,city,100,pm25,0.9188907384872436,,0.8404715895652771,0.07841914892196644
buenos_aires,Buenos Aires,Argentina,city,100,lst,0.6482408523559571,,0.5342148661613464,0.11402598619461068
buenos_aires,Buenos Aires,Argentina,country,1,gdp,0.947507345676422,,0.9271620750427246,0.0203452706336974
buenos_aires,Buenos Aires,Argentina,country,1,pop,0.902852201461792,,0.9026326656341552,0.00021953582763678536
buenos_aires,Buenos Aires,Argentina,country,1,ntl,0.7316437125205993,,0.7047477126121521,0.026895999908447266
buenos_aires,Buenos Aires,Argentina,country,1,pm25,0.8734151363372803,,0.8404715895652771,0.032943546772003174
buenos_aires,Buenos Aires,Argentina,country,1,lst,0.5716588854789734,,0.5342148661613464,0.037444019317626975
buenos_aires,Buenos Aires,Argentina,country,2,gdp,0.9506669402122496,,0.9271620750427246,0.02350486516952499
buenos_aires,Buenos Aires,Argentina,country,2,pop,0.9041685938835144,,0.9026326656341552,0.0015359282493592197
buenos_aires,Buenos Aires,Argentina,country,2,ntl,0.7410484671592712,,0.7047477126121521,0.03630075454711912
buenos_aires,Buenos Aires,Argentina,country,2,pm25,0.886444365978241,,0.8404715895652771,0.04597277641296382
buenos_aires,Buenos Aires,Argentina,country,2,lst,0.5877499580383301,,0.5342148661613464,0.05353509187698369
buenos_aires,Buenos Aires,Argentina,country,5,gdp,0.9486210703849792,,0.9271620750427246,0.021458995342254594
buenos_aires,Buenos Aires,Argentina,country,5,pop,0.904526698589325,,0.9026326656341552,0.0018940329551697666
buenos_aires,Buenos Aires,Argentina,country,5,ntl,0.7441329836845398,,0.7047477126121521,0.03938527107238776
buenos_aires,Buenos Aires,Argentina,country,5,pm25,0.8870525121688843,,0.8404715895652771,0.04658092260360713
buenos_aires,Buenos Aires,Argentina,country,5,lst,0.5908238649368286,,0.5342148661613464,0.0566089987754822
buenos_aires,Buenos Aires,Argentina,country,10,gdp,0.9465365052223206,,0.9271620750427246,0.019374430179595947
buenos_aires,Buenos Aires,Argentina,country,10,pop,0.9045264959335328,,0.9026326656341552,0.001893830299377619
buenos_aires,Buenos Aires,Argentina,country,10,ntl,0.7538790345191956,,0.7047477126121521,0.0491313219070435
buenos_aires,Buenos Aires,Argentina,country,10,pm25,0.8963099956512451,,0.8404715895652771,0.05583840608596802
buenos_aires,Buenos Aires,Argentina,country,10,lst,0.603676950931549,,0.5342148661613464,0.06946208477020266
buenos_aires,Buenos Aires,Argentina,country,20,gdp,0.953310763835907,,0.9271620750427246,0.02614868879318233
buenos_aires,Buenos Aires,Argentina,country,20,pop,0.9072652339935304,,0.9026326656341552,0.0046325683593752
buenos_aires,Buenos Aires,Argentina,country,20,ntl,0.7490418553352356,,0.7047477126121521,0.04429414272308352
buenos_aires,Buenos Aires,Argentina,country,20,pm25,0.9017128467559814,,0.8404715895652771,0.06124125719070428
buenos_aires,Buenos Aires,Argentina,country,20,lst,0.6205118417739868,,0.5342148661613464,0.08629697561264038
buenos_aires,Buenos Aires,Argentina,country,40,gdp,0.9546385169029236,,0.9271620750427246,0.02747644186019893
buenos_aires,Buenos Aires,Argentina,country,40,pop,0.9078136444091796,,0.9026326656341552,0.005180978775024325
buenos_aires,Buenos Aires,Argentina,country,40,ntl,0.7577937364578247,,0.7047477126121521,0.053046023845672585
buenos_aires,Buenos Aires,Argentina,country,40,pm25,0.911775815486908,,0.8404715895652771,0.07130422592163088
buenos_aires,Buenos Aires,Argentina,country,40,lst,0.6376390576362609,,0.5342148661613464,0.10342419147491455
buenos_aires,Buenos Aires,Argentina,country,60,gdp,0.9510376691818238,,0.9271620750427246,0.02387559413909912
buenos_aires,Buenos Aires,Argentina,country,60,pop,0.9087612986564636,,0.9026326656341552,0.006128633022308372
buenos_aires,Buenos Aires,Argentina,country,60,ntl,0.7591118335723877,,0.7047477126121521,0.054364120960235573
buenos_aires,Buenos Aires,Argentina,country,60,pm25,0.9128323793411256,,0.8404715895652771,0.07236078977584848
buenos_aires,Buenos Aires,Argentina,country,60,lst,0.6257333993911743,,0.5342148661613464,0.09151853322982795
buenos_aires,Buenos Aires,Argentina,country,80,gdp,0.956915807723999,,0.9271620750427246,0.029753732681274347
buenos_aires,Buenos Aires,Argentina,country,80,pop,0.9097867369651794,,0.9026326656341552,0.007154071331024192
buenos_aires,Buenos Aires,Argentina,country,80,ntl,0.7545757412910461,,0.7047477126121521,0.04982802867889402
buenos_aires,Buenos Aires,Argentina,country,80,pm25,0.9155930876731871,,0.8404715895652771,0.07512149810791002
buenos_aires,Buenos Aires,Argentina,country,80,lst,0.6325371503829956,,0.5342148661613464,0.09832228422164924
buenos_aires,Buenos Aires,Argentina,country,100,gdp,0.953904378414154,,0.9271620750427246,0.026742303371429355
buenos_aires,Buenos Aires,Argentina,country,100,pop,0.9095463037490844,,0.9026326656341552,0.006913638114929177
buenos_aires,Buenos Aires,Argentina,country,100,ntl,0.7483736515045166,,0.7047477126121521,0.043625938892364546
buenos_aires,Buenos Aires,Argentina,country,100,pm25,0.9135570764541626,,0.8404715895652771,0.0730854868888855
buenos_aires,Buenos Aires,Argentina,country,100,lst,0.637401568889618,,0.5342148661613464,0.10318670272827157
buenos_aires,Buenos Aires,Argentina,country_loco,1,gdp,0.9414266705513,,0.9271620750427246,0.014264595508575395
buenos_aires,Buenos Aires,Argentina,country_loco,1,pop,0.898615837097168,,0.9026326656341552,-0.00401682853698726
buenos_aires,Buenos Aires,Argentina,country_loco,1,ntl,0.713228726387024,,0.7047477126121521,0.00848101377487187
buenos_aires,Buenos Aires,Argentina,country_loco,1,pm25,0.8516460657119751,,0.8404715895652771,0.011174476146697976
buenos_aires,Buenos Aires,Argentina,country_loco,1,lst,0.536847734451294,,0.5342148661613464,0.0026328682899475764
buenos_aires,Buenos Aires,Argentina,country_loco,2,gdp,0.9482622385025024,,0.9271620750427246,0.02110016345977772
buenos_aires,Buenos Aires,Argentina,country_loco,2,pop,0.9020306825637816,,0.9026326656341552,-0.000601983070373624
buenos_aires,Buenos Aires,Argentina,country_loco,2,ntl,0.7308803796768188,,0.7047477126121521,0.02613266706466677
buenos_aires,Buenos Aires,Argentina,country_loco,2,pm25,0.8711971759796142,,0.8404715895652771,0.03072558641433709
buenos_aires,Buenos Aires,Argentina,country_loco,2,lst,0.5674639105796814,,0.5342148661613464,0.03324904441833498
buenos_aires,Buenos Aires,Argentina,country_loco,5,gdp,0.9522796154022216,,0.9271620750427246,0.02511754035949698
buenos_aires,Buenos Aires,Argentina,country_loco,5,pop,0.9026150941848756,,0.9026326656341552,-1.757144927960752e-05
buenos_aires,Buenos Aires,Argentina,country_loco,5,ntl,0.7372408747673035,,0.7047477126121521,0.03249316215515141
buenos_aires,Buenos Aires,Argentina,country_loco,5,pm25,0.8838847398757934,,0.8404715895652771,0.04341315031051629
buenos_aires,Buenos Aires,Argentina,country_loco,5,lst,0.5928342819213868,,0.5342148661613464,0.05861941576004037
buenos_aires,Buenos Aires,Argentina,country_loco,10,gdp,0.9475385665893554,,0.9271620750427246,0.020376491546630793
buenos_aires,Buenos Aires,Argentina,country_loco,10,pop,0.9046770930290222,,0.9026326656341552,0.0020444273948669878
buenos_aires,Buenos Aires,Argentina,country_loco,10,ntl,0.7395756125450135,,0.7047477126121521,0.034827899932861395
buenos_aires,Buenos Aires,Argentina,country_loco,10,pm25,0.8859261870384216,,0.8404715895652771,0.04545459747314451
buenos_aires,Buenos Aires,Argentina,country_loco,10,lst,0.5927441835403442,,0.5342148661613464,0.0585293173789978
buenos_aires,Buenos Aires,Argentina,country_loco,20,gdp,0.9530611991882324,,0.9271620750427246,0.025899124145507768
buenos_aires,Buenos Aires,Argentina,country_loco,20,pop,0.9044579148292542,,0.9026326656341552,0.0018252491950989658
buenos_aires,Buenos Aires,Argentina,country_loco,20,ntl,0.7416375160217286,,0.7047477126121521,0.03688980340957648
buenos_aires,Buenos Aires,Argentina,country_loco,20,pm25,0.8928223609924316,,0.8404715895652771,0.0523507714271545
buenos_aires,Buenos Aires,Argentina,country_loco,20,lst,0.6107178926467896,,0.5342148661613464,0.07650302648544316
buenos_aires,Buenos Aires,Argentina,country_loco,40,gdp,0.9433586955070496,,0.9271620750427246,0.016196620464325018
buenos_aires,Buenos Aires,Argentina,country_loco,40,pop,0.9053864121437072,,0.9026326656341552,0.0027537465095519575
buenos_aires,Buenos Aires,Argentina,country_loco,40,ntl,0.7488467216491699,,0.7047477126121521,0.0440990090370178
buenos_aires,Buenos Aires,Argentina,country_loco,40,pm25,0.9002246975898742,,0.8404715895652771,0.0597531080245971
buenos_aires,Buenos Aires,Argentina,country_loco,40,lst,0.6098376631736755,,0.5342148661613464,0.0756227970123291
buenos_aires,Buenos Aires,Argentina,country_loco,60,gdp,0.9491608500480652,,0.9271620750427246,0.021998775005340532
buenos_aires,Buenos Aires,Argentina,country_loco,60,pop,0.9045924305915832,,0.9026326656341552,0.0019597649574280007
buenos_aires,Buenos Aires,Argentina,country_loco,60,ntl,0.7408473253250122,,0.7047477126121521,0.03609961271286011
buenos_aires,Buenos Aires,Argentina,country_loco,60,pm25,0.9001553893089295,,0.8404715895652771,0.059683799743652344
buenos_aires,Buenos Aires,Argentina,country_loco,60,lst,0.6073108911514282,,0.5342148661613464,0.07309602499008183
buenos_aires,Buenos Aires,Argentina,country_loco,80,gdp,0.9459019780158996,,0.9271620750427246,0.01873990297317496
buenos_aires,Buenos Aires,Argentina,country_loco,80,pop,0.9053873181343078,,0.9026326656341552,0.00275465250015261
buenos_aires,Buenos Aires,Argentina,country_loco,80,ntl,0.7393413543701172,,0.7047477126121521,0.03459364175796509
buenos_aires,Buenos Aires,Argentina,country_loco,80,pm25,0.9075391888618468,,0.8404715895652771,0.06706759929656969
buenos_aires,Buenos Aires,Argentina,country_loco,80,lst,0.6198433756828308,,0.5342148661613464,0.08562850952148438
buenos_aires,Buenos Aires,Argentina,country_loco,100,gdp,0.9473932147026062,,0.9271620750427246,0.020231139659881547
buenos_aires,Buenos Aires,Argentina,country_loco,100,pop,0.9053852081298828,,0.9026326656341552,0.002752542495727539
buenos_aires,Buenos Aires,Argentina,country_loco,100,ntl,0.7370642304420472,,0.7047477126121521,0.032316517829895086
buenos_aires,Buenos Aires,Argentina,country_loco,100,pm25,0.9055837750434876,,0.8404715895652771,0.06511218547821052
buenos_aires,Buenos Aires,Argentina,country_loco,100,lst,0.6002329349517822,,0.5342148661613464,0.06601806879043581
